meter_id,date,h1,h2,h3,h4,h5,h6,h7,h8,h9,h10,h11,h12,h13,h14,h15,h16,h17,h18,h19,h20,h21,h22,h23,h24
0072,2005-01-01T00:00:00Z,3072,2911,2784,2768,2832,2904,3064,3192,3425,3640,3512,3408,3247,2993,2839,2768,2800,3200,3576,3568,3312,3240,2904,2624
0072,2005-01-02T00:00:00Z,2408,2328,2311,2328,2400,2552,2856,3272,4008,4207,3752,2952,2984,2920,2808,2648,2856,3424,3704,3784,3704,3448,3184,2801
0072,2005-01-03T00:00:00Z,2575,2528,2496,2608,2825,3376,3760,3672,3432,3440,3136,2760,2640,2609,2496,2424,2647,3368,3824,4000,3824,3520,3008,2503
0072,2005-01-04T00:00:00Z,2177,2016,1951,1913,2080,2624,3328,2896,2600,2480,2287,2177,2152,2120,2128,2168,2376,3072,3600,3655,3569,3223,2736,2249
0072,2005-01-05T00:00:00Z,1912,1768,1697,1720,1880,2472,3208,2888,2592,2383,2160,2120,2112,2008,1968,2160,2376,3113,3679,3600,3528,3329,2832,2392
0072,2005-01-06T00:00:00Z,2104,1976,1920,1952,2167,2736,3432,3096,2712,2672,2616,2448,2360,2311,2264,2384,2784,3415,3737,3720,3736,3456,3016,2624
0072,2005-01-07T00:00:00Z,2336,2296,2336,2448,2712,3408,4248,3943,3504,3329,2983,2736,2736,2688,2705,2743,3113,3688,4064,4024,3784,3776,3552,3160
0072,2005-01-08T00:00:00Z,2849,2695,2640,2600,2728,2984,3144,3432,3848,4152,4072,3944,3624,3280,2992,2873,2904,3360,3775,3833,3856,3800,3751,3521
0072,2005-01-09T00:00:00Z,3264,3199,3240,3336,3480,3641,4015,4568,5192,4903,4032,3329,3144,3000,2856,2776,3024,3648,4328,4543,4601,4416,4087,3713
0072,2005-01-10T00:00:00Z,3520,3568,3584,3728,3943,4680,5256,5000,4416,3704,3136,2840,2616,2383,2216,2272,2585,3319,4064,4184,4080,3943,3384,3000
0072,2005-01-11T00:00:00Z,2816,2824,2840,3024,3368,4039,4824,4400,3912,3592,3264,3065,2839,2480,2336,2464,2704,3473,4111,4313,4344,3991,3593,3120
0072,2005-01-12T00:00:00Z,2824,2776,2801,2856,3024,3655,4352,4000,3432,3152,3016,2936,2624,2503,2393,2344,2592,3344,3976,3936,3912,3656,3127,2537
0072,2005-01-13T00:00:00Z,2184,2088,1999,1961,2088,2568,3240,2952,2464,2344,2240,2168,2080,1992,1976,2064,2287,2945,3511,3600,3473,3240,2719,2240
0072,2005-01-14T00:00:00Z,1920,1752,1672,1664,1776,2272,3008,2920,2736,2784,2969,3160,3160,3080,3208,3377,3583,4056,4697,4752,4768,4784,4600,4384
0072,2005-01-15T00:00:00Z,4265,4200,4272,4399,4505,4879,5112,5369,5599,5688,5304,4944,4529,4032,3880,4008,4448,4951,5424,5360,5320,5249,5023,4673
0072,2005-01-16T00:00:00Z,4488,4447,4416,4409,4552,4752,5032,5417,5944,5720,5071,4313,4087,3776,3432,3320,3559,4328,4864,5009,5143,4976,4944,4744
0072,2005-01-17T00:00:00Z,4664,4840,5048,5368,5784,6377,6720,6751,6624,6360,6096,5760,5376,5168,4840,4832,5304,6216,7192,7296,7376,7072,6768,6456
0072,2005-01-18T00:00:00Z,6416,6544,6632,6824,7152,7927,8609,8304,7720,6968,6472,5856,5440,4944,4601,4495,5016,6128,7184,7447,7505,7488,7183,6920
0072,2005-01-19T00:00:00Z,6872,6984,7080,7312,7496,7903,8153,7512,7312,7008,6744,6544,6281,5976,5752,5392,5648,6328,6737,6576,6487,6272,5640,5176
0072,2005-01-20T00:00:00Z,4904,4800,4680,4664,4768,5360,5992,5648,5776,5312,4807,4496,4280,4024,4032,4128,4392,4984,5624,5744,5671,5489,5040,4711
0072,2005-01-21T00:00:00Z,4409,4336,4400,4432,4632,5192,5416,5352,5424,5360,5664,5536,5688,5664,5640,5592,5928,6272,6727,6521,6391,6065,5719,5472
0072,2005-01-22T00:00:00Z,5160,5120,5080,5105,5184,5359,5568,5928,6432,6752,6968,6952,6912,6736,6656,6576,6640,6680,6808,6617,6192,5839,5681,5248
0072,2005-01-23T00:00:00Z,5368,5513,5856,6312,6631,7136,7312,7568,8112,8256,7944,7664,7183,6569,6160,6080,6480,7231,8057,8287,8168,7968,7672,7224
0072,2005-01-24T00:00:00Z,7176,7217,7488,7687,8144,8992,9360,9264,8840,7256,6127,5472,4880,4608,4584,4672,4920,5376,6080,6136,6089,6016,5568,5016
0072,2005-01-25T00:00:00Z,4864,4793,4840,4856,5032,5704,6449,6088,5392,4952,4376,3559,3224,2920,2657,2760,2992,3656,4776,5064,5224,5184,4808,4296
0072,2005-01-26T00:00:00Z,4152,4096,4136,4200,4312,4928,5551,5072,4456,4104,3569,3360,2839,2568,2480,2440,2760,3392,4232,4567,4496,4376,3967,3552
0072,2005-01-27T00:00:00Z,3456,3560,3576,3616,3833,4584,5479,5136,4656,4328,4032,3624,3352,3176,3112,3185,3592,4520,5695,5993,6232,6168,5864,5479
0072,2005-01-28T00:00:00Z,5393,5431,5561,5815,6168,7049,7872,7504,6944,6280,5704,5249,4864,4432,4232,4408,4872,5657,6247,6473,6472,6584,6312,5983
0072,2005-01-29T00:00:00Z,5633,5520,5520,5728,5912,6288,6568,6904,7104,6944,6592,6281,6240,6256,6536,6712,6680,6847,7160,6960,6528,6176,5904,5472
0072,2005-01-30T00:00:00Z,5208,4992,4984,4872,4920,5016,5128,5376,5736,5993,5712,5287,4889,4255,3816,3632,3736,4392,5057,5344,5240,4903,4577,4351
0072,2005-01-31T00:00:00Z,4304,4360,4536,4728,5088,5760,6336,6288,6048,5136,4337,3847,3536,3248,3055,3104,3504,4288,5393,5664,5776,5696,5335,4896
0072,2005-02-01T00:00:00Z,4784,4872,4984,5033,5328,5887,6416,6008,5472,5248,4960,4776,4529,4207,3977,3768,3952,4624,5672,6016,6113,6168,5656,5424
0072,2005-02-02T00:00:00Z,5368,5400,5408,5616,5832,6664,7400,6912,6248,5287,4512,4056,3833,3808,3784,3888,4265,4744,5448,5448,5328,5200,4680,4145
0072,2005-02-03T00:00:00Z,3864,3816,3768,3912,4240,4984,5264,5344,5273,5335,5400,5400,5321,5272,5160,5048,5112,5479,6152,6048,5872,5528,5192,4560
0072,2005-02-04T00:00:00Z,4360,4272,4208,4231,4457,5119,5513,5544,5184,4303,3737,3391,3089,2839,2640,2681,3000,3535,4241,4536,4783,4793,4560,4423
0072,2005-02-05T00:00:00Z,4241,4272,4320,4375,4568,4864,5232,5568,5496,4937,4344,3888,3439,3017,2815,2729,2896,3160,3896,4088,4344,4351,4304,4088
0072,2005-02-06T00:00:00Z,4039,4121,4152,4392,4591,4848,5216,5656,6008,5304,4200,3592,3329,3120,2815,2736,2897,3352,3976,4032,4112,4072,3840,3608
0072,2005-02-07T00:00:00Z,3360,3288,3392,3631,3984,4856,5736,5472,4608,3832,3240,2760,2576,2440,2321,2311,2513,2911,3776,4072,4097,3784,3360,2952
0072,2005-02-08T00:00:00Z,2776,2729,2736,2791,3041,3760,4560,4048,3449,2935,2544,2297,2152,2128,2120,2152,2376,2760,3449,3720,3528,3304,2888,2472
0072,2005-02-09T00:00:00Z,2280,2143,2129,2224,2496,3192,4056,3800,3352,3136,3080,2864,2767,2712,2712,2832,3104,3560,4144,4192,4016,3624,3232,2736
0072,2005-02-10T00:00:00Z,2448,2321,2368,2528,2832,3511,4320,4097,3568,3480,3528,3544,3344,3288,3288,3568,3953,4792,5624,5856,5959,5777,5335,4880
0072,2005-02-11T00:00:00Z,4736,4704,4720,4800,5088,5856,6720,6120,5424,4728,4232,3871,3680,3616,3792,3608,3656,4255,5136,5312,5392,5384,5152,4913
0072,2005-02-12T00:00:00Z,4672,4560,4560,4448,4528,4752,4912,5225,5272,4936,4385,3912,3520,3240,2984,2887,2921,3223,3809,4000,4040,3967,3840,3689
0072,2005-02-13T00:00:00Z,3472,3480,3560,3568,3736,4040,4192,4712,5032,4832,4152,3640,3392,3232,3089,3031,3216,3504,4097,4336,4232,3991,3521,3127
0072,2005-02-14T00:00:00Z,2904,2816,2792,2848,3016,3665,4288,3968,3592,3408,3240,2984,2728,2776,2753,3000,3400,3656,4288,4392,4144,3968,3568,3137
0072,2005-02-15T00:00:00Z,2872,2864,2848,2880,3120,3808,4433,3952,3584,3424,3104,2688,2304,2263,2192,2328,2496,3016,3776,4064,3967,3768,3432,2928
0072,2005-02-16T00:00:00Z,2744,2648,2575,2513,2647,3209,3823,3449,3064,2784,2552,2544,2296,2192,2152,2232,2480,2911,3792,4032,4176,4025,3736,3336
0072,2005-02-17T00:00:00Z,3136,3089,3223,3440,3768,4696,5585,5176,4576,4008,3569,3295,3264,2904,2760,2768,3112,3656,4728,5160,5256,5216,4768,4312
0072,2005-02-18T00:00:00Z,4128,4176,4160,4328,4567,5288,5696,5544,4999,4505,4216,3920,3688,3336,3248,3216,3463,4080,4920,5177,5280,5296,5160,4952
0072,2005-02-19T00:00:00Z,4792,4848,5008,5120,5360,5752,6128,6487,6368,5528,4711,4049,3607,3329,3103,3056,3128,3391,4104,4424,4656,4704,4496,4272
0072,2005-02-20T00:00:00Z,3943,3752,3712,3704,3688,3848,4096,4400,5136,5112,4648,4304,4160,4120,4136,4104,4216,4272,4792,5144,5168,4927,4361,3880
0072,2005-02-21T00:00:00Z,3552,3408,3328,3344,3464,4056,4648,4272,3976,3728,3552,3416,3271,3024,2873,2968,3336,3616,4152,4392,4169,3880,3448,3072
0072,2005-02-22T00:00:00Z,2801,2728,2816,2935,3200,3952,4649,4288,3728,3040,2592,2416,2225,2128,2008,2105,2280,2544,3247,3816,3696,3600,3216,2904
0072,2005-02-23T00:00:00Z,2672,2728,2856,3048,3401,4216,5040,4664,3840,3168,2839,2552,2480,2311,2192,2304,2480,2872,3600,3920,4039,3960,3696,3257
0072,2005-02-24T00:00:00Z,2983,2912,2928,3032,3319,4121,4992,4768,4576,4553,4600,4696,4553,4615,4544,4696,5177,5496,5928,5968,5848,5472,4937,4399
0072,2005-02-25T00:00:00Z,4280,4384,4625,4840,5080,5736,6440,6136,5208,4400,3768,3360,3008,2719,2576,2528,2671,3288,4104,4608,4856,4904,4927,4649
0072,2005-02-26T00:00:00Z,4536,4608,4680,4896,5176,5440,5904,6104,5912,5071,4256,3736,3473,3192,2944,2912,2935,3192,3704,4200,4408,4488,4409,4104
0072,2005-02-27T00:00:00Z,4015,4088,4176,4368,4592,4711,5009,5560,5912,5736,4960,4216,4056,3816,3768,3809,3928,4264,4673,5080,4976,4831,4664,4304
0072,2005-02-28T00:00:00Z,4296,4327,4409,4576,4792,5264,5536,5624,5704,5760,5744,5624,5328,5008,5080,5072,5264,5616,6007,6209,5664,5488,5000,4576
0072,2005-03-01T00:00:00Z,4360,4289,4320,4600,4968,5416,5825,5736,5160,4504,4288,4200,4193,4240,4176,4152,4480,5105,5944,6416,6336,6127,5736,5144
0072,2005-03-02T00:00:00Z,4928,4848,4927,5112,5304,5969,6600,6280,5312,4783,4368,4169,3991,3776,3600,3720,4000,4608,5568,6000,6096,5904,5448,4968
0072,2005-03-03T00:00:00Z,4769,4800,4816,4976,5280,6103,6776,6264,5216,4456,4064,3775,3464,3136,2952,2849,3024,3583,4448,5288,6007,5856,5448,5088
0072,2005-03-04T00:00:00Z,4920,5057,5119,5408,5792,6463,7145,6480,5824,4744,3864,3353,3096,2776,2600,2608,2928,3408,3720,4264,4280,4224,4056,3776
0072,2005-03-05T00:00:00Z,3600,3544,3536,3544,3544,3689,3799,3968,4304,4336,3944,3496,3304,3209,3127,3272,3512,3552,4135,4440,4544,4480,4416,4136
0072,2005-03-06T00:00:00Z,3968,3936,3864,3904,4168,4481,4656,5311,5249,4639,3977,3496,3264,3200,2928,2719,2768,2816,3391,4080,4097,3880,3504,3120
0072,2005-03-07T00:00:00Z,2888,2896,3024,3208,3504,4344,5033,4576,3816,3112,2672,2400,2272,2184,2064,2153,2392,2776,3320,3792,3680,3448,2952,2480
0072,2005-03-08T00:00:00Z,2160,2047,2040,2048,2192,2832,3511,3353,3280,3480,3632,3319,3296,3112,3032,3096,3472,4241,5200,5768,5784,5656,5112,4488
0072,2005-03-09T00:00:00Z,4336,4304,4336,4424,4808,5512,6184,5688,4848,4320,3888,3480,3200,3008,2767,2784,3048,3593,4447,5144,5336,5287,4856,4376
0072,2005-03-10T00:00:00Z,4327,4352,4336,4488,4896,5753,6576,5872,4720,3896,3384,3032,2920,2680,2537,2527,2784,3377,4168,4800,4736,4680,4216,3768
0072,2005-03-11T00:00:00Z,3568,3696,3840,3968,4248,4896,5456,5008,4104,3696,3096,2960,2872,2800,2648,2824,3240,3497,4128,4600,4816,4632,4505,4216
0072,2005-03-12T00:00:00Z,4048,4032,4121,4255,4512,4776,4865,5095,5168,5056,4440,3809,3592,3232,2880,2825,2928,3048,3432,3880,3840,3824,3640,3448
0072,2005-03-13T00:00:00Z,3344,3280,3440,3520,3672,3864,4272,4784,4520,4032,3415,3056,2848,2657,2479,2432,2528,2671,3120,3528,3392,3184,2784,2456
0072,2005-03-14T00:00:00Z,2248,2273,2352,2472,2736,3328,3880,3936,3936,4121,4048,4000,3824,3440,3088,3040,3161,3520,4208,4944,5032,4936,4577,4264
0072,2005-03-15T00:00:00Z,4160,4264,4376,4552,4792,5633,6160,5536,4368,3600,3128,2808,2528,2400,2176,2160,2488,2825,3456,4303,4217,4168,3816,3264
0072,2005-03-16T00:00:00Z,3000,2976,2928,2968,3185,3816,4408,4120,3785,3760,3840,3992,3984,3984,4072,4312,4968,5496,5897,6096,5832,5488,4984,4448
0072,2005-03-17T00:00:00Z,4312,4280,4240,4304,4568,5088,5376,5383,5225,5143,4976,4768,4673,4576,4536,4384,4560,4680,5153,5575,5640,5472,5057,4680
0072,2005-03-18T00:00:00Z,4543,4656,4832,4984,5225,5928,6504,5839,4712,4216,3632,2920,2585,2431,2240,2304,2568,2808,3280,3768,3929,3967,3944,3816
0072,2005-03-19T00:00:00Z,3808,3864,3984,4184,4408,4872,5105,5296,4776,4104,3624,3224,2976,2800,2592,2712,2936,3079,3320,3680,3583,3545,3295,3113
0072,2005-03-20T00:00:00Z,2911,2840,2976,3096,3256,3593,3808,4240,4296,3744,3192,2864,2800,2633,2568,2488,2552,2640,2920,3568,3624,3552,3200,2840
0072,2005-03-21T00:00:00Z,2688,2664,2839,3048,3384,4248,5081,4584,3664,3016,2784,2465,2272,2120,2040,2080,2344,2609,2959,3641,3736,3640,3360,2960
0072,2005-03-22T00:00:00Z,2736,2808,2872,3008,3288,4104,4768,4361,3528,3016,2728,2537,2352,2191,2232,2264,2744,3175,3600,4064,4096,3912,3344,2760
0072,2005-03-23T00:00:00Z,2456,2383,2376,2424,2568,3168,3792,3384,3176,3144,3128,2992,2872,2648,2432,2520,2839,3248,3560,3991,3977,3768,3367,2864
0072,2005-03-24T00:00:00Z,2632,2576,2496,2496,2664,3288,3888,3576,2856,2584,2376,2232,2088,2016,1961,2023,2192,2384,2728,3280,3344,3224,3112,2776
0072,2005-03-25T00:00:00Z,2568,2504,2536,2633,2791,3128,3288,3528,3800,3823,3704,3440,3136,2776,2576,2496,2504,2704,2944,3528,3408,3384,3264,2873
0072,2005-03-26T00:00:00Z,2623,2441,2352,2368,2424,2648,2784,3144,3648,3871,3768,3665,3432,3256,3144,3096,3160,3416,3624,3984,4048,3792,3449,3064
0072,2005-03-27T00:00:00Z,2808,2616,2560,2537,2640,2896,3056,3415,4184,4328,3984,3808,3880,3792,3680,3680,3712,3928,4088,4192,4265,3991,3593,3240
0072,2005-03-28T00:00:00Z,2944,2816,2808,2832,3031,3384,3600,3617,3384,2959,2816,2768,2632,2584,2648,2648,2911,3336,3608,3968,3888,3960,3360,2896
0072,2005-03-29T00:00:00Z,2544,2424,2368,2432,2648,3064,3304,3032,2656,2489,2431,2321,2272,2168,2095,2184,2312,2512,2696,3448,3392,3144,2808,2416
0072,2005-03-30T00:00:00Z,2153,2095,2168,2264,2479,3152,3368,3312,2904,2608,2360,2311,2232,2201,2224,2232,2424,2632,2880,3360,3360,3017,2728,2208
0072,2005-03-31T00:00:00Z,1904,1776,1704,1807,1896,2400,2657,2695,2496,2513,2503,2352,2225,2224,2240,2280,2503,2633,2952,3576,3463,3305,2872,2416
0072,2005-04-01T00:00:00Z,2129,2047,2009,2008,2128,2640,2808,2816,2632,2513,2416,2360,2352,2352,2352,2407,2681,2992,3184,3329,3271,3072,2760,2496
0072,2005-04-02T00:00:00Z,2177,2016,1920,1896,1872,2016,2032,2464,2897,3120,2976,2959,2864,2824,2808,2753,2832,3271,3648,4193,4408,4240,3968,3664
0072,2005-04-03T00:00:00Z,3368,NA,3152,3136,3176,3319,3528,3824,4040,3912,3504,3247,3176,2984,2719,2576,2584,2664,2681,2968,3728,3655,3281,2800
0072,2005-04-04T00:00:00Z,2400,2336,2296,2360,2544,3136,3840,3568,2945,2560,2296,2168,2112,2056,2048,2088,2360,2584,2696,2911,3600,3528,2984,2352
0072,2005-04-05T00:00:00Z,2016,1840,1800,1848,2081,2704,3528,3272,2680,2376,2136,2024,2008,2048,2032,2232,2472,2704,2849,3007,3656,3568,3032,2344
0072,2005-04-06T00:00:00Z,1880,1752,1624,1592,1728,2184,2832,2584,2201,2040,2040,2023,2081,2160,2215,2312,2648,2896,2920,3041,3720,3640,3040,2297
0072,2005-04-07T00:00:00Z,1912,1712,1600,1576,1673,2095,2688,2489,2112,2008,2000,2064,2112,2071,2016,2136,2280,2600,2824,2945,3448,3352,2952,2352
0072,2005-04-08T00:00:00Z,1937,1735,1656,1632,1728,2177,2760,2544,2280,2208,2184,2184,2128,2096,1999,2144,2352,2416,2537,2623,3144,2993,2791,2369
0072,2005-04-09T00:00:00Z,1944,1759,1664,1648,1704,1880,2120,2263,2681,2911,2840,2760,2584,2480,2504,2448,2671,2736,2712,2672,3192,3232,2849,2440
0072,2005-04-10T00:00:00Z,2072,1999,1985,1968,2047,2321,2640,3096,3472,3320,2815,2513,2488,2432,2472,2520,2760,2887,2969,2952,3607,3521,2904,2328
0072,2005-04-11T00:00:00Z,1944,1735,1649,1648,1800,2344,3000,2688,2264,2080,2105,2047,2144,2200,2336,2480,2784,2976,3103,3305,3784,3600,2960,2352
0072,2005-04-12T00:00:00Z,1903,1721,1615,1601,1687,2208,2792,2528,2272,2320,2328,2304,2288,2216,2328,2479,2856,3185,3544,3856,4049,3991,3377,2872
0072,2005-04-13T00:00:00Z,2552,2440,2392,2441,2584,3256,3881,3640,3336,3264,3288,3384,3432,3496,3368,3416,3799,4217,4471,4416,4616,4272,3880,3192
0072,2005-04-14T00:00:00Z,3048,2969,3024,3120,3400,4144,4904,4544,3816,3151,2657,2407,2288,2184,2032,2081,2256,2448,2599,2864,3496,3545,3112,2520
0072,2005-04-15T00:00:00Z,2168,2071,2129,2232,2472,3232,3816,3528,3216,2760,2560,2369,2248,2152,2081,2112,2200,2440,2520,2688,3248,3312,3160,2945
0072,2005-04-16T00:00:00Z,2791,2792,2928,3088,3360,3641,3991,4328,4264,3977,3487,3185,2920,2632,2592,2537,2584,2656,2664,2712,3200,3384,3144,2880
0072,2005-04-17T00:00:00Z,2664,2752,2816,2976,3152,3520,3832,4368,4592,4080,3280,2801,2736,2680,2600,2584,2672,2704,2688,2832,3472,3392,2864,2320
0072,2005-04-18T00:00:00Z,1952,1831,1904,1936,2192,2880,3560,3264,2743,2480,2296,2168,2168,2136,2224,2344,2648,2872,2952,3008,3696,3536,2935,2297
0072,2005-04-19T00:00:00Z,1888,1712,1648,1632,1752,2336,2976,2728,2312,2167,2072,2088,2120,2359,2376,2465,2839,3113,3208,3224,3808,3688,3113,2359
0072,2005-04-20T00:00:00Z,1872,1704,1625,1608,1711,2240,2792,2544,2248,2128,2096,2136,2264,2424,2520,2695,2960,3368,3367,3281,3847,3768,3176,2464
0072,2005-04-21T00:00:00Z,1961,1752,1672,1632,1752,2248,2720,2544,2248,2129,2208,2304,2416,2616,2768,2928,2968,3184,3209,3352,3736,3584,3008,2416
0072,2005-04-22T00:00:00Z,1976,1783,1673,1624,1696,2192,2720,2496,2280,2119,2136,2048,2136,2184,2256,2512,2705,2896,2920,2856,3209,2992,2664,2296
0072,2005-04-23T00:00:00Z,1985,1783,1680,1632,1640,1776,1904,2095,2489,2688,2695,2720,2792,2688,2575,2585,2584,2656,2624,2776,3296,3368,3160,2864
0072,2005-04-24T00:00:00Z,2575,2448,2424,2520,2600,2824,3152,3728,4231,4320,4040,3640,3728,3688,3624,3432,3392,3552,3792,3984,4488,4408,3977,3456
0072,2005-04-25T00:00:00Z,3160,3048,3008,2952,3127,3792,4241,3784,3224,2863,2561,2296,2232,2104,2081,2143,2376,2624,2768,2808,3559,3569,2904,2431
0072,2005-04-26T00:00:00Z,2144,2104,2136,2184,2384,3088,3744,3377,3031,2753,2440,2232,2224,2057,1999,2057,2359,2760,3128,3200,3655,3425,2952,2424
0072,2005-04-27T00:00:00Z,2136,2023,1992,2040,2144,2736,3304,2952,2616,2297,2128,2136,2032,2024,2008,2136,2360,2656,2729,2856,3367,3473,3000,2568
0072,2005-04-28T00:00:00Z,2311,2288,2328,2480,2743,3464,4208,3928,3096,2672,2368,2208,2024,1951,1937,1999,2256,2489,2560,3016,3488,3448,2904,2417
0072,2005-04-29T00:00:00Z,2119,1968,1961,1927,2120,2712,3240,3080,2863,2856,2816,2696,2464,2176,2048,2048,2184,2376,2488,2528,2832,2935,2744,2320
0072,2005-04-30T00:00:00Z,2000,1888,1832,1808,1864,1960,2081,2359,2688,2897,2911,2873,2896,2848,2736,2736,2744,2688,2600,2647,3080,3032,2800,2344
0072,2005-05-01T00:00:00Z,2064,1824,1704,1664,1672,1824,1904,2416,3017,3160,2864,2584,2544,2528,2424,2440,2552,2544,2616,2767,3248,3336,2968,2384
0072,2005-05-02T00:00:00Z,2064,2024,2056,2152,2393,3216,3888,3648,3016,2624,2239,2168,2040,2040,2008,2177,2368,2640,2688,2944,3449,3624,3127,2537
0072,2005-05-03T00:00:00Z,2280,2215,2232,2297,2527,3305,4032,3544,3008,2560,2256,2176,2048,1952,1896,1984,2328,2528,2688,2848,3264,3472,3024,2369
0072,2005-05-04T00:00:00Z,2008,1864,1841,1896,2056,2728,3320,3032,2640,2424,2256,2119,2048,2032,1913,2016,2352,2584,2632,2816,3344,3391,3089,2448
0072,2005-05-05T00:00:00Z,2184,2136,2119,2168,2344,3032,3632,3271,2873,2800,2744,2512,2264,2056,1960,2024,2240,2479,2760,3017,3640,3584,3199,2672
0072,2005-05-06T00:00:00Z,2256,2160,2136,2256,2376,3000,3552,3328,3008,2856,2808,2680,2417,2215,2105,2040,2167,2312,2464,2489,2920,3136,2960,2672
0072,2005-05-07T00:00:00Z,2472,2320,2352,2400,2584,2888,3128,3424,3456,3184,2904,2585,2616,2664,2608,2640,2688,2768,2728,2872,3072,3144,2825,2400
0072,2005-05-08T00:00:00Z,2088,1824,1696,1680,1720,1848,1952,2424,3088,3137,2911,2568,2561,2623,2705,2872,2976,3080,3184,3168,3624,3664,3032,2432
0072,2005-05-09T00:00:00Z,1968,1735,1640,1640,1783,2352,2897,2688,2352,2191,2177,2248,2256,2312,2512,2864,3264,3535,3689,3528,3832,3712,3113,2304
0072,2005-05-10T00:00:00Z,1896,1735,1601,1615,1712,2272,2840,2592,2184,2048,2032,2104,2273,2527,2681,3007,3432,3728,3808,3696,3896,3984,3272,2536
0072,2005-05-11T00:00:00Z,2040,1800,1648,1625,1687,2184,2585,2376,2167,2144,2192,2496,2784,2992,3248,3535,3968,4416,4448,4183,4224,4272,3545,2671
0072,2005-05-12T00:00:00Z,2168,1928,1744,1712,1735,2177,2592,2431,2208,2321,2560,2888,3264,3480,3079,3128,3432,3608,3592,3544,3728,3904,3329,2608
0072,2005-05-13T00:00:00Z,2152,1913,1776,1704,1792,2208,2600,2416,2248,2144,2176,2177,2128,2088,2064,2168,2424,2536,2632,2585,2872,2968,2784,2352
0072,2005-05-14T00:00:00Z,2009,1768,1664,1632,1624,1768,1808,2096,2520,2647,2705,2743,2784,2897,3024,3384,3648,3688,3584,3384,3432,3535,3137,2736
0072,2005-05-15T00:00:00Z,2287,1937,1783,1721,1687,1721,1720,2064,2592,2944,2912,2800,2984,3096,2920,2825,2856,2904,2911,3144,3464,3400,2945,2344
0072,2005-05-16T00:00:00Z,1928,1752,1663,1625,1720,2144,2575,2432,2224,2201,2128,2128,2201,2344,2464,2624,2944,3216,3320,3184,3545,3592,3048,2368
0072,2005-05-17T00:00:00Z,1937,1728,1632,1560,1656,2152,2616,2440,2136,2168,2088,2064,2120,2104,2240,2455,2873,3192,3232,3232,3425,3544,3000,2376
0072,2005-05-18T00:00:00Z,1920,1720,1625,1608,1696,2200,2544,2360,2144,2064,2064,2095,2184,2408,2592,2808,2952,3072,3072,3088,3416,3424,2921,2311
0072,2005-05-19T00:00:00Z,1928,1776,1648,1584,1664,2128,2544,2352,2201,2191,2280,2400,2640,2888,3056,3024,3136,3256,3288,3216,3552,3569,3079,2408
0072,2005-05-20T00:00:00Z,2024,1792,1696,1680,1712,2056,2513,2328,2191,2225,2344,2456,2503,2657,2767,2976,3017,3048,2983,2825,2896,2864,2616,2239
0072,2005-05-21T00:00:00Z,1928,1744,1632,1584,1601,1768,1832,2191,2576,2736,2776,2777,2712,2800,2808,2968,3152,3232,3144,2969,2983,3240,2928,2448
0072,2005-05-22T00:00:00Z,2009,1752,1696,1648,1640,1680,1712,2248,2752,2976,2825,2632,2800,2904,3096,3161,3319,3425,3391,3432,3632,3768,3160,2472
0072,2005-05-23T00:00:00Z,2024,1776,1648,1584,1673,2080,2576,2311,2160,2201,2328,2551,2705,2887,2993,3184,3568,3881,4008,3696,3832,3944,3288,2503
0072,2005-05-24T00:00:00Z,1976,1784,1680,1632,1696,2080,2544,2336,2104,2057,2056,2008,2024,1944,1984,2081,2344,2560,2912,2992,3080,3352,2832,2288
0072,2005-05-25T00:00:00Z,1936,1832,1728,1720,1824,2321,2776,2520,2160,2168,2056,1968,1960,1961,1936,2136,2328,2608,2873,2983,3056,3168,2856,2264
0072,2005-05-26T00:00:00Z,1864,1760,1704,1672,1776,2256,2808,2576,2208,2095,2112,2208,2232,2304,2456,2744,3096,3408,3496,3440,3544,3800,3184,2504
0072,2005-05-27T00:00:00Z,2016,1783,1640,1616,1704,2088,2544,2472,2191,2201,2248,2312,2431,2633,2911,3056,3368,3607,3656,3360,3296,3511,3017,2632
0072,2005-05-28T00:00:00Z,2168,1920,1735,1673,1672,1728,1696,2024,2384,2584,2744,2752,2736,2792,2832,3055,3224,3336,3184,3096,3089,3223,2912,2424
0072,2005-05-29T00:00:00Z,2064,1824,1720,1632,1656,1680,1704,2096,2688,2736,2632,2561,2647,2777,2752,2680,2825,2848,2752,2720,2944,3168,2840,2432
0072,2005-05-30T00:00:00Z,2023,1800,1697,1624,1632,1712,1672,2000,2304,2592,2671,2832,3056,3168,3408,3648,3784,4056,4056,3761,3664,3896,3304,2592
0072,2005-05-31T00:00:00Z,2096,1840,1712,1680,1696,1992,2152,2216,2168,2248,2376,2520,2688,2880,2984,3151,3425,3655,3672,3497,3496,3728,3216,2536
0072,2005-06-01T00:00:00Z,2056,1808,1720,1649,1696,2000,2160,2232,2200,2168,2184,2311,2288,2264,2320,2360,2400,2704,2944,2960,3168,3104,2647,2232
0072,2005-06-02T00:00:00Z,1896,1728,1688,1664,1744,2080,2328,2321,2311,2393,2455,2528,2448,2344,2304,2312,2496,2776,2936,2912,3192,3216,2815,2280
0072,2005-06-03T00:00:00Z,1968,1800,1728,1673,1744,2104,2273,2296,2328,2400,2368,2400,2336,2336,2296,2312,2455,2552,2592,2648,2896,3184,2945,2536
0072,2005-06-04T00:00:00Z,2192,1879,1752,1673,1672,1800,1760,2152,2544,2776,2840,3032,3312,3552,3768,4024,4176,4232,3976,3856,3816,4032,3552,3056
0072,2005-06-05T00:00:00Z,2512,2201,1992,1864,1792,1784,1744,2144,2832,3272,3751,4040,4528,4769,4984,5104,5249,5440,5456,5239,5033,5119,4400,3504
0072,2005-06-06T00:00:00Z,2880,2512,2256,2120,2080,2280,2393,2575,2681,3040,3408,4056,4560,5024,5232,5520,5767,5928,5768,5536,5336,4944,3816,3216
0072,2005-06-07T00:00:00Z,2776,2417,2200,2064,2032,2264,2368,2520,2592,3032,3296,3688,4144,4560,4872,5081,5167,4968,4688,4496,4464,4231,3761,3168
0072,2005-06-08T00:00:00Z,2623,2336,2128,2016,2048,2280,2400,2520,2544,2696,3247,3617,4008,4416,4696,4792,5000,5264,5640,4951,4584,4680,4128,3288
0072,2005-06-09T00:00:00Z,2736,2352,2177,2016,2071,2304,2408,2520,2536,2792,2992,3408,3800,4168,4481,4447,3720,3881,3904,3896,4024,4200,3736,3000
0072,2005-06-10T00:00:00Z,2528,2248,2057,1992,2016,2368,2528,2575,2633,2760,3007,3401,3624,3904,4304,4744,5032,5208,4968,4712,4440,4464,4016,3408
0072,2005-06-11T00:00:00Z,2944,2608,2384,2248,2208,2232,2144,2480,2935,3257,3696,3984,4327,4664,4768,4928,5032,4808,4576,4320,4200,4424,4032,3424
0072,2005-06-12T00:00:00Z,2897,2536,2312,2136,2071,2057,1984,2504,3168,3631,3792,3905,4255,4400,4520,4567,4512,4680,4745,4560,4464,4648,4088,3408
0072,2005-06-13T00:00:00Z,2920,2624,2392,2304,2336,2551,2624,2752,2888,3072,3384,3584,3895,4112,4440,4664,4864,5016,5032,4824,4728,4896,4352,3584
0072,2005-06-14T00:00:00Z,2992,2584,2393,2239,2208,2369,2464,2696,2952,3367,3816,4400,4880,5263,5537,5791,5976,6168,6192,5880,5624,5696,4944,4096
0072,2005-06-15T00:00:00Z,3376,2864,2624,2383,2345,2551,2576,2768,3055,3449,3847,4232,4568,4912,5168,5400,5728,5944,5921,5520,5056,5136,4552,3624
0072,2005-06-16T00:00:00Z,2912,2488,2264,2088,2016,2232,2384,2431,2585,2935,3296,3704,3928,4144,4376,4512,4928,5040,4968,4639,4304,4424,3928,3088
0072,2005-06-17T00:00:00Z,2456,2184,1952,1831,1824,2048,2104,2201,2344,2440,2753,3031,3336,3624,3840,4176,4361,4543,4368,4128,3800,3848,3511,2825
0072,2005-06-18T00:00:00Z,2311,2016,1865,1744,1752,1816,1808,2072,2424,2752,3104,3496,3736,4073,4327,4265,4272,4063,3800,3584,3520,3744,3392,2839
0072,2005-06-19T00:00:00Z,2417,2119,1961,1824,1816,1784,1720,2096,2728,3176,3415,3545,3768,3904,4040,3984,4072,4208,3960,3799,3785,3847,3440,2744
0072,2005-06-20T00:00:00Z,2232,1999,1889,1783,1824,2105,2184,2248,2368,2496,2753,2928,3079,3224,3408,3640,3857,3984,3960,3864,3664,3856,3353,2616
0072,2005-06-21T00:00:00Z,2136,1879,1769,1687,1745,1999,2057,2152,2176,2256,2432,2632,3032,3304,3713,4056,4504,4752,4536,4248,3984,4168,3696,2969
0072,2005-06-22T00:00:00Z,2400,2128,1960,1824,1841,2088,2208,2287,2304,2585,2968,3336,3312,3320,3775,4217,4728,5152,5168,4872,4416,4519,3929,3127
0072,2005-06-23T00:00:00Z,2472,2168,2008,1896,1904,2136,2200,2328,2360,2648,2968,3472,3881,4248,4615,4832,5096,5232,5224,4848,4488,4560,3976,3168
0072,2005-06-24T00:00:00Z,2544,2177,1984,1880,1888,2136,2192,2280,2464,2720,3079,3665,4128,4552,4856,5128,5432,5568,5311,4889,4392,4464,4015,3248
0072,2005-06-25T00:00:00Z,2648,2287,2057,1920,1903,1896,1832,2136,2616,2992,3360,3833,4384,4760,4984,5136,5448,5616,5304,4952,4656,4600,4096,3401
0072,2005-06-26T00:00:00Z,2856,2520,2320,2112,2056,2016,1944,2312,2960,3472,3672,3840,4096,4352,4656,4888,5120,5416,5321,5040,4840,4952,4375,3521
0072,2005-06-27T00:00:00Z,2904,2560,2336,2200,2144,2352,2416,2648,2887,3224,3592,3984,4304,4776,5152,5280,5496,5657,5448,5167,4872,4848,4208,3448
0072,2005-06-28T00:00:00Z,2825,2560,2304,2216,2215,2441,2536,2656,2729,2824,3048,3296,3528,3768,3864,3871,3984,4112,4216,4241,4096,4336,3857,3232
0072,2005-06-29T00:00:00Z,2728,2393,2215,2136,2201,2455,2496,2672,2696,2791,3000,3320,3712,4176,4752,4937,4752,4488,4600,4432,4248,4472,4096,3377
0072,2005-06-30T00:00:00Z,2791,2456,2288,2112,2136,2335,2441,2584,2824,3137,3736,4424,4960,5320,5496,5808,5952,6024,5880,5760,5672,5712,5040,4088
0072,2005-07-01T00:00:00Z,3391,2969,2671,2496,2432,2616,2600,2815,3056,3504,4136,4720,5200,5576,5800,6113,6144,5935,5216,4784,4432,4504,4152,3552
0072,2005-07-02T00:00:00Z,3000,2664,2424,2297,2248,2280,2184,2440,2792,3360,4000,4520,4944,5344,5544,5840,5808,5592,5184,4936,4632,4560,4104,3752
0072,2005-07-03T00:00:00Z,3160,2760,2456,2256,2144,2128,2040,2472,3096,3544,3504,3504,3713,4087,4536,4704,4664,4784,4512,4312,4248,4304,3991,3425
0072,2005-07-04T00:00:00Z,2952,2623,2417,2256,2215,2225,2112,2352,2848,3440,3984,4288,4488,4776,4848,4576,4769,4704,4615,4376,4112,4087,3816,3360
0072,2005-07-05T00:00:00Z,2801,2440,2216,2128,2128,2376,2432,2512,2681,2976,3376,3840,4376,4936,5312,5527,5808,5952,5600,5352,5064,5152,4520,3712
0072,2005-07-06T00:00:00Z,3080,2696,2464,2280,2232,2440,2441,2623,2888,3352,3953,4519,4913,5239,5520,5633,5680,5752,5648,5424,5200,5177,4488,3664
0072,2005-07-07T00:00:00Z,3120,2776,2465,2328,2296,2504,2560,2640,2696,2815,2976,3281,3600,3703,3665,3432,2464,2336,2800,3144,3544,3888,3521,2935
0072,2005-07-08T00:00:00Z,2504,2232,2096,2016,1999,2201,2287,2465,2736,3192,3600,3856,4144,4409,4632,4776,4888,5096,5056,4720,4409,4440,4008,3360
0072,2005-07-09T00:00:00Z,2776,2440,2136,1985,1936,1944,1880,2176,2560,3185,3799,4304,4784,5160,5527,5825,5983,5993,5791,5424,5160,5153,4663,3872
0072,2005-07-10T00:00:00Z,3240,2800,2528,2376,2192,2167,2040,2528,3248,3871,4193,4632,5152,5616,5848,6017,6048,6064,5848,5600,5416,5376,4664,3792
0072,2005-07-11T00:00:00Z,3200,2815,2528,2392,2369,2575,2624,2792,3040,3312,3656,4080,4248,4207,4289,4408,4688,5080,5120,4903,4848,5064,4457,3727
0072,2005-07-12T00:00:00Z,3176,2808,2648,2520,2560,2856,2904,2984,3136,3440,3936,4471,4961,5416,5656,5808,5945,6192,6304,6160,5904,5840,5144,4248
0072,2005-07-13T00:00:00Z,3552,3103,2832,2633,2575,2801,2848,2856,2888,3144,3400,3616,4208,4840,5246,5720,6216,6271,5784,4505,4368,4303,3816,3329
0072,2005-07-14T00:00:00Z,3048,2704,2400,2360,2328,2592,2719,2801,2776,2760,2960,3103,3264,3392,4464,4063,4289,4704,4912,4848,4744,4625,3991,3449
0072,2005-07-15T00:00:00Z,2887,2576,2416,2312,2232,2520,2736,2792,2767,2904,3144,3384,3656,4168,4505,4912,5240,5488,5336,4999,4745,4824,4399,3713
0072,2005-07-16T00:00:00Z,3120,2767,2552,2408,2311,2321,2263,2624,3304,3992,4520,4992,5455,5712,5912,6048,6104,5959,5544,5192,4960,4961,4480,3856
0072,2005-07-17T00:00:00Z,3320,2944,2696,2520,2416,2441,2368,2808,3712,4544,4840,5153,5664,5944,5864,6120,6463,6488,6304,6080,5864,5911,5160,4344
0072,2005-07-18T00:00:00Z,3608,3184,2952,2777,2695,2912,2920,2993,3384,3744,4255,4800,5369,5568,5736,5944,5992,6008,5752,5504,5432,5376,4440,3784
0072,2005-07-19T00:00:00Z,3176,2808,2575,2472,2448,2705,2752,2912,3120,3607,4152,4920,5480,5776,5912,6200,6472,6880,6632,6248,5920,5744,5032,4160
0072,2005-07-20T00:00:00Z,3600,3208,2944,2784,2688,2912,3024,3048,3232,3608,4232,4768,5352,5712,5856,6064,6312,6929,6792,6304,5944,5952,5240,4352
0072,2005-07-21T00:00:00Z,3655,3233,2887,2705,2608,2832,2928,2960,3319,3800,4472,5128,5696,5992,5504,5272,5592,5984,6120,5952,5743,5849,5104,4264
0072,2005-07-22T00:00:00Z,3689,3256,2968,2784,2664,2904,3008,3040,3288,3848,4464,4976,5496,5839,6152,6368,6559,6224,5440,5120,4856,4864,4480,3824
0072,2005-07-23T00:00:00Z,3296,2911,2640,2472,2400,2393,2400,2728,3312,3928,4584,5256,5801,6048,6312,6504,6672,6655,6353,5896,5552,5464,4928,4096
0072,2005-07-24T00:00:00Z,3456,3048,2720,2512,2376,2296,2192,2480,3216,3888,4303,4632,5048,5392,5672,5912,6055,6008,5984,5688,5416,5408,4696,3864
0072,2005-07-25T00:00:00Z,3232,2888,2616,2480,2448,2704,2776,2816,3080,3576,4128,4960,5632,6096,6608,6912,7256,7480,7472,7159,6912,6857,6040,4968
0072,2005-07-26T00:00:00Z,4064,3504,3103,2856,2712,2880,2921,2904,3192,3664,4424,5176,5864,6319,6648,6737,6991,7176,7241,7320,7200,6952,6032,5119
0072,2005-07-27T00:00:00Z,4344,3848,3496,3216,3152,3304,3312,3305,3511,4176,4961,5704,6240,6616,6872,6808,7104,7344,7265,7240,6984,6120,5304,4480
0072,2005-07-28T00:00:00Z,3744,3296,3000,2776,2720,2872,2976,2969,3192,3391,3624,3728,3848,4072,4464,4808,5047,5321,5368,5184,5112,5088,3432,3280
0072,2005-07-29T00:00:00Z,2880,2576,2368,2273,2272,2512,2609,2688,2695,2760,2945,3144,3175,3089,3007,3113,3271,3416,3424,3473,3648,3823,3576,3089
0072,2005-07-30T00:00:00Z,2656,2416,2280,2192,2184,2256,2248,2376,2873,3216,3472,3816,4120,4529,4872,5080,5208,5240,4951,4616,4568,4519,4169,3600
0072,2005-07-31T00:00:00Z,3144,2752,2576,2431,2336,2336,2352,2520,3048,3456,3552,3504,3568,3744,3768,3984,4400,4560,4399,4313,4296,4392,3840,3127
0072,2005-08-01T00:00:00Z,2624,2288,2152,2024,2032,2288,2455,2441,2512,2752,3176,3760,4176,4601,4975,5201,5472,5719,5616,5256,4968,5009,4288,3512
0072,2005-08-02T00:00:00Z,2815,2465,2263,2105,2088,2328,2400,2407,2520,2921,3504,4039,4608,5105,5479,5849,6192,6360,6336,6040,5808,5592,4840,4056
0072,2005-08-03T00:00:00Z,3377,2920,2656,2496,2441,2671,2777,2719,2936,3320,3856,4536,5016,5456,5791,5888,6192,6360,6152,6168,6031,5856,5009,4128
0072,2005-08-04T00:00:00Z,3480,3064,2712,2528,2479,2640,2753,2680,2848,3288,4008,4800,5369,5815,6104,6208,6425,6295,6104,6048,6024,5792,4984,4112
0072,2005-08-05T00:00:00Z,3424,2976,2712,2504,2448,2656,2744,2695,2952,3353,3960,4720,5312,5776,6088,6128,6280,6329,6216,6064,6104,5784,5119,4313
0072,2005-08-06T00:00:00Z,3712,3240,2928,2680,2633,2623,2552,2728,3320,3840,4424,5119,5640,6024,6176,6232,5753,5520,5176,4856,4696,4680,4168,3560
0072,2005-08-07T00:00:00Z,3096,2696,2455,2336,2208,2240,2232,2440,3088,3665,3792,3792,4048,4464,4792,5208,5208,5360,5096,4816,4864,4688,4048,3401
0072,2005-08-08T00:00:00Z,2880,2560,2376,2224,2216,2488,2664,2561,2656,3048,3448,3840,4232,4464,4456,4632,4800,5040,4928,4688,4735,4608,3977,3336
0072,2005-08-09T00:00:00Z,2872,2608,2472,2360,2368,2640,2880,2760,2633,2896,3288,3632,4008,4471,4728,5072,5392,5657,5512,5120,5008,4888,4265,3600
0072,2005-08-10T00:00:00Z,3079,2753,2536,2448,2400,2648,2839,2801,2904,3031,3185,3304,3536,3952,4416,5048,5551,5832,5880,5537,5352,5368,4584,3784
0072,2005-08-11T00:00:00Z,3152,2800,2600,2464,2400,2640,2880,2760,2952,3425,3984,4663,5288,5648,5968,6240,6480,6616,6488,6136,6089,5944,5136,4184
0072,2005-08-12T00:00:00Z,3480,3079,2816,2608,2568,2777,2832,2760,2872,3408,4120,4824,5424,5808,6144,6456,6689,6655,6425,6144,5880,5656,5128,4400
0072,2005-08-13T00:00:00Z,3752,3336,3024,2800,2656,2664,2640,2760,3233,3936,4560,5335,5921,6360,6600,6775,6881,6871,6536,6224,6031,5816,5200,4512
0072,2005-08-14T00:00:00Z,3888,3473,3160,2968,2856,2792,2728,2960,3672,4256,4711,5240,5856,6264,6568,6800,6736,6641,6448,6216,6136,5768,4976,4224
0072,2005-08-15T00:00:00Z,3600,3232,2960,2824,2752,2936,3136,2960,3256,3761,4408,5088,5648,6007,6344,6104,5863,5705,5647,5784,5873,5407,4704,3944
0072,2005-08-16T00:00:00Z,3352,2976,2777,2640,2599,2808,3041,2856,2992,3464,3991,4728,5336,5816,6168,6079,6096,6360,6449,6415,5720,5136,4504,3768
0072,2005-08-17T00:00:00Z,3176,2896,2672,2536,2544,2768,2952,2816,2880,3064,3192,3416,3912,4039,4008,4232,4736,5023,5024,4920,5160,4880,4183,3473
0072,2005-08-18T00:00:00Z,2880,2568,2400,2263,2273,2584,2840,2743,2664,2784,2952,3056,3248,3184,3264,3456,3736,3936,4049,4087,4392,4352,3880,3240
0072,2005-08-19T00:00:00Z,2744,2528,2407,2321,2344,2624,2896,2744,2824,3072,3528,4056,4616,4912,5248,5552,5808,5992,5880,5616,5544,5336,4760,4144
0072,2005-08-20T00:00:00Z,3608,3208,2952,2792,2712,2704,2680,2864,3536,4248,5047,5784,6408,6737,6871,5888,5360,5311,5312,5064,5176,5081,4615,4080
0072,2005-08-21T00:00:00Z,3600,3128,2920,2801,2752,2728,2696,2912,3823,4584,5064,5568,6096,6473,6640,6776,6864,6823,6624,6216,6008,5624,4831,3929
0072,2005-08-22T00:00:00Z,3288,2856,2616,2424,2352,2640,2815,2712,2777,3247,3641,4240,4680,4984,5232,5328,5513,5728,5656,5640,5825,5296,4560,3752
0072,2005-08-23T00:00:00Z,3151,2816,2680,2561,2568,2815,3056,2840,2808,2815,2856,2880,2897,2904,3208,3568,3944,4264,4265,4248,4504,4320,3768,3160
0072,2005-08-24T00:00:00Z,2768,2528,2311,2216,2200,2504,2760,2680,2609,2784,3040,3384,3640,4025,4320,4735,5096,5416,5352,5081,5136,4848,4111,3281
0072,2005-08-25T00:00:00Z,2743,2441,2248,2144,2160,2623,3089,2608,2488,2592,2864,3184,3593,3912,4192,4448,4855,5168,5016,4792,4944,4568,3856,2993
0072,2005-08-26T00:00:00Z,2440,2216,2056,1944,1960,2360,2824,2408,2296,2568,2784,3089,3376,3712,4049,4351,4656,4712,4520,4183,4385,4128,3768,3264
0072,2005-08-27T00:00:00Z,2800,2504,2335,2177,2143,2192,2288,2328,2791,3161,3232,3472,3872,4224,4544,4656,4768,4928,4704,4488,4711,4544,4160,3592
0072,2005-08-28T00:00:00Z,3008,2680,2480,2376,2304,2296,2352,2512,3168,3680,3608,3600,3768,4176,4687,5153,5568,5760,5472,5119,5360,5056,4136,3320
0072,2005-08-29T00:00:00Z,2728,2440,2273,2112,2167,2537,3079,2648,2496,2632,2816,2856,3280,3768,4193,4624,4920,5112,5136,5064,5448,5248,4304,3528
0072,2005-08-30T00:00:00Z,3040,2705,2512,2392,2376,2744,3304,2897,2952,3295,3689,3943,4248,4488,4625,4735,4880,5256,5272,5408,5824,5376,4632,3872
0072,2005-08-31T00:00:00Z,3320,3072,2928,2832,2856,3192,3648,3168,3024,3400,3672,4112,4351,4424,4560,4888,5201,5479,5432,5040,5152,4865,4087,3257
0072,2005-09-01T00:00:00Z,2656,2336,2176,2056,2048,2432,2928,2479,2321,2568,2856,3304,3936,4328,4600,4888,5168,5256,5160,4904,5095,4680,3936,3248
0072,2005-09-02T00:00:00Z,2640,2328,2152,2048,2032,2393,2904,2479,2345,2616,2992,3368,3832,4264,4688,5032,5448,5616,5480,4944,4912,4601,3967,3377
0072,2005-09-03T00:00:00Z,2880,2503,2264,2136,2056,2081,2047,2192,2648,3144,3576,3984,4423,4769,4975,5400,5633,5488,5184,4632,4600,4184,3672,3088
0072,2005-09-04T00:00:00Z,2688,2264,2096,1960,1920,1960,1944,2160,2729,3184,3320,3520,3920,4207,4440,4673,4831,4784,4560,4096,4193,3864,3391,2873
0072,2005-09-05T00:00:00Z,2479,2153,1960,1848,1832,1903,1952,1992,2448,2952,3280,3576,3864,4104,4344,4448,4696,4776,4608,4272,4664,4152,3416,2736
0072,2005-09-06T00:00:00Z,2320,2064,1936,1872,1913,2287,2792,2360,2232,2215,2312,2544,2768,2992,3312,3600,4072,4361,4231,4016,4448,3960,3240,2623
0072,2005-09-07T00:00:00Z,2184,1968,1848,1824,1848,2256,2801,2368,2168,2176,2176,2321,2608,2896,3209,3600,4080,4312,4312,4121,4360,3944,3312,2608
0072,2005-09-08T00:00:00Z,2200,1952,1856,1807,1832,2256,2824,2393,2152,2168,2280,2544,2848,3152,3528,3880,4336,4608,4472,4208,4360,3920,3280,2576
0072,2005-09-09T00:00:00Z,2208,1951,1841,1776,1807,2208,2840,2408,2208,2167,2280,2496,2816,3280,3672,4056,4433,4615,4448,4048,4193,3784,3288,2784
0072,2005-09-10T00:00:00Z,2376,2088,1952,1848,1848,1984,2080,2177,2527,2784,3041,3439,3848,4200,4448,4776,4872,4831,4592,4192,4352,4000,3552,2976
0072,2005-09-11T00:00:00Z,2465,2176,1960,1872,1832,1864,1913,2167,2736,3128,3160,3432,3768,4032,4256,4448,4591,4632,4472,4320,4512,3976,3272,2584
0072,2005-09-12T00:00:00Z,2208,1976,1856,1759,1824,2225,2808,2352,2160,2208,2383,2513,2776,3168,3456,3920,4336,4640,4480,4240,4448,4008,3176,2560
0072,2005-09-13T00:00:00Z,2144,1960,1832,1776,1840,2232,2816,2392,2184,2184,2344,2600,3024,3400,3833,4168,4664,4960,4824,4800,5120,4704,4032,3360
0072,2005-09-14T00:00:00Z,2815,2552,2440,2384,2360,2743,3368,3008,2743,2792,3064,3233,3600,3847,3888,4112,4464,4760,4728,4600,4952,4464,3736,3104
0072,2005-09-15T00:00:00Z,2592,2311,2129,2071,2081,2455,3096,2664,2633,2800,3184,3680,4192,4584,4769,5095,5528,5576,5712,5560,5568,5016,4248,3400
0072,2005-09-16T00:00:00Z,2880,2520,2328,2201,2200,2584,3065,2760,2592,2839,3296,3856,4464,4856,5032,4625,4264,4080,4168,4128,4073,3864,3439,2921
0072,2005-09-17T00:00:00Z,2472,2224,2064,1960,1920,2016,2153,2239,2672,3168,3528,4008,4592,5095,5312,5504,5512,5240,4960,4800,4736,4368,3864,3288
0072,2005-09-18T00:00:00Z,2784,2448,2224,2088,2016,1992,2096,2359,2984,3456,3752,4008,4456,4872,5248,5432,5488,5561,5167,4976,5056,4488,3720,2960
0072,2005-09-19T00:00:00Z,2464,2192,2024,1984,1976,2383,2945,2551,2352,2408,2440,2849,3391,3896,4312,4793,5215,5417,5280,5272,5256,4688,3928,3200
0072,2005-09-20T00:00:00Z,2671,2360,2184,2104,2120,2496,3048,2720,2536,2608,2873,3328,3920,4432,4664,5016,5167,5153,4831,4944,4776,4265,3583,2952
0072,2005-09-21T00:00:00Z,2465,2208,2047,1968,1985,2335,2873,2544,2344,2456,2719,3144,3528,3857,4176,4495,4865,5095,4944,4848,4865,4408,3736,2952
0072,2005-09-22T00:00:00Z,2448,2232,2048,1968,1960,2345,2928,2520,2352,2424,2488,2504,2776,3208,3545,4024,4496,4759,4769,4864,4864,4376,3744,3040
0072,2005-09-23T00:00:00Z,2544,2273,2112,2016,2008,2408,2928,2616,2407,2537,2896,3432,3976,4505,4720,5088,5424,5472,5360,5224,4944,4448,3943,3305
0072,2005-09-24T00:00:00Z,2832,2536,2328,2208,2128,2216,2440,2465,2839,3264,3416,3464,3544,3528,3384,3464,3456,3528,3511,3680,3744,3536,3271,2904
0072,2005-09-25T00:00:00Z,2520,2288,2152,2048,2024,2064,2191,2432,3000,3368,3304,3176,3352,3456,3576,3744,3760,3816,3920,4232,4504,4048,3528,2952
0072,2005-09-26T00:00:00Z,2537,2280,2184,2167,2201,2623,3080,2744,2616,2743,2840,2952,2888,2863,2784,2928,3257,3463,3744,4217,4344,3991,3312,2777
0072,2005-09-27T00:00:00Z,2296,2104,1976,1888,1961,2287,2921,2488,2344,2441,2671,2849,3120,3463,3648,3968,4416,4480,4169,4192,4392,3856,3248,2592
0072,2005-09-28T00:00:00Z,2176,1937,1816,1760,1816,2216,2832,2407,2168,2160,2112,2320,2609,2944,3200,3384,3784,4048,3984,4088,4240,3800,3208,2552
0072,2005-09-29T00:00:00Z,2136,1912,1808,1744,1808,2256,2864,2407,2273,2296,2352,2464,2472,2472,2568,2897,3232,3504,3408,3608,3847,3456,2873,2320
0072,2005-09-30T00:00:00Z,1920,1776,1664,1648,1728,2216,2887,2537,2280,2224,2208,2208,2192,2136,2088,2136,2304,2544,2584,2928,3016,2904,2712,2312
0072,2005-10-01T00:00:00Z,1976,1824,1720,1680,1688,1840,2032,2096,2528,2752,2680,2744,2880,3016,3216,3464,3688,3785,3552,3640,3680,3463,3000,2504
0072,2005-10-02T00:00:00Z,2176,1904,1784,1704,1720,1768,1889,2128,2720,2944,2896,2936,3280,3504,3737,3912,4080,4087,3824,4080,4216,3737,3072,2472
0072,2005-10-03T00:00:00Z,2032,1824,1728,1688,1776,2191,2768,2392,2136,2129,2152,2248,2424,2633,2695,3017,3391,3576,3665,4072,3952,3569,2952,2304
0072,2005-10-04T00:00:00Z,1968,1792,1720,1673,1720,2208,2832,2488,2225,2176,2184,2256,2440,2585,2728,3056,3336,3448,3608,4264,4192,3752,3112,2520
0072,2005-10-05T00:00:00Z,2112,1904,1832,1792,1872,2320,2984,2680,2376,2304,2336,2344,2352,2384,2464,2592,2945,3312,3415,3824,4000,3680,3232,2576
0072,2005-10-06T00:00:00Z,2200,2016,1937,1896,1944,2344,3008,2719,2417,2431,2489,2551,2657,2760,2784,2887,3104,3336,3488,3976,3952,3737,3223,2744
0072,2005-10-07T00:00:00Z,2328,2104,2057,1984,2016,2400,2984,2776,2456,2407,2489,2496,2551,2576,2648,2736,3016,3224,3415,3816,3776,3592,3288,2904
0072,2005-10-08T00:00:00Z,2496,2280,2129,2080,2056,2112,2256,2441,2800,3184,3401,3343,3344,3320,3304,3272,3240,3256,3224,3559,3521,3319,3017,2616
0072,2005-10-09T00:00:00Z,2256,1992,1831,1760,1728,1792,1896,2136,2705,3112,3064,2952,2984,3008,2935,2888,3000,3136,3224,3720,3712,3384,2912,2432
0072,2005-10-10T00:00:00Z,2064,1864,1752,1728,1768,2184,2760,2448,2256,2288,2288,2335,2321,2280,2263,2312,2672,2896,3160,3641,3520,3240,2800,2304
0072,2005-10-11T00:00:00Z,1944,1800,1712,1696,1745,2176,2784,2536,2240,2256,2240,2232,2239,2144,2128,2256,2528,2872,3104,3688,3593,3312,2824,2304
0072,2005-10-12T00:00:00Z,1920,1792,1712,1656,1728,2128,2832,2568,2192,2088,2096,2128,2128,2096,2160,2208,2392,2753,2992,3536,3448,3304,2760,2249
0072,2005-10-13T00:00:00Z,1903,1736,1656,1624,1697,2152,2768,2359,2112,2120,2096,2071,2192,2264,2392,2576,2896,3056,3151,3776,3792,3400,2880,2312
0072,2005-10-14T00:00:00Z,1928,1776,1672,1632,1736,2143,2808,2513,2191,2144,2168,2184,2232,2352,2512,2648,2815,2936,2912,3264,3199,2936,2664,2272
0072,2005-10-15T00:00:00Z,2009,1783,1680,1649,1672,1864,2024,2224,2561,2688,2704,2696,2712,2695,2840,3072,3176,3160,3016,3432,3401,3120,2767,2384
0072,2005-10-16T00:00:00Z,2056,1841,1711,1680,1673,1816,1960,2256,2936,3112,2808,2568,2552,2576,2544,2680,2824,2873,2911,3488,3600,3240,2728,2249
0072,2005-10-17T00:00:00Z,1920,1776,1744,1752,1880,2472,3312,2904,2488,2304,2224,2129,2152,2096,2080,2208,2472,2704,2952,3617,3583,3305,2695,2240
0072,2005-10-18T00:00:00Z,1920,1800,1792,1776,1904,2464,3272,2784,2336,2224,2112,2104,2136,2153,2232,2383,2616,2849,3055,3728,3656,3295,2801,2215
0072,2005-10-19T00:00:00Z,1824,1704,1601,1600,1680,2184,2824,2544,2177,2119,2136,2081,2208,2280,2455,2720,3056,3271,3281,3832,3696,3392,2848,2328
0072,2005-10-20T00:00:00Z,1936,1808,1648,1632,1688,2152,2792,2448,2064,2048,2128,2224,2513,2743,2993,3232,3536,3640,3640,4193,4039,3737,3160,2504
0072,2005-10-21T00:00:00Z,2040,1816,1720,1664,1704,2136,2768,2575,2225,2200,2192,2128,2096,2040,2008,2112,2352,2600,2791,3120,3089,2904,2656,2296
0072,2005-10-22T00:00:00Z,1961,1800,1680,1696,1704,1888,2009,2248,2584,2832,2904,2945,2815,2744,2664,2584,2729,2680,2904,3248,3168,3048,2872,2528
0072,2005-10-23T00:00:00Z,2232,2095,2048,2088,2168,2320,2584,3104,3824,3712,3232,2840,2768,2719,2600,2608,2616,2768,3024,3640,3632,3312,2808,2408
0072,2005-10-24T00:00:00Z,2167,2120,2128,2160,2312,3056,3768,3535,2936,2920,2856,2801,2688,2632,2736,2952,3304,3872,4408,4985,4951,4601,4032,3487
0072,2005-10-25T00:00:00Z,3185,3055,3017,3103,3353,3984,4728,4408,4000,3521,3144,2815,2648,2528,2551,2801,3112,3488,4000,4608,4576,4248,3728,3216
0072,2005-10-26T00:00:00Z,2928,2872,2888,2928,3184,3833,4408,4008,3648,3256,2832,2544,2376,2273,2160,2232,2488,2872,3456,4056,4232,4264,3816,3408
0072,2005-10-27T00:00:00Z,3257,3343,3449,3672,4015,4688,5440,5000,4608,4096,3329,2856,2503,2297,2119,2225,2464,2736,3256,3809,3984,3912,3463,3024
0072,2005-10-28T00:00:00Z,2729,2599,2648,2712,2888,3456,3792,3744,3576,3448,3080,2776,2584,2384,2360,2400,2599,2840,3296,3679,3704,3760,3600,3401
0072,2005-10-29T00:00:00Z,3184,3152,3151,3288,3480,3888,4272,4673,4999,4632,3953,3552,3208,3032,2824,2816,2848,2800,3137,3648,3655,3761,3696,3456
0072,2005-10-30T00:00:00Z,3400,3444,3632,3799,3984,4320,4680,5153,5112,4360,3528,3008,2863,2720,2624,2544,2719,3176,3664,3656,3616,3353,3088,2736
0072,2005-10-31T00:00:00Z,2616,2688,2776,2984,3328,4160,4928,4344,3631,2945,2544,2328,2248,2160,2096,2095,2352,2696,3080,3216,3367,3336,2952,2640
0072,2005-11-01T00:00:00Z,2448,2480,2544,2640,2928,3776,4447,3936,3224,2784,2432,2167,2024,2000,1951,2072,2376,2992,3560,3728,3607,3360,2952,2465
0072,2005-11-02T00:00:00Z,2208,2095,2081,2056,2280,2952,3648,3208,2784,2448,2280,2208,2105,2032,1952,2119,2376,3065,3655,3809,3832,3680,3271,3065
0072,2005-11-03T00:00:00Z,2928,2968,3112,3296,3568,4457,5160,4480,3792,3056,2664,2328,2184,2023,1961,2040,2304,2904,3448,3648,3552,3520,3168,2801
0072,2005-11-04T00:00:00Z,2584,2536,2576,2664,2896,3624,4304,3784,3144,2760,2304,2168,2056,2033,1960,2136,2240,2712,3175,3065,3031,2921,2671,2312
0072,2005-11-05T00:00:00Z,2088,2000,1984,2016,2144,2407,2609,2968,3176,3024,2848,2896,2808,2672,2680,2672,2712,3040,3320,3192,3024,2872,2648,2280
0072,2005-11-06T00:00:00Z,1968,1848,1808,1807,1880,2024,2215,2672,3240,3200,2872,2632,2648,2648,2584,2672,2695,3104,3488,3487,3377,3055,2609,2176
0072,2005-11-07T00:00:00Z,1824,1704,1632,1680,1816,2480,3048,2720,2424,2296,2168,2152,2160,2168,2104,2240,2479,3096,3728,3664,3528,3176,2752,2336
0072,2005-11-08T00:00:00Z,2112,2032,2048,2136,2336,3127,3920,3464,2920,2472,2288,2112,2040,2056,2088,2160,2440,3032,3584,3576,3504,3048,2599,2160
0072,2005-11-09T00:00:00Z,1856,1728,1680,1720,1865,2520,3160,2680,2400,2153,2040,2016,2064,2088,2104,2200,2384,2984,3511,3456,3401,3192,2695,2232
0072,2005-11-10T00:00:00Z,1856,1704,1632,1632,1704,2192,2808,2424,2248,2168,2160,2047,2081,1992,1960,2120,2407,3264,3768,3809,3864,3967,3672,3416
0072,2005-11-11T00:00:00Z,3280,3360,3464,3616,3929,4591,5112,5024,4472,3816,3295,2849,2632,2456,2488,2400,2640,3304,3641,3727,3881,3991,3848,3600
0072,2005-11-12T00:00:00Z,3544,3600,3648,3761,4024,4304,4560,4855,4824,4176,3632,3168,2976,2864,2632,2648,2784,3216,3552,3624,3712,3592,3473,3136
0072,2005-11-13T00:00:00Z,2984,2992,2968,3072,3200,3432,3664,4208,4264,3929,3304,2856,2752,2664,2537,2599,2801,3175,3576,3624,3528,3320,2784,2328
0072,2005-11-14T00:00:00Z,2032,1944,1920,1944,2096,2688,3312,2920,2441,2287,2177,2056,2104,2168,2104,2177,2464,3208,3641,3664,3528,3152,2640,2167
0072,2005-11-15T00:00:00Z,1793,1704,1584,1591,1704,2192,2912,2464,2248,2232,2120,2088,2064,2008,2033,2104,2384,3024,3504,3600,3448,3200,2608,2192
0072,2005-11-16T00:00:00Z,1864,1736,1624,1640,1720,2232,2880,2408,2167,2105,2040,2023,2144,2136,2048,2152,2600,3295,3528,3497,3384,3208,2888,2568
0072,2005-11-17T00:00:00Z,2431,2480,2576,2743,3113,3991,4968,4649,3919,3473,3103,2849,2704,2488,2456,2624,3136,4376,5095,5408,5392,5352,4985,4456
0072,2005-11-18T00:00:00Z,4336,4344,4457,4648,4952,5728,6472,5816,5008,4392,3864,3425,3072,2800,2568,2752,3224,4304,4975,5192,5320,5264,5136,4760
0072,2005-11-19T00:00:00Z,4648,4712,4831,4920,5160,5664,5984,6424,6065,5191,4376,3784,3425,3208,3016,3056,3248,4008,4392,4600,4720,4544,4304,3871
0072,2005-11-20T00:00:00Z,3665,3463,3416,3328,3353,3528,3784,4184,4656,4423,3656,3200,3031,2960,2864,2880,3216,3856,3984,4000,3953,3583,3200,2800
0072,2005-11-21T00:00:00Z,2552,2544,2480,2520,2704,3328,4016,3664,3344,3328,3305,3151,3032,3032,2928,3088,3664,4392,4584,4632,4448,4016,3487,3024
0072,2005-11-22T00:00:00Z,2784,2768,2872,2984,3120,3600,4296,3984,3888,3712,3473,3384,3312,3192,3223,3464,4000,4848,5288,5416,5352,5177,4696,4184
0072,2005-11-23T00:00:00Z,4039,4001,4072,4184,4464,5047,5448,5360,5096,4864,4824,4448,4015,4104,4256,4304,4495,5153,5248,5528,5575,5177,4912,4360
0072,2005-11-24T00:00:00Z,4040,3896,3760,3792,3864,4136,4432,4896,5272,5153,5047,4632,3864,3209,2832,2752,2752,3032,3424,3600,3776,3824,3799,3617
0072,2005-11-25T00:00:00Z,3448,3416,3616,3760,4056,4520,4848,5024,5383,5232,4800,4416,4016,3680,3568,3464,3832,4872,5448,5536,5648,5504,5376,5152
0072,2005-11-26T00:00:00Z,4992,4976,5080,5264,5407,5753,6024,6280,6200,5592,4872,4296,3832,3512,3160,3160,3512,4256,4687,4752,4856,4872,4656,4416
0072,2005-11-27T00:00:00Z,4288,4272,4400,4408,4592,4832,5248,5360,5680,5544,4960,4536,4553,4600,4536,4408,4688,5088,5208,5176,5040,4632,4056,3504
0072,2005-11-28T00:00:00Z,3152,3040,3032,3024,3160,3665,4327,3888,3504,3440,3376,3281,3223,3041,2896,2928,3280,3992,4112,4207,3992,3560,2887,2384
0072,2005-11-29T00:00:00Z,2024,1864,1776,1720,1817,2328,3007,2664,2369,2311,2273,2263,2232,2096,2088,2264,2536,3232,3552,3768,3680,3408,3160,2657
0072,2005-11-30T00:00:00Z,2496,2527,2528,2664,2976,3800,4656,4248,3792,3168,2832,2592,2344,2208,2120,2287,2696,3752,4471,4688,4792,4712,4392,3872
0072,2005-12-01T00:00:00Z,3760,3728,3655,3632,3672,4320,5032,4553,4048,3760,3344,3080,2839,2537,2568,2800,3400,4376,4808,4992,4999,4800,4392,3857
0072,2005-12-02T00:00:00Z,3655,3416,3408,3416,3583,4256,5080,4625,4168,3808,3504,3305,3120,2983,2888,3056,3696,4720,5200,5345,5328,5239,5024,4632
0072,2005-12-03T00:00:00Z,4392,4280,4272,4384,4352,4615,4769,5071,5288,5160,4824,4256,4008,4048,4032,4144,4368,4952,4936,4913,4807,4721,4512,4039
0072,2005-12-04T00:00:00Z,3689,3487,3368,3352,3377,3552,3832,4208,4656,4816,4352,3816,3535,3240,2993,2976,3247,3929,4176,4216,4200,3984,3544,2984
0072,2005-12-05T00:00:00Z,2704,2688,2696,2800,3056,3784,4520,4392,4080,4192,4424,4600,4616,4688,4744,5064,5552,6424,6576,6504,6376,5873,5167,4592
0072,2005-12-06T00:00:00Z,4256,4120,4384,4529,4807,5585,6472,6128,5368,4688,4072,3632,3336,3031,2904,3024,3672,4913,5776,6096,6312,6280,5753,5376
0072,2005-12-07T00:00:00Z,5272,5344,5496,5600,5840,6712,7224,6680,5935,5369,4624,3792,3352,3032,2928,3184,3809,4912,5648,5728,5872,5897,5392,4840
0072,2005-12-08T00:00:00Z,4673,4687,4697,4776,5047,5777,6319,5928,5480,5544,5312,4584,4096,4040,4207,4592,5024,6016,6384,6376,6257,5800,5320,4856
0072,2005-12-09T00:00:00Z,4632,4624,4616,4680,4808,5311,5664,5696,5496,4616,4008,3784,3488,3208,3248,3511,3896,4920,5568,5688,5752,6072,5897,5424
0072,2005-12-10T00:00:00Z,5320,5280,5416,5465,5848,6152,6520,6888,7040,6592,5912,5119,4361,3712,3552,3736,4160,4848,5296,5561,5671,5729,5520,5256
0072,2005-12-11T00:00:00Z,5008,5080,4985,5104,5224,5520,5832,6185,6552,6175,5081,4320,4183,4088,4008,4136,4488,5176,5360,5592,5472,5152,4576,4032
0072,2005-12-12T00:00:00Z,3728,3608,3583,3689,3856,4544,5152,4776,4432,4385,4183,3905,3655,3488,3240,3520,4104,5057,5512,5576,5479,5288,4808,4344
0072,2005-12-13T00:00:00Z,4128,4207,4320,4512,4832,5728,6401,6040,5512,5232,4680,4032,3665,3264,3208,3304,3944,5368,6128,6440,6592,6480,5920,5417
0072,2005-12-14T00:00:00Z,5208,5256,5407,5432,5656,6305,6744,6247,5856,5808,5784,5312,5152,4848,4536,4952,5576,6511,6776,6784,6752,6560,5872,5240
0072,2005-12-15T00:00:00Z,4855,4745,4704,4792,5016,5672,5944,6232,6392,6680,6576,6520,6368,6216,5695,5640,4160,4432,3656,2376,4112,3151,2880,2480
0072,2005-12-16T00:00:00Z,2320,2297,2400,2344,2512,2760,3080,2984,2887,2568,2096,3832,5016,3864,3617,3672,3943,4544,5160,5120,5112,5080,4896,4696
0072,2005-12-17T00:00:00Z,4344,4304,4904,4879,5153,5320,5408,5592,6007,6200,5680,4985,4632,4264,4456,4608,4808,5592,5744,5680,5800,5672,5408,4960
0072,2005-12-18T00:00:00Z,4568,4375,4304,4320,4336,4488,4752,5105,5767,5528,4544,3984,3808,3584,3352,3352,3809,4648,5040,5496,5912,5848,5368,4832
0072,2005-12-19T00:00:00Z,4648,4625,4687,4880,5224,5960,6624,6248,5616,5032,4272,3736,3401,3151,2936,3152,3976,5224,6080,6368,6432,6264,5784,5208
0072,2005-12-20T00:00:00Z,5112,5032,5136,5312,5760,6576,7279,6960,6416,5840,5112,4296,3768,3415,3233,3328,3976,5369,6304,6696,6792,6672,6096,5448
0072,2005-12-21T00:00:00Z,5152,5232,5304,5472,5792,6600,7136,6976,6280,5825,5176,4368,3768,3504,3312,3472,4160,5448,6272,6528,6607,6528,6152,5672
0072,2005-12-22T00:00:00Z,5479,5480,5520,5680,6008,6704,7135,7184,6832,6209,5352,4512,3984,3535,3344,3384,3832,4937,5680,5864,6072,6055,5880,5496
0072,2005-12-23T00:00:00Z,5273,5239,5321,5392,5688,6040,6401,6775,6720,6089,5287,4457,3943,3456,3272,3344,3648,4591,5048,5208,5328,5488,5273,4975
0072,2005-12-24T00:00:00Z,4680,4560,4584,4608,4793,5088,5503,6176,6664,6200,5400,4800,4288,3984,3792,3824,3880,4361,4687,4752,4920,5105,4912,4608
0072,2005-12-25T00:00:00Z,4136,3808,3704,3640,3656,3808,4264,4872,5448,5624,5368,5072,4864,4352,4016,3895,3881,4336,4536,4520,4656,4591,4289,3888
0072,2005-12-26T00:00:00Z,3535,3336,3336,3449,3592,3920,4168,4344,4672,4808,4584,4392,4392,4288,4304,4320,4488,5128,5544,5576,5560,5297,4920,4567
0072,2005-12-27T00:00:00Z,4337,4392,4360,4352,4480,4792,5288,5456,5359,5336,5016,4424,3936,3424,3184,3072,3449,4320,5040,5344,5272,5192,4904,4528
0072,2005-12-28T00:00:00Z,4304,4368,4368,4368,4560,5112,5368,5400,5304,5080,4656,4128,3536,3064,2960,3304,3737,4560,4648,4528,4368,4112,3744,3168
0072,2005-12-29T00:00:00Z,2888,2776,2640,2688,2792,3192,3504,3520,3664,3761,3696,3448,3264,3136,3192,3336,3552,4424,4896,5064,5064,4928,4576,4232
0072,2005-12-30T00:00:00Z,3976,4000,4016,4208,4408,4968,5320,5472,5352,4760,4048,3569,3280,2952,2744,2752,2992,3809,4440,4504,4688,4752,4408,4048
0072,2005-12-31T00:00:00Z,3809,3784,3808,3761,3720,3784,4120,4385,4759,4560,4385,4248,3864,3520,3440,3696,4024,4632,4920,4736,4656,4567,4361,4168
0072,2006-01-01T00:00:00Z,3888,3768,3824,3895,4064,4304,4584,4968,5479,5225,4248,3712,3456,3376,3065,2952,2959,3656,4128,4296,4448,4375,4176,3977
0072,2006-01-02T00:00:00Z,3679,3504,3473,3352,3456,3624,3792,3864,4128,4504,4841,4944,4840,4680,4592,4639,4776,5321,5416,5368,5016,4656,4121,3511
0072,2006-01-03T00:00:00Z,3272,3120,3136,3113,3288,3904,4536,4192,3888,3680,3192,2896,2664,2384,2256,2384,2752,3544,4296,4488,4544,4272,3712,3240
0072,2006-01-04T00:00:00Z,2976,2840,2768,2863,2993,3640,4288,3960,3512,3432,3256,3089,2935,2792,2584,2624,3184,3977,4567,4616,4536,4344,3840,3432
0072,2006-01-05T00:00:00Z,3192,3112,3017,3048,3232,3872,4735,4289,3823,3440,2944,2744,2584,2624,2464,2552,2960,3919,4688,4992,4992,4624,4280,3696
0072,2006-01-06T00:00:00Z,3360,3368,3424,3456,3808,4560,5408,5136,4560,4104,3688,3464,3328,3152,3200,3408,3976,4880,5536,5592,5696,5647,5432,5232
0072,2006-01-07T00:00:00Z,5080,5081,5104,5296,5609,5983,6360,6608,7000,6264,5465,4920,4464,4015,4025,4056,4312,5000,5455,5408,5576,5455,5232,4848
0072,2006-01-08T00:00:00Z,4680,4560,4632,4841,4944,5239,5544,6008,6400,5873,4840,4128,3824,3511,3305,3271,3473,4032,4600,4840,4688,4368,3880,3353
0072,2006-01-09T00:00:00Z,3031,2904,2928,2952,3161,3847,4577,4144,3600,3224,2976,2688,2472,2200,2096,2191,2480,3144,3784,4001,3943,3680,3192,2856
0072,2006-01-10T00:00:00Z,2664,2696,2791,2897,3120,3952,4656,4272,3848,3520,2976,2720,2584,2320,2297,2352,2752,3616,4296,4376,4360,3864,3368,2856
0072,2006-01-11T00:00:00Z,2576,2496,2416,2464,2640,3233,3967,3560,3176,3120,3120,3192,3271,3240,2969,3127,3336,3816,4217,4207,4136,3800,3312,2935
0072,2006-01-12T00:00:00Z,2753,2712,2728,2944,3200,4040,4824,4456,4032,3736,3360,3104,2856,2416,2216,2192,2560,3264,4064,4216,4288,4121,3792,3408
0072,2006-01-13T00:00:00Z,3160,3176,3199,3272,3536,4168,4944,4464,3944,3760,3512,3264,3088,2808,2704,2928,3312,3761,3856,3800,3552,3367,3120,2705
0072,2006-01-14T00:00:00Z,2503,2432,2544,2648,2935,3329,3688,4144,4625,4536,4591,4664,4568,4416,4360,4440,4704,5320,5864,5976,5888,5791,5657,5296
0072,2006-01-15T00:00:00Z,5056,4848,4800,4880,4776,5072,5208,5527,5888,5600,4888,4376,3936,3703,3464,3216,3488,3984,4744,4848,4920,4784,4432,4064
0072,2006-01-16T00:00:00Z,3679,3680,3704,3904,4224,4776,5080,4952,4976,4744,4400,4135,3737,3208,2928,2864,3136,3888,4752,5032,4952,4760,4207,3665
0072,2006-01-17T00:00:00Z,3391,3329,3247,3233,3616,4208,4840,4240,3912,3944,3784,3545,3367,3024,2624,2520,2960,3607,4097,4200,3919,3464,3016,2456
0072,2006-01-18T00:00:00Z,2208,2104,2072,2176,2360,2992,3776,3736,3464,3504,3560,3511,3408,3248,3168,3200,3784,4632,5408,5472,5416,5320,4968,4488
0072,2006-01-19T00:00:00Z,4385,4423,4553,4639,4736,5376,6136,5664,5057,4416,3751,3200,2816,2584,2408,2392,2704,3344,4272,4480,4553,4488,4111,3672
0072,2006-01-20T00:00:00Z,3449,3343,3344,3464,3631,4328,4784,4687,4208,3744,3248,2952,2704,2512,2360,2352,2480,3007,3744,3929,3991,3953,3799,3480
0072,2006-01-21T00:00:00Z,3312,3272,3264,3192,3136,3257,3439,3824,4032,4392,4216,4097,3895,3632,3336,3320,3520,3768,3984,3960,3944,3744,3568,3184
0072,2006-01-22T00:00:00Z,2840,2696,2760,2815,2936,3176,3544,3984,4704,5000,4584,4464,4608,4560,4480,4672,4808,5184,5456,5527,5489,5256,4728,4200
0072,2006-01-23T00:00:00Z,3912,3847,3857,3952,4136,4768,5520,4944,4560,4512,4248,4064,3871,3696,3560,3568,3944,4440,4888,5009,4792,4544,4000,3480
0072,2006-01-24T00:00:00Z,3128,3000,2952,2968,3168,3896,4615,4272,3936,3576,3137,2824,2472,2232,2200,2168,2488,3120,4056,4424,4312,4064,3976,3384
0072,2006-01-25T00:00:00Z,3000,2993,2983,3257,3520,4336,5033,4720,4168,3761,3520,3272,3072,3007,3000,3200,3704,4800,5656,5760,5792,5592,5047,4697
0072,2006-01-26T00:00:00Z,4408,4368,4384,4512,4793,5416,6176,5784,5128,4416,3848,3624,3367,3113,2968,3120,3592,4424,5400,5688,5784,5656,5264,4912
0072,2006-01-27T00:00:00Z,4808,4880,5016,5280,5527,6377,7240,6856,6089,5112,4255,3680,3224,2872,2712,2664,2944,3665,4663,4928,4984,4865,4711,4496
0072,2006-01-28T00:00:00Z,4304,4224,4264,4272,4328,4536,4888,5208,5360,5016,4440,3888,3487,3152,2968,2880,3080,3352,4049,4224,4336,4304,4128,3688
0072,2006-01-29T00:00:00Z,3432,3344,3232,3112,3089,3192,3360,3672,4120,4368,3944,3832,3840,3720,3448,3344,3384,3544,4056,4121,4080,3648,3223,2705
0072,2006-01-30T00:00:00Z,2448,2392,2408,2544,2704,3368,4111,3641,3175,3161,2848,2592,2392,2225,2112,2152,2472,2960,3799,4040,3968,3648,3192,2776
0072,2006-01-31T00:00:00Z,2520,2512,2592,2705,2976,3736,4608,4280,3888,3679,3296,3048,2800,2552,2488,2568,3072,3752,4888,5249,5248,5104,4848,4440
0072,2006-02-01T00:00:00Z,4488,4568,4616,4888,5112,5992,6737,6271,5496,4601,3928,3320,3000,2656,2424,2464,2928,3840,4608,4841,4783,4832,4376,4048
0072,2006-02-02T00:00:00Z,3896,3919,4016,4216,4496,5312,6048,5623,4880,4088,3552,3312,2944,2560,2456,2512,2945,3696,4320,4327,4368,4248,3648,3152
0072,2006-02-03T00:00:00Z,2816,2760,2688,2719,2904,3521,4200,3775,3329,3304,3120,2712,2400,2160,2088,2128,2280,2688,3377,3576,3600,3688,3528,3288
0072,2006-02-04T00:00:00Z,3080,3024,2880,2808,2848,2968,3185,3400,3824,4056,3943,3761,3400,3168,3144,3072,3112,3488,4264,4433,4512,4543,4265,4056
0072,2006-02-05T00:00:00Z,3816,3631,3761,3816,3928,4272,4608,5152,5585,5256,4776,4440,4255,4232,3936,3832,4104,4601,5376,5623,5744,5528,5176,4760
0072,2006-02-06T00:00:00Z,4608,4663,4728,4952,5200,5921,6640,6256,5768,5424,4824,4384,3968,3464,3048,2935,3449,4272,5023,5184,5120,4864,4265,3727
0072,2006-02-07T00:00:00Z,3552,3449,3631,3872,4248,5168,5959,5600,4880,4224,3600,3216,2976,2712,2464,2544,2904,3568,4704,5312,5368,5232,4880,4560
0072,2006-02-08T00:00:00Z,4512,4512,4752,4968,5256,6064,6768,6296,5464,4625,3943,3449,3144,3064,3072,3200,3760,4392,5320,5504,5512,5448,4937,4488
0072,2006-02-09T00:00:00Z,4216,4160,4048,4040,4368,5248,5952,5888,5440,4624,4145,3832,3544,3257,2992,2992,3425,4159,5256,5864,6160,5945,5544,5232
0072,2006-02-10T00:00:00Z,5056,5152,5352,5568,5897,6535,7241,6616,5856,4936,4616,4160,3655,3192,2976,3008,3464,3976,4560,4784,4735,4824,4560,4073
0072,2006-02-11T00:00:00Z,3816,3672,3544,3552,3632,3864,4048,4352,4807,5105,5208,5304,5400,5431,5480,5456,5584,5840,6088,6008,5839,5432,5072,4744
0072,2006-02-12T00:00:00Z,4512,4408,4337,4440,4672,4880,5167,5537,5808,5503,4896,4616,4608,4552,4256,4304,4416,4927,5729,6120,6232,5848,5384,5064
0072,2006-02-13T00:00:00Z,4936,5072,5184,5352,5632,6464,7064,6775,5976,4985,4384,4040,3919,3672,3320,3368,3672,4488,5520,5911,6056,5760,5496,4992
0072,2006-02-14T00:00:00Z,4872,4976,5040,5248,5560,6233,6816,6271,5400,4832,4240,3353,3007,2744,2472,2456,2728,3224,4135,4577,4800,4744,4368,3872
0072,2006-02-15T00:00:00Z,3744,3840,3943,3977,4039,4841,5608,5256,4392,3600,3184,2760,2520,2288,2168,2296,2544,2968,3800,4200,4120,4097,3631,3192
0072,2006-02-16T00:00:00Z,2993,2959,3072,3248,3608,4440,5272,4808,4104,3319,2904,2576,2320,2184,2088,2129,2392,2656,3416,3736,3768,3449,2983,2520
0072,2006-02-17T00:00:00Z,2304,2225,2224,2272,2441,3048,3664,3296,2944,2744,2383,2273,2232,2128,1992,2080,2297,2568,3247,3560,3696,3664,3473,3120
0072,2006-02-18T00:00:00Z,3000,2928,3007,3072,3248,3480,3768,4032,4544,4855,5064,5033,5088,5047,4913,4776,4896,5143,5561,5632,5576,5440,5272,5144
0072,2006-02-19T00:00:00Z,4992,5072,5239,5489,5640,5896,6240,6816,7024,6737,5832,5047,4680,4304,3920,3751,3881,4687,5280,5736,5720,5504,4920,4512
0072,2006-02-20T00:00:00Z,4272,4200,4264,4392,4632,5216,5455,5441,5448,5095,4496,3800,3247,3080,2936,2959,3440,3976,4664,4856,4744,4392,3904,3456
0072,2006-02-21T00:00:00Z,3168,3137,3160,3296,3568,4456,5153,4632,4063,3521,3048,2760,2599,2408,2224,2201,2440,2904,3888,4360,4368,4241,4128,3672
0072,2006-02-22T00:00:00Z,3568,3512,3480,3456,3655,4337,4920,4495,4025,3832,3256,2969,2736,2704,2672,2815,3377,3984,4624,4752,4664,4224,3919,3272
0072,2006-02-23T00:00:00Z,2992,2921,2904,2928,3103,3704,4520,3976,3536,3120,2767,2568,2520,2345,2256,2320,2600,3120,4008,4608,4720,4640,4368,3967
0072,2006-02-24T00:00:00Z,3672,3641,3640,3728,3928,4528,5288,4832,4176,3528,3048,2760,2527,2369,2224,2216,2464,2768,3400,3952,4217,4296,4231,4032
0072,2006-02-25T00:00:00Z,3992,4008,4088,4255,4409,4720,4952,5191,5352,5009,4495,4032,3648,3432,3272,3200,3240,3559,3984,4049,3967,3857,3616,3216
0072,2006-02-26T00:00:00Z,3096,3088,3168,3344,3544,3953,4399,4928,5456,5224,4528,4097,3936,3775,3624,3464,3720,4104,5056,5696,5840,5695,5256,4944
0072,2006-02-27T00:00:00Z,4889,4992,5287,5472,5760,6512,7216,6392,5256,4752,4320,3768,3344,3088,2752,2688,3089,3784,4528,4880,4856,4464,4000,3472
0072,2006-02-28T00:00:00Z,3161,3112,3000,3064,3248,3936,4696,4256,3696,3416,2976,2647,2384,2168,2080,2128,2376,2696,3352,3824,3760,3528,3089,2616
0072,2006-03-01T00:00:00Z,2335,2312,2352,2448,2648,3400,3920,3535,3048,2664,2384,2120,2095,2016,1904,2008,2184,2585,3223,3624,3440,3152,2743,2280
0072,2006-03-02T00:00:00Z,1976,1960,1992,2088,2273,3079,3840,3408,2808,2633,2464,2320,2144,1928,1896,1999,2288,2552,3079,3512,3520,3344,2784,2352
0072,2006-03-03T00:00:00Z,2072,2056,2160,2296,2592,3312,4224,3816,3456,3449,3496,3400,2952,2672,2480,2536,2808,3192,4152,4688,4903,4904,4720,4472
0072,2006-03-04T00:00:00Z,4392,4344,4312,4448,4608,4904,5215,5441,5248,4736,4207,3785,3439,3168,3072,3041,3136,3376,4040,4480,4584,4584,4409,4231
0072,2006-03-05T00:00:00Z,4097,3991,4097,4303,4457,4816,5056,5664,5432,4912,3920,3400,3120,2880,2648,2584,2664,2921,3607,4200,4248,3968,3488,3040
0072,2006-03-06T00:00:00Z,2840,2664,2664,2767,2952,3648,4424,3960,3496,3521,3319,3128,3024,2968,2928,3000,3512,4016,4711,4961,4896,4584,4032,3583
0072,2006-03-07T00:00:00Z,3392,3328,3264,3353,3511,4200,4920,4368,3737,3232,2912,2680,2448,2264,2128,2096,2407,2832,3689,4351,4352,4416,4072,3713
0072,2006-03-08T00:00:00Z,3688,3776,3895,4145,4384,5128,5729,5248,4512,3752,3072,2640,2424,2272,2272,2441,2856,3391,3905,4207,4040,3968,3432,2992
0072,2006-03-09T00:00:00Z,2752,2712,2633,2664,2872,3576,4224,3792,3088,2712,2424,2321,2128,2120,2016,2040,2184,2608,3152,3616,3536,3343,2808,2304
0072,2006-03-10T00:00:00Z,1992,1889,1816,1792,1904,2480,3096,2776,2392,2321,2184,2088,2023,2081,2071,2225,2376,2479,2768,3176,3184,2992,2696,2176
0072,2006-03-11T00:00:00Z,1889,1776,1711,1752,1856,2080,2312,2720,3000,2911,2768,2792,2671,2760,2753,2784,2832,2896,3064,3353,3175,2976,2552,2232
0072,2006-03-12T00:00:00Z,1928,1792,1680,1672,1656,1808,1928,2368,2928,3072,2776,2624,2672,2736,2767,2856,2945,3040,3344,3703,3752,3416,2800,2296
0072,2006-03-13T00:00:00Z,1928,1744,1664,1624,1697,2191,2753,2520,2208,2167,2280,2232,2304,2304,2280,2424,2760,2952,3368,3936,3912,3448,2912,2312
0072,2006-03-14T00:00:00Z,1975,1832,1712,1639,1697,2215,2816,2488,2160,2105,2143,2153,2023,1992,1985,2064,2352,2688,3192,3847,3776,3560,3319,2753
0072,2006-03-15T00:00:00Z,2623,2561,2671,2736,2969,3760,4576,4049,3295,2969,2712,2448,2304,2176,2024,2136,2376,2752,3280,3936,3929,3808,3416,3040
0072,2006-03-16T00:00:00Z,2904,2888,2863,2936,3080,3703,4328,3888,3432,2928,2472,2256,2072,1984,1944,1952,2239,2520,2969,3607,3768,3408,2945,2551
0072,2006-03-17T00:00:00Z,2273,2191,2249,2344,2504,3168,3792,3424,2768,2520,2368,2304,2280,2240,2119,2184,2441,2695,3185,3768,3919,3833,3592,3288
0072,2006-03-18T00:00:00Z,3144,3064,3137,3175,3401,3736,4056,4376,4456,4192,3816,3473,3247,2984,2760,2696,2776,2904,3264,3928,4049,4048,3808,3696
0072,2006-03-19T00:00:00Z,3584,3600,3656,3768,3936,4248,4471,4937,4864,4488,3792,3416,3144,3016,2824,2744,2776,2976,3512,4272,4368,4264,3881,3456
0072,2006-03-20T00:00:00Z,3343,3384,3528,3656,3920,4783,5360,4880,4063,3641,3432,3247,2969,2952,2928,3168,3655,4296,4808,5328,5232,4912,4457,3904
0072,2006-03-21T00:00:00Z,3664,3552,3488,3544,3656,4248,4816,4457,4048,3960,3936,3816,3864,3840,3784,3929,4351,4656,5129,5392,5544,5048,4375,3872
0072,2006-03-22T00:00:00Z,3584,3528,3696,3864,4200,4968,5616,5071,4296,3929,3487,3209,2992,2664,2416,2441,2728,3072,3792,4408,4784,4784,4336,4032
0072,2006-03-23T00:00:00Z,3920,4000,4096,4328,4632,5480,6040,5496,4288,3552,3096,2705,2512,2224,2120,2208,2464,2792,3472,4088,4088,4032,3808,3272
0072,2006-03-24T00:00:00Z,3048,3000,2992,3128,3295,3968,4272,4256,3984,3751,3504,3168,3008,2832,2656,2816,3008,3295,3792,4208,4168,4169,3912,3616
0072,2006-03-25T00:00:00Z,3408,3264,3232,3288,3425,3720,4096,4472,4192,4056,3880,3840,3656,3368,3319,3425,3544,3688,3968,4720,4760,4712,4495,4176
0072,2006-03-26T00:00:00Z,4016,3968,4104,4336,4568,4896,5167,5432,5080,4688,3992,3760,3840,3896,3568,3528,3744,3992,4327,4817,5023,4776,4296,3992
0072,2006-03-27T00:00:00Z,3928,4008,4128,4352,4672,5465,5952,5112,4135,3257,2856,2616,2440,2248,2144,2152,2393,2704,3168,4016,4128,4032,3624,3199
0072,2006-03-28T00:00:00Z,3065,3175,3288,3353,3504,4200,4728,4128,3616,3296,2920,2536,2376,2216,2072,2208,2376,2824,3288,3984,3824,3559,3096,2616
0072,2006-03-29T00:00:00Z,2513,2512,2632,2808,3096,3960,4529,3960,2968,2624,2328,2136,2119,2064,2000,2024,2256,2608,2936,3624,3672,3439,3120,2688
0072,2006-03-30T00:00:00Z,2552,2600,2784,2983,3368,4128,4848,4064,3064,2536,2249,2056,2112,2072,1944,2023,2264,2464,2784,3536,3600,3312,2776,2304
0072,2006-03-31T00:00:00Z,2048,1952,1936,1992,2176,2777,3256,2856,2480,2280,2128,2144,2088,2047,2040,2144,2336,2488,2616,3080,2992,2912,2575,2168
0072,2006-04-01T00:00:00Z,1928,1759,1721,1608,1656,1824,1888,2264,2688,2880,2904,2935,2912,2920,2984,3072,3096,3072,3040,3449,3424,3208,2840,2376
0072,2006-04-02T00:00:00Z,2048,NA,1800,1728,1680,1744,1912,2112,2672,2840,2608,2496,2704,2864,2928,2880,3136,3224,3144,3216,3944,3768,3184,2488
0072,2006-04-03T00:00:00Z,1968,1769,1687,1649,1704,2032,2640,2432,2167,2136,2177,2176,2192,2119,2120,2312,2680,2872,3113,3168,3568,3384,2840,2280
0072,2006-04-04T00:00:00Z,1848,1752,1735,1728,1880,2560,3392,3248,2743,2513,2376,2263,2168,2104,1968,2016,2256,2576,2640,2856,3584,3544,3080,2544
0072,2006-04-05T00:00:00Z,2263,2184,2208,2208,2456,3112,3824,3432,2840,2503,2312,2192,2143,2072,2016,2104,2321,2551,2768,2800,3456,3425,3055,2408
0072,2006-04-06T00:00:00Z,2168,2080,2160,2240,2608,3320,4183,3824,3344,2719,2280,2129,2047,1952,1864,2016,2264,2560,2657,2983,3576,3392,2880,2352
0072,2006-04-07T00:00:00Z,1984,1800,1688,1704,1840,2400,3080,2744,2479,2424,2249,2184,2095,1976,2024,2232,2520,2776,2792,2896,3320,3216,2920,2528
0072,2006-04-08T00:00:00Z,2143,1865,1744,1672,1673,1807,1961,1999,2321,2632,2728,2720,2680,2688,2696,2664,2704,2753,2791,2856,3257,3192,2880,2512
0072,2006-04-09T00:00:00Z,2288,2184,2088,2184,2311,2552,2976,3512,4039,3833,3280,2816,2695,2624,2432,2407,2496,2600,2576,2656,3368,3343,3048,2657
0072,2006-04-10T00:00:00Z,2512,2472,2576,2776,3080,3816,4416,4384,3856,3192,2808,2609,2424,2287,2280,2177,2416,2632,2736,2849,3400,3264,2888,2472
0072,2006-04-11T00:00:00Z,2128,2056,2072,2176,2384,3072,3600,3536,3079,2705,2479,2352,2280,2216,2216,2287,2520,2672,2840,2935,3336,3384,2832,2264
0072,2006-04-12T00:00:00Z,1880,1728,1680,1704,1872,2368,2800,2672,2488,2417,2311,2216,2160,2104,2112,2192,2320,2640,2777,2776,3240,3184,2849,2280
0072,2006-04-13T00:00:00Z,1896,1728,1639,1649,1752,2215,2544,2448,2312,2296,2249,2248,2224,2376,2480,2624,2904,3096,3168,3079,3440,3464,3007,2520
0072,2006-04-14T00:00:00Z,2057,1824,1680,1648,1656,1872,2072,2167,2417,2640,2671,2568,2504,2456,2560,2848,3144,3288,3264,3096,3473,3559,3200,2760
0072,2006-04-15T00:00:00Z,2328,2032,1841,1768,1720,1776,1880,2048,2623,2960,3176,3408,3664,4008,4184,4351,4577,4584,4447,4304,4560,4536,4056,3456
0072,2006-04-16T00:00:00Z,2936,2520,2224,2064,1992,2048,2119,2312,3008,3640,3704,3775,3864,3761,3871,4241,4240,4064,3967,3953,4480,4200,3520,2816
0072,2006-04-17T00:00:00Z,2232,1952,1807,1728,1752,2096,2536,2336,2152,2240,2344,2441,2640,2616,2328,2359,2585,2784,3112,3152,3568,3320,2728,2264
0072,2006-04-18T00:00:00Z,1951,1880,1904,1944,2119,2801,3520,3224,2647,2520,2177,2088,2016,2040,2008,2224,2600,2968,3056,3040,3440,3424,2888,2216
0072,2006-04-19T00:00:00Z,1864,1784,1720,1744,1920,2552,3184,2960,2416,2273,2095,2024,1992,2032,1904,1936,2184,2513,2704,2800,3296,3336,2832,2208
0072,2006-04-20T00:00:00Z,1856,1728,1735,1721,1824,2359,3000,2688,2280,2088,1968,2057,2136,2272,2448,2712,3032,3256,3224,3184,3720,3840,3384,2552
0072,2006-04-21T00:00:00Z,2080,1792,1688,1600,1673,2143,2744,2496,2176,2177,2160,2200,2312,2263,2240,2296,2513,2688,2784,2791,3041,3103,2873,2407
0072,2006-04-22T00:00:00Z,1992,1817,1711,1656,1664,1784,1936,1920,2336,2664,2920,2968,2897,2824,2760,2792,2776,2808,2776,2768,3112,3216,2880,2408
0072,2006-04-23T00:00:00Z,2048,1831,1704,1656,1625,1704,1816,2064,2688,2928,2816,2743,2808,2849,2712,2728,2848,3128,3248,3319,3713,3664,2992,2384
0072,2006-04-24T00:00:00Z,2000,1759,1616,1616,1720,2128,2744,2448,2168,2128,2120,2064,2128,2192,2215,2432,2816,3223,3377,3360,3823,3888,3200,2416
0072,2006-04-25T00:00:00Z,1961,1752,1672,1624,1673,2080,2568,2392,2088,2105,2167,2288,2448,2488,2513,2832,3336,3655,3752,3704,4063,3896,2976,2424
0072,2006-04-26T00:00:00Z,2000,1807,1704,1649,1680,2095,2600,2360,2095,2064,2024,2048,2071,2024,2040,2176,2568,2808,3017,3144,3640,3512,2920,2336
0072,2006-04-27T00:00:00Z,1999,1896,1841,1783,1937,2407,3137,2880,2592,2448,2520,2407,2232,2105,1920,1968,2232,2544,2704,2768,3288,3448,2928,2424
0072,2006-04-28T00:00:00Z,2016,1920,1920,1976,2143,2864,3576,3192,2656,2352,2177,2064,2071,2048,2008,2177,2400,2608,2656,2640,3048,3104,2808,2328
0072,2006-04-29T00:00:00Z,1976,1864,1776,1832,1888,2176,2393,2815,3096,3024,2849,2632,2608,2609,2592,2808,2904,2880,2784,2760,3096,3175,2816,2456
0072,2006-04-30T00:00:00Z,2104,1944,1848,1880,1896,2071,2225,2728,3208,3305,2983,2744,2696,2680,2584,2513,2496,2599,2672,2824,3512,3512,2911,2400
0072,2006-05-01T00:00:00Z,2144,2032,2048,2136,2328,2864,3463,3168,2696,2488,2288,2176,2072,2032,2048,2136,2416,2768,2872,2993,3463,3512,2880,2264
0072,2006-05-02T00:00:00Z,1951,1824,1824,1872,2064,2744,3472,3120,2528,2272,2153,2016,2047,2016,2112,2232,2504,2848,2976,3056,3432,3512,2944,2256
0072,2006-05-03T00:00:00Z,1848,1696,1616,1576,1664,2128,2640,2400,2112,2064,2033,2119,2129,2119,2144,2248,2568,2945,3040,2936,3247,3257,2928,2256
0072,2006-05-04T00:00:00Z,1864,1688,1639,1616,1744,2208,2792,2560,2249,2023,2048,2120,2239,2393,2608,2944,3360,3608,3640,3617,4024,3952,3416,2696
0072,2006-05-05T00:00:00Z,2160,1903,1784,1688,1735,2120,2656,2480,2224,2232,2288,2288,2368,2264,2248,2336,2472,2719,2753,2767,3072,3096,2849,2368
0072,2006-05-06T00:00:00Z,2008,1808,1720,1656,1664,1808,1816,2112,2448,2656,2832,2897,3000,3096,3223,3360,3512,3688,3480,3281,3432,3472,3008,2536
0072,2006-05-07T00:00:00Z,2088,1856,1704,1624,1632,1696,1769,2104,2656,3041,2887,2664,2784,2912,2904,2968,3072,3248,3344,3367,3776,3688,3185,2584
0072,2006-05-08T00:00:00Z,2344,2201,2128,2136,2240,2743,3288,3065,2719,2696,2688,2680,2600,2504,2287,2360,2728,3048,3224,3472,3800,3704,3208,2704
0072,2006-05-09T00:00:00Z,2264,2120,2095,2081,2191,2696,3352,3008,2528,2472,2368,2216,2143,2040,2024,2064,2376,2600,2719,2825,3247,3456,2921,2352
0072,2006-05-10T00:00:00Z,1920,1807,1736,1704,1840,2312,2912,2640,2287,2201,2119,2096,2048,2047,1992,2225,2503,2864,2928,3024,3392,3367,2976,2424
0072,2006-05-11T00:00:00Z,1952,1784,1663,1640,1712,2143,2672,2408,2080,2112,2120,2143,2120,2048,2064,2208,2544,2719,2768,2800,3089,3295,2873,2344
0072,2006-05-12T00:00:00Z,1960,1824,1817,1920,2056,2568,3264,3000,2568,2392,2168,2040,2080,2072,2024,2056,2344,2417,2455,2456,2872,3024,2736,2328
0072,2006-05-13T00:00:00Z,2009,1840,1760,1768,1832,2056,2256,2472,2736,2752,2720,2664,2672,2704,2824,2936,2968,2984,2896,2753,2944,3168,2896,2472
0072,2006-05-14T00:00:00Z,2016,1793,1720,1680,1664,1752,1855,2312,2912,3040,2952,2664,2624,2568,2407,2384,2352,2560,2616,2736,3041,3168,2719,2256
0072,2006-05-15T00:00:00Z,1961,1776,1744,1784,1936,2464,3041,2776,2544,2544,2568,2352,2240,2112,2080,2200,2456,2688,2832,3048,3408,3232,2784,2256
0072,2006-05-16T00:00:00Z,1985,1912,1896,1920,2152,2720,3448,3120,2576,2400,2248,2153,2104,2072,2032,2136,2504,2736,2887,3072,3344,3416,2839,2280
0072,2006-05-17T00:00:00Z,1896,1841,1776,1807,2009,2632,3256,2921,2400,2224,2128,2112,2096,2104,2120,2184,2472,2816,2976,2928,3271,3344,2864,2248
0072,2006-05-18T00:00:00Z,1896,1728,1672,1680,1776,2336,2968,2681,2256,2215,2160,2153,2112,2095,2009,2040,2311,2528,2640,2808,3080,3127,2832,2240
0072,2006-05-19T00:00:00Z,1920,1816,1776,1832,2000,2527,3209,2880,2544,2431,2192,2072,2104,2088,2064,2176,2465,2599,2592,2568,2712,2984,2696,2263
0072,2006-05-20T00:00:00Z,1992,1793,1711,1664,1680,1848,1920,2112,2472,2768,2736,2680,2752,2784,2960,3016,3233,3336,3343,3192,3216,3368,2976,2544
0072,2006-05-21T00:00:00Z,2104,1865,1711,1649,1639,1688,1728,2160,2656,2856,2744,2624,2880,3055,3200,3448,3665,3840,3823,3737,3808,3968,3319,2624
0072,2006-05-22T00:00:00Z,2088,1848,1720,1673,1704,2071,2520,2384,2136,2176,2096,2152,2192,2272,2369,2488,2848,3128,3336,3320,3448,3704,3024,2296
0072,2006-05-23T00:00:00Z,1944,1728,1640,1632,1728,2232,2767,2624,2176,2088,2081,2088,2080,2128,2288,2512,2952,3360,3384,3296,3352,3521,2959,2321
0072,2006-05-24T00:00:00Z,1888,1720,1664,1672,1776,2384,3040,2744,2224,2072,2008,2048,2128,2177,2280,2623,3080,3424,3552,3360,3353,3568,3120,2416
0072,2006-05-25T00:00:00Z,1937,1759,1625,1624,1680,2136,2608,2400,2081,2095,2112,2321,2608,2768,3000,3415,3977,4336,4296,4168,4224,4568,3912,2968
0072,2006-05-26T00:00:00Z,2400,2096,1936,1865,1888,2232,2664,2608,2480,2632,2792,3152,3424,3424,3704,4032,4432,4472,4304,4039,3953,4135,3704,3128
0072,2006-05-27T00:00:00Z,2599,2297,2080,1944,1896,1896,1936,2264,2816,3400,3544,3720,3944,4096,4409,4632,4792,4888,4664,4312,4073,4192,3624,3104
0072,2006-05-28T00:00:00Z,2544,2184,1960,1840,1817,1768,1728,2168,2863,3320,3584,3847,4200,4520,4648,5024,5248,5369,5143,4784,4472,4512,3936,3103
0072,2006-05-29T00:00:00Z,2544,2192,1992,1888,1832,1856,1807,2048,2560,3089,3696,4312,4768,5057,5383,5681,5968,6024,5920,5528,5264,5335,4448,3376
0072,2006-05-30T00:00:00Z,2705,2359,2184,2000,1992,2304,2664,2592,2480,2896,3280,3792,4352,4768,4976,5264,5688,6127,6185,5712,5479,5585,4624,3656
0072,2006-05-31T00:00:00Z,2944,2568,2272,2144,2152,2393,2856,2752,2520,2744,3192,3600,4087,4457,4776,5191,5624,5920,5976,5664,5376,5384,4544,3640
0072,2006-06-01T00:00:00Z,2976,2608,2393,2263,2312,2544,2912,2976,2784,3088,3544,4040,4568,4888,4856,4312,4232,4464,4384,4376,4591,4520,3904,3176
0072,2006-06-02T00:00:00Z,2544,2264,2128,2024,2064,2368,2744,2664,2512,2800,3240,3776,4208,4384,4680,4840,4536,4376,4176,3800,3712,3904,3552,3024
0072,2006-06-03T00:00:00Z,2576,2288,2167,2072,2048,2104,2136,2408,2784,3055,3320,3552,3896,4015,4289,4440,4560,4591,4416,3984,3720,3737,3400,2792
0072,2006-06-04T00:00:00Z,2335,2009,1807,1745,1704,1672,1664,2032,2640,3016,3168,3368,3608,3847,3872,4056,4240,4128,3857,3688,3712,3792,3240,2648
0072,2006-06-05T00:00:00Z,2144,1888,1768,1712,1752,2096,2424,2263,2088,2168,2264,2352,2496,2536,2568,2680,2897,3103,3248,3168,3296,3552,3096,2392
0072,2006-06-06T00:00:00Z,1960,1784,1696,1649,1696,2048,2416,2288,2143,2208,2216,2344,2504,2600,2640,2839,3144,3512,3576,3328,3440,3712,3192,2489
0072,2006-06-07T00:00:00Z,1992,1776,1656,1632,1687,2064,2465,2311,2120,2152,2249,2488,2832,3168,3392,3688,4048,4457,4576,4240,4056,4232,3624,2800
0072,2006-06-08T00:00:00Z,2264,2016,1848,1744,1800,2144,2280,2264,2143,2240,2408,2575,2840,3104,3031,2705,2904,2992,3104,3096,3192,3544,3088,2489
0072,2006-06-09T00:00:00Z,2008,1808,1696,1648,1721,2008,2176,2184,2184,2384,2568,2936,3199,3497,3727,4049,4360,4408,4344,4097,3832,4040,3559,2969
0072,2006-06-10T00:00:00Z,2424,2056,1896,1792,1760,1808,1903,2160,2568,2993,3151,3408,3809,3952,4032,4368,4616,4600,4344,3960,3912,3968,3552,3048
0072,2006-06-11T00:00:00Z,2568,2239,2057,1920,1824,1840,1768,2072,2592,3064,3089,3103,3377,3631,4001,4375,4752,4520,4160,3976,3904,4032,3584,2920
0072,2006-06-12T00:00:00Z,2456,2120,2023,1937,1944,2167,2280,2328,2345,2496,2808,3127,3264,3176,3080,3367,3713,3864,3648,3616,3448,3737,3319,2681
0072,2006-06-13T00:00:00Z,2184,1912,1792,1745,1800,1992,2167,2225,2215,2369,2671,3032,3192,3240,3432,3616,3896,4184,4080,3912,3928,4072,3600,2945
0072,2006-06-14T00:00:00Z,2400,2143,1976,1912,1928,2184,2344,2312,2280,2376,2464,2520,2489,2448,2479,2760,3192,3689,3736,3624,3432,3800,3343,2624
0072,2006-06-15T00:00:00Z,2152,1920,1793,1704,1728,1975,2105,2143,2192,2344,2624,2848,3065,3271,3632,3944,4272,4536,4471,4232,3952,4136,3576,2864
0072,2006-06-16T00:00:00Z,2311,2000,1808,1759,1776,2000,2168,2248,2232,2432,2688,3040,3448,3857,4152,4456,4720,4865,4879,4512,4184,4104,3816,3080
0072,2006-06-17T00:00:00Z,2599,2208,1992,1889,1855,1848,1817,2080,2496,2992,3440,3880,4376,4696,5064,5328,5513,5592,5311,4880,4488,4584,4184,3480
0072,2006-06-18T00:00:00Z,2896,2456,2208,2008,1944,1904,1840,2280,3040,3632,3912,4136,4528,4784,5040,5320,5440,5480,5232,4864,4616,4592,3952,3240
0072,2006-06-19T00:00:00Z,2600,2304,2143,2000,1984,2201,2263,2288,2448,2648,2968,3360,3728,4200,4624,4944,5120,5311,5256,4928,4624,4808,4256,3415
0072,2006-06-20T00:00:00Z,2736,2384,2168,2056,2016,2232,2344,2376,2585,2976,3552,3960,4480,4824,5064,5416,5760,5897,5968,5664,5296,5321,4552,3752
0072,2006-06-21T00:00:00Z,3064,2664,2384,2224,2152,2336,2432,2479,2777,3192,3751,4448,4968,5400,5664,5744,5959,6288,6473,5863,5424,5456,4752,3904
0072,2006-06-22T00:00:00Z,3152,2736,2552,2359,2304,2544,2640,2705,2887,3353,4024,4800,5352,5816,6016,6288,6456,6352,6185,5968,5816,5872,5264,4312
0072,2006-06-23T00:00:00Z,3640,3257,2976,2760,2704,2848,2912,2984,3136,3680,4048,4432,4920,5432,5728,5945,6151,6257,5928,5032,4592,4327,3953,3456
0072,2006-06-24T00:00:00Z,2992,2608,2393,2304,2215,2225,2167,2520,2952,3408,3824,4160,4672,4992,5136,5368,5561,5608,4736,4279,4536,4856,4424,3768
0072,2006-06-25T00:00:00Z,3199,2801,2592,2440,2424,2360,2328,2616,3328,3864,4000,4289,4792,5384,5503,5448,4736,4432,4136,4032,4128,4256,3768,3175
0072,2006-06-26T00:00:00Z,2648,2400,2280,2192,2232,2472,2623,2712,2832,3240,3704,4104,4440,4720,4968,4928,4832,4512,4432,4240,4169,4056,3583,3120
0072,2006-06-27T00:00:00Z,2609,2311,2120,2008,2040,2345,2496,2592,2736,2832,3127,3305,3487,3560,3504,3384,3504,3688,3881,3976,3816,4040,3552,2976
0072,2006-06-28T00:00:00Z,2464,2176,2033,1944,1951,2192,2304,2416,2544,2921,3408,3919,4448,4808,5095,5376,5640,5832,5808,5448,5000,4920,4256,3439
0072,2006-06-29T00:00:00Z,2736,2352,2153,2008,1984,2177,2239,2352,2561,2856,3295,3728,4168,4536,4736,4960,5144,4984,4841,4480,4304,4567,4025,3288
0072,2006-06-30T00:00:00Z,2695,2328,2144,2008,1976,2144,2224,2400,2536,2808,3144,3608,3952,4208,4544,4792,5056,5168,4928,4416,4135,4145,3727,3072
0072,2006-07-01T00:00:00Z,2600,2296,2033,1927,1913,1936,1856,2112,2520,3031,3584,4208,4632,4975,5264,5440,5688,5777,5544,5136,4831,4704,4248,3672
0072,2006-07-02T00:00:00Z,3120,2657,2320,2264,2152,2104,2040,2393,3240,3919,4313,4800,5352,5728,6032,6168,6400,6456,6320,5776,5384,5232,4608,3856
0072,2006-07-03T00:00:00Z,3272,2784,2479,2321,2224,2296,2432,2688,2968,3480,4136,4832,5479,5993,6216,6367,6696,6696,6512,5952,5424,5360,4768,4104
0072,2006-07-04T00:00:00Z,3472,3041,2688,2464,2352,2304,2216,2520,3168,3976,4808,5568,6160,6496,6752,6904,7032,6968,6440,5680,5104,4457,4288,3752
0072,2006-07-05T00:00:00Z,3216,2839,2633,2488,2392,2609,2632,2720,2880,3247,3689,4015,4176,4169,4600,5056,5232,5376,5321,5071,4457,4183,3728,3128
0072,2006-07-06T00:00:00Z,2760,2551,2376,2288,2264,2496,2616,2608,2664,2688,2888,3127,3137,3240,3511,3833,4072,4408,4368,4200,3953,4152,3607,2897
0072,2006-07-07T00:00:00Z,2392,2080,1944,1832,1864,2072,2216,2239,2312,2472,2744,2959,3272,3472,3656,3864,4136,4368,4255,3944,3560,3712,3392,2760
0072,2006-07-08T00:00:00Z,2304,2008,1824,1752,1712,1800,1696,1960,2264,2640,3016,3248,3552,3792,4008,4272,4576,4721,4504,4128,3832,3905,3504,2968
0072,2006-07-09T00:00:00Z,2448,2120,1927,1856,1800,1808,1711,2033,2568,3007,3176,3416,3679,3848,3992,4039,4136,4232,4183,4040,3840,4064,3607,2904
0072,2006-07-10T00:00:00Z,2448,2105,1968,1888,1864,2120,2240,2296,2368,2768,3208,3720,4128,4520,4896,5200,5561,5824,5680,5369,5119,5096,4408,3689
0072,2006-07-11T00:00:00Z,3079,2705,2455,2304,2249,2479,2544,2600,2816,3175,3617,4080,4480,4984,5417,5704,5888,5880,5640,5328,5191,5288,4712,3832
0072,2006-07-12T00:00:00Z,3208,2864,2608,2528,2544,2792,2848,2968,3137,3487,4097,4648,5144,5536,5840,6160,6336,6448,6440,5960,5688,5688,5056,4240
0072,2006-07-13T00:00:00Z,3593,3127,2856,2705,2647,2912,2992,3072,3296,3632,4192,4864,5352,5720,6000,6384,6288,6448,5784,4697,4624,4544,4456,3648
0072,2006-07-14T00:00:00Z,3112,2768,2536,2424,2384,2656,2825,2887,2904,3449,3976,4560,5176,5441,5287,4776,5048,5248,5081,4720,4560,4608,4192,3569
0072,2006-07-15T00:00:00Z,3079,2729,2520,2368,2320,2352,2336,2616,2992,3512,4008,4576,5040,5112,5160,5496,5784,5720,5360,4975,4721,4783,4392,3792
0072,2006-07-16T00:00:00Z,3248,2872,2616,2408,2288,2263,2177,2544,3352,4152,4568,4879,5376,5657,5824,6040,6192,6305,6424,6040,5489,5503,4688,3728
0072,2006-07-17T00:00:00Z,3096,2704,2416,2240,2200,2393,2496,2599,2801,3295,4049,4632,5296,5688,6064,6312,6593,6727,6857,6480,6088,5888,5088,4096
0072,2006-07-18T00:00:00Z,3352,2976,2681,2488,2432,2608,2688,2784,2992,3456,4025,4752,5383,5784,6072,6368,6664,6785,6727,6209,5959,5561,5047,4080
0072,2006-07-19T00:00:00Z,3425,3007,2688,2489,2416,2616,2688,2776,2976,3329,3871,4568,5336,5839,6336,6480,6792,6584,5672,5368,5080,5096,4368,3552
0072,2006-07-20T00:00:00Z,3000,2656,2448,2273,2215,2417,2560,2608,2760,3041,3592,4256,4800,5272,5592,6008,6280,6312,6024,5656,5417,5440,4632,3808
0072,2006-07-21T00:00:00Z,3248,2832,2624,2464,2424,2592,2752,2864,3016,3368,3896,4552,5144,5280,5263,5297,5704,6064,6096,5816,5624,5688,5128,4344
0072,2006-07-22T00:00:00Z,3816,3456,3184,2952,2792,2760,2704,2808,3272,3832,4352,4808,5088,5263,5664,5904,5760,5753,5464,5344,5112,5064,4448,3688
0072,2006-07-23T00:00:00Z,3144,2792,2552,2392,2288,2304,2280,2551,3072,3600,3896,4928,3600,3840,4056,4975,5744,5840,5560,5344,5120,4976,4327,3528
0072,2006-07-24T00:00:00Z,2897,2544,2328,2239,2160,2417,2472,2503,2681,3064,3592,4145,4528,4656,4696,4832,5160,5328,5264,4999,4992,5064,4337,3472
0072,2006-07-25T00:00:00Z,2912,2584,2456,2344,2344,2585,2719,2648,2648,2856,3103,3425,3496,3440,3616,4048,4464,4841,4999,4841,4720,4704,4096,3305
0072,2006-07-26T00:00:00Z,2760,2431,2280,2216,2184,2448,2568,2592,2632,2945,3343,3920,4624,5168,5576,5935,6008,6168,6168,5952,5560,5504,4752,4040
0072,2006-07-27T00:00:00Z,3408,3016,2744,2584,2568,2744,2880,2856,2959,3312,3992,4592,5095,5441,5712,5632,5592,5888,6040,5840,5647,5705,4984,4168
0072,2006-07-28T00:00:00Z,3560,3192,2944,2760,2696,2896,2976,2921,3216,3744,4471,5129,5712,5976,6072,6072,6295,6336,6257,5784,5647,5640,4985,3847
0072,2006-07-29T00:00:00Z,3377,3031,2768,2648,2527,2513,2551,2672,3048,3568,3944,4336,4968,5657,6000,6079,6233,5959,5664,5417,5095,5048,4552,3920
0072,2006-07-30T00:00:00Z,3288,2896,2712,2561,2440,2360,2272,2608,3320,3880,4256,4688,5392,6008,6256,6352,6545,6679,6464,6152,5968,5968,5201,4288
0072,2006-07-31T00:00:00Z,3592,3168,2897,2712,2671,2792,2904,2872,3113,3648,4399,5088,5696,6104,6040,6584,6439,6792,7080,6840,6624,6312,5489,4615
0072,2006-08-01T00:00:00Z,3953,3487,3152,2936,2863,3048,3128,3120,3248,3775,4568,5424,6048,6408,6656,6760,6912,7120,7265,7128,6712,6648,5768,4816
0072,2006-08-02T00:00:00Z,4128,3720,3384,3168,3064,3216,3272,3248,3528,4072,4768,5576,6184,6449,6600,6520,6800,6967,6929,6775,6840,6497,5623,4784
0072,2006-08-03T00:00:00Z,4152,3752,3456,3184,3088,3248,3344,3336,3520,4096,4817,5544,6040,6416,6328,6328,6488,6616,6536,6496,6488,6376,5664,4841
0072,2006-08-04T00:00:00Z,4200,3792,3496,3272,3112,3232,3296,3288,3560,4135,4728,5408,5976,6248,6456,6592,6600,6712,6528,6473,6208,6088,5417,4816
0072,2006-08-05T00:00:00Z,4168,3696,3360,3137,3000,2968,2904,3136,3528,3920,4368,4744,5208,5609,5736,5928,6168,6103,5921,5640,5464,5400,5040,4376
0072,2006-08-06T00:00:00Z,3864,3295,2936,2832,2768,2728,2688,2912,3528,3799,3936,4080,4592,5208,5584,5825,6040,6216,6216,5952,5792,5544,4879,4176
0072,2006-08-07T00:00:00Z,3593,3232,2936,2808,2760,2976,3088,3032,3223,3720,4313,4872,5407,5856,5912,6048,6376,6665,6544,6248,6295,6113,5272,4408
0072,2006-08-08T00:00:00Z,3785,3360,3096,2920,2840,3000,3079,3056,3224,3631,4400,5120,5584,5912,6120,5200,5352,5624,5800,5752,5552,5608,4841,4072
0072,2006-08-09T00:00:00Z,3464,3048,2839,2720,2648,2872,3064,2993,3079,3320,3448,3696,4272,4560,4800,5177,5568,5911,5840,5512,5496,5465,4687,3953
0072,2006-08-10T00:00:00Z,3480,3088,2832,2680,2664,2921,3199,3072,3072,3353,3751,4280,4968,5328,5816,6120,6432,6544,6416,6072,5976,5856,5023,4256
0072,2006-08-11T00:00:00Z,3696,3336,3024,2816,2736,3000,3160,3088,3041,3096,3223,3336,3512,3472,3353,3304,3480,3672,3664,3632,3872,3919,3600,3113
0072,2006-08-12T00:00:00Z,2704,2448,2280,2216,2208,2200,2296,2328,2624,2952,3160,3320,3376,3545,3648,3648,3655,3600,3488,3424,3608,3656,3424,2952
0072,2006-08-13T00:00:00Z,2536,2225,2008,1912,1856,1888,1856,2080,2657,3064,3432,3632,4056,4360,4576,4800,5016,5232,5105,4792,4864,4728,3992,3200
0072,2006-08-14T00:00:00Z,2623,2297,2088,2016,2088,2479,2921,2464,2480,2695,3056,3448,3953,4360,4720,5048,5448,5744,5647,5393,5544,5215,4368,3545
0072,2006-08-15T00:00:00Z,2983,2664,2448,2288,2320,2688,3176,2832,2776,3000,3272,3752,4032,4279,4520,4832,5407,5688,5856,5720,5680,5408,4592,3808
0072,2006-08-16T00:00:00Z,3264,2968,2768,2656,2592,2928,3408,3056,2920,3137,3367,3752,4288,4664,4928,5296,5736,5880,5848,5544,5456,5232,4448,3520
0072,2006-08-17T00:00:00Z,2952,2584,2345,2215,2177,2560,3008,2695,2592,2825,3184,3696,3944,4176,4512,4912,5392,5616,5585,5280,5296,4984,4136,3256
0072,2006-08-18T00:00:00Z,2688,2352,2184,2081,2056,2496,2960,2536,2400,2720,2992,3280,3680,4168,4664,5072,5488,5672,5584,4432,4841,4888,4160,3504
0072,2006-08-19T00:00:00Z,2959,2640,2417,2304,2272,2280,2264,2479,2873,3288,3552,4056,4615,5153,5584,5928,6064,6065,5839,5192,5376,5136,4504,3968
0072,2006-08-20T00:00:00Z,3304,2960,2680,2504,2376,2400,2408,2623,3368,4112,4536,4984,5544,5848,6032,6136,6152,6088,5792,5512,5609,5407,4584,3776
0072,2006-08-21T00:00:00Z,3200,2880,2640,2527,2448,2777,3288,2896,2792,3031,3464,3888,4320,4488,4816,5201,5584,5920,5928,5657,5752,5432,4512,3616
0072,2006-08-22T00:00:00Z,3032,2728,2536,2456,2448,2856,3296,3064,2848,2960,3280,3744,4200,4608,5057,5440,5672,5848,5824,5720,5848,5520,4592,3800
0072,2006-08-23T00:00:00Z,3288,2992,2840,2712,2671,3008,3480,3064,2928,3137,3552,3928,4376,4744,5056,5544,5945,6184,6112,5681,5695,5336,4456,3593
0072,2006-08-24T00:00:00Z,3000,2688,2400,2272,2280,2632,3072,2777,2671,3000,3473,4096,4576,5000,5096,5064,5304,5704,5600,5296,5448,5168,4296,3472
0072,2006-08-25T00:00:00Z,2904,2576,2376,2208,2215,2568,3056,2672,2599,2832,3329,3895,4464,4896,5153,5536,5864,5944,5688,5176,5184,4841,4248,3616
0072,2006-08-26T00:00:00Z,3080,2671,2393,2239,2168,2208,2288,2368,2896,3497,4120,4752,5328,5848,6080,6408,6552,6400,6176,5552,5416,5096,4519,3809
0072,2006-08-27T00:00:00Z,3208,2848,2552,2336,2239,2249,2263,2432,3184,3881,4183,4616,5240,5719,6041,6264,6376,6320,6223,5705,5896,5408,4495,3680
0072,2006-08-28T00:00:00Z,3096,2736,2480,2328,2344,2680,3161,2776,2584,3072,3665,4351,5048,5504,5848,6200,6648,6912,6751,6377,6624,5944,4968,4128
0072,2006-08-29T00:00:00Z,3472,3113,2904,2743,2729,3088,3568,3240,3192,3560,4152,4784,5440,5824,6185,6544,6728,7128,6991,6704,6840,6304,4769,3823
0072,2006-08-30T00:00:00Z,3392,2992,2801,2671,2664,2984,3528,3128,2959,2904,3192,3864,4328,4776,5344,5729,5992,4696,3864,3816,5000,4696,4025,3400
0072,2006-08-31T00:00:00Z,2944,2720,2544,2440,2448,2784,3336,3017,2815,2744,2792,2848,2904,2808,2744,2839,3128,3328,3473,3751,4056,3792,3176,2672
0072,2006-09-01T00:00:00Z,2304,2119,2000,1912,1961,2280,2904,2575,2321,2304,2311,2312,2296,2312,2312,2416,2600,2712,2808,2848,3096,3008,2791,2441
0072,2006-09-02T00:00:00Z,2088,1903,1784,1752,1784,1840,1936,2016,2417,2728,2944,3264,3593,3895,4176,4400,4512,4560,4344,4288,4409,4144,3696,3176
0072,2006-09-03T00:00:00Z,2688,2392,2240,2136,2104,2072,2095,2240,2792,3280,3384,3552,3984,4312,4784,5080,5240,5200,4920,4688,4784,4440,3943,3408
0072,2006-09-04T00:00:00Z,2904,2561,2392,2256,2256,2296,2360,2336,2568,2952,3192,3271,3320,3248,3144,3088,3376,3473,3463,3624,3929,3655,3056,2496
0072,2006-09-05T00:00:00Z,2144,1944,1855,1832,1896,2280,2856,2520,2264,2239,2393,2488,2656,2993,3088,3272,3480,3655,3672,3929,4272,4000,3248,2647
0072,2006-09-06T00:00:00Z,2304,2120,1976,1912,1936,2304,2912,2480,2224,2240,2335,2616,2864,3264,3352,3600,4040,4400,4504,4256,4495,4136,3480,2760
0072,2006-09-07T00:00:00Z,2304,2072,1927,1856,1896,2312,2832,2464,2272,2160,2201,2208,2263,2360,2392,2720,3192,3568,3600,3608,4168,3905,3295,2720
0072,2006-09-08T00:00:00Z,2280,2064,1944,1880,1903,2304,2936,2520,2304,2272,2352,2696,3032,3256,3384,3568,3824,4040,3895,3648,3872,3592,3281,2791
0072,2006-09-09T00:00:00Z,2352,2136,2000,1912,1889,2016,2128,2160,2544,2960,3160,3480,3872,4240,4536,4688,4888,4664,4368,4240,4400,4152,3511,3048
0072,2006-09-10T00:00:00Z,2585,2263,2112,2009,1968,1936,2024,2136,2824,3216,3416,3655,4112,4456,4529,4416,4288,4200,4032,4048,4352,3904,3272,2616
0072,2006-09-11T00:00:00Z,2152,1992,1872,1817,1840,2272,2849,2496,2224,2280,2384,2287,2352,2336,2480,2728,3272,3679,3728,3856,4272,3912,3200,2584
0072,2006-09-12T00:00:00Z,2201,1968,1888,1848,1856,2287,2880,2513,2248,2184,2184,2248,2273,2296,2328,2456,2752,2992,3161,3424,3680,3439,3008,2424
0072,2006-09-13T00:00:00Z,2032,1872,1793,1776,1824,2287,2816,2456,2184,2224,2240,2208,2232,2200,2112,2280,2656,2960,3136,3336,3521,3280,2728,2249
0072,2006-09-14T00:00:00Z,1968,1831,1800,1760,1832,2248,2824,2465,2224,2264,2280,2376,2440,2584,2753,2935,3281,3511,3456,3552,3912,3768,3120,2552
0072,2006-09-15T00:00:00Z,2120,1920,1816,1768,1800,2216,2808,2432,2160,2232,2320,2416,2633,2832,2952,3160,3456,3520,3336,3209,3487,3281,2952,2527
0072,2006-09-16T00:00:00Z,2184,1976,1840,1800,1793,1912,2040,2096,2544,2743,2864,3008,3280,3616,3800,3960,4096,4121,3760,3616,3792,3569,3184,2672
0072,2006-09-17T00:00:00Z,2296,2008,1865,1800,1768,1824,1888,2081,2800,3048,3120,3200,3472,3800,4015,4217,4392,4416,4248,4192,4400,3928,3240,2648
0072,2006-09-18T00:00:00Z,2191,2016,1889,1783,1824,2201,2743,2384,2096,2232,2464,2768,3072,3376,3728,4096,4416,4632,4544,4584,4720,4216,3512,2864
0072,2006-09-19T00:00:00Z,2440,2184,2064,1984,2024,2464,3024,2736,2576,2608,2760,3072,3360,3473,3664,3760,4224,4400,4232,4176,4351,3944,3200,2527
0072,2006-09-20T00:00:00Z,2144,1936,1808,1768,1824,2249,2800,2432,2160,2080,2168,2232,2320,2432,2536,2784,3040,3200,3136,3305,3456,3304,2800,2240
0072,2006-09-21T00:00:00Z,1880,1800,1744,1720,1856,2368,3072,2672,2352,2312,2167,2105,2056,2016,2096,2311,2552,2728,2816,3200,3576,3256,2832,2352
0072,2006-09-22T00:00:00Z,1952,1824,1752,1728,1872,2287,2856,2480,2296,2280,2225,2119,2072,2128,2208,2256,2480,2648,2704,2976,3152,3016,2816,2479
0072,2006-09-23T00:00:00Z,2160,1952,1872,1816,1832,1952,2143,2184,2568,2960,3120,3296,3583,3744,4032,4344,4505,4495,4272,4280,4456,4073,3624,3136
0072,2006-09-24T00:00:00Z,2712,2416,2216,2104,2081,2128,2240,2479,3128,3616,3449,3624,3823,3872,3968,4144,4360,4272,4208,4416,4712,4152,3463,2864
0072,2006-09-25T00:00:00Z,2352,2112,1984,1880,1968,2328,2888,2544,2311,2288,2256,2248,1824,2600,2648,2776,3096,3280,3281,3664,3848,3448,2816,2280
0072,2006-09-26T00:00:00Z,1951,1824,1769,1704,1816,2304,2952,2632,2304,2256,2208,2216,2248,2352,2441,2575,2888,3032,3088,3456,3744,3360,2792,2208
0072,2006-09-27T00:00:00Z,1951,1784,1720,1697,1752,2280,2959,2520,2225,2176,2128,2177,2248,2368,2369,2560,2952,3160,3233,3520,3672,3368,2856,2304
0072,2006-09-28T00:00:00Z,1960,1784,1711,1680,1776,2288,2880,2536,2232,2177,2136,2208,2311,2472,2537,2743,2928,2753,3088,3352,3464,3240,2776,2297
0072,2006-09-29T00:00:00Z,1903,1824,1752,1697,1840,2328,3040,2705,2392,2336,2256,2191,2177,2224,2184,2264,2448,2599,2696,3080,3223,3032,2760,2456
0072,2006-09-30T00:00:00Z,2143,2033,1944,1912,1968,2224,2465,2616,2959,3041,2944,2808,2600,2512,2576,2656,2792,2848,2760,3216,3280,3113,2743,2384
0072,2006-10-01T00:00:00Z,2080,1880,1800,1744,1745,1848,1984,2272,2816,3112,2936,2800,2912,3048,3168,3312,3424,3584,3368,3592,3912,3504,2840,2376
0072,2006-10-02T00:00:00Z,1992,1807,1760,1712,1848,2335,3008,2656,2393,2368,2248,2312,2344,2480,2600,2824,3152,3408,3336,3631,3800,3360,2784,2312
0072,2006-10-03T00:00:00Z,1968,1831,1760,1760,1872,2392,3056,2688,2455,2280,2256,2249,2287,2441,2616,2928,3264,3391,3401,3760,3832,3488,2888,2368
0072,2006-10-04T00:00:00Z,1992,1840,1752,1728,1793,2239,2928,2576,2208,2184,2256,2408,2640,2872,3136,3536,3864,3984,3808,4128,4080,3816,3216,2544
0072,2006-10-05T00:00:00Z,2088,1889,1783,1752,1817,2280,2880,2536,2336,2320,2336,2520,2824,3016,3248,3496,3624,3600,3576,4025,3952,3560,3127,2576
0072,2006-10-06T00:00:00Z,2176,2016,1913,1879,1920,2232,2816,2608,2360,2360,2424,2335,2321,2248,2272,2297,2544,2760,2920,3384,3288,3152,2952,2640
0072,2006-10-07T00:00:00Z,2352,2167,2072,2096,2128,2296,2504,2760,3160,3600,3584,3504,3320,3288,3256,3240,3304,3464,3568,3872,3816,3528,3152,2712
0072,2006-10-08T00:00:00Z,2416,2240,2136,2088,2080,2168,2304,2623,3072,3440,3256,3041,3144,3160,2976,2928,2848,2969,3024,3568,3720,3424,2960,2544
0072,2006-10-09T00:00:00Z,2192,2047,2081,2088,2191,2760,3281,2896,2336,2632,2400,2304,2312,2272,2336,2431,2681,2968,3096,3680,3775,3416,2808,2360
0072,2006-10-10T00:00:00Z,2016,1927,1832,1872,1984,2561,3208,2896,2592,2448,2288,2272,2336,2400,2472,2664,2936,3127,3185,3823,3824,3440,2800,2336
0072,2006-10-11T00:00:00Z,2023,1856,1792,1769,1903,2312,2960,2647,2376,2360,2320,2249,2208,2184,2088,2184,2527,2832,3065,3655,3632,3432,2816,2320
0072,2006-10-12T00:00:00Z,1976,1831,1752,1721,1816,2280,2904,2608,2345,2344,2280,2272,2256,2312,2312,2455,2672,2776,2904,3576,3641,3336,2944,2432
0072,2006-10-13T00:00:00Z,2167,2081,2040,2119,2360,2960,3847,3576,3336,3128,2824,2568,2408,2264,2215,2256,2448,2720,2992,3536,3616,3656,3536,3343
0072,2006-10-14T00:00:00Z,3176,3128,3112,3288,3464,3808,4224,4592,4783,4409,3832,3312,3120,2848,2705,2688,2704,2816,2992,3504,3800,3768,3568,3440
0072,2006-10-15T00:00:00Z,3192,3232,3256,3432,3641,3871,4232,4688,5304,4807,3800,3264,3008,2944,2824,2777,2815,2936,3144,3712,3888,3665,3240,2832
0072,2006-10-16T00:00:00Z,2616,2592,2575,2672,2856,3488,3799,3776,3592,3360,3161,2887,2825,2647,2552,2560,2801,3175,3545,4024,4032,3720,3208,2705
0072,2006-10-17T00:00:00Z,2352,2248,2184,2232,2352,2904,3536,3319,2936,2912,2824,2784,2728,2609,2464,2576,2920,3240,3504,3816,3728,3367,2801,2296
0072,2006-10-18T00:00:00Z,2008,1872,1784,1800,1944,2424,3056,2688,2424,2328,2232,2167,2264,2336,2392,2648,3000,3304,3440,3808,3832,3504,2928,2376
0072,2006-10-19T00:00:00Z,2033,1824,1704,1704,1776,2256,2944,2720,2352,2184,2224,2224,2240,2216,2143,2168,2464,2768,3104,3552,3528,3280,2776,2304
0072,2006-10-20T00:00:00Z,1944,1808,1704,1672,1721,2184,2760,2551,2240,2264,2311,2321,2304,2328,2311,2384,2528,2664,2632,3144,3096,3000,2848,2600
0072,2006-10-21T00:00:00Z,2368,2297,2287,2376,2537,2872,3136,3528,3905,3808,3392,3072,2880,2664,2616,2647,2640,2688,2832,3440,3416,3400,3320,3112
0072,2006-10-22T00:00:00Z,2840,2815,2801,2839,2952,3089,3208,3504,4040,4255,4016,3664,3560,3488,3024,2880,2856,3016,3200,3736,3864,3528,3096,2712
0072,2006-10-23T00:00:00Z,2392,2352,2408,2584,2825,3511,4424,4144,3809,3400,3088,2960,2824,2696,2496,2480,2784,3304,3992,4696,4864,4656,4184,3720
0072,2006-10-24T00:00:00Z,3552,3584,3607,3656,3896,4759,5544,5208,4664,3992,3535,3192,2945,2719,2496,2657,2920,3312,4048,4889,5040,4831,4496,4056
0072,2006-10-25T00:00:00Z,3928,3929,3976,4072,4256,4912,5688,5201,4648,4352,3784,3344,2887,2736,2568,2609,2767,3161,3679,4352,4512,4552,4064,3688
0072,2006-10-26T00:00:00Z,3569,3576,3664,3792,4112,4896,5599,5057,4608,4176,3727,3161,2887,2585,2608,2696,2896,3232,3833,4327,4376,4160,3768,3280
0072,2006-10-27T00:00:00Z,2968,2840,2768,2776,2944,3488,4176,3864,3344,3408,3288,3271,3233,3184,3136,3288,3672,3800,4080,4048,3920,3688,3329,2904
0072,2006-10-28T00:00:00Z,2599,2400,2328,2256,2232,2393,2544,2848,3208,3353,3216,3064,2896,2777,2736,2704,2776,2897,3088,3648,3640,3569,3511,3272
0072,2006-10-29T00:00:00Z,3056,2940,2920,3112,3224,3424,3792,4280,4616,4159,3416,2952,2872,2768,2608,2537,2695,2969,3487,3600,3560,3272,2848,2568
0072,2006-10-30T00:00:00Z,2400,2392,2432,2552,2872,3544,4265,3760,3056,2712,2503,2297,2215,2088,2088,2264,2464,2856,3536,3600,3456,3184,2768,2296
0072,2006-10-31T00:00:00Z,2096,2024,1992,2143,2336,2960,3679,3281,2736,2496,2280,2160,2095,2064,2009,2056,2336,2728,3096,3056,3256,3160,2768,2320
0072,2006-11-01T00:00:00Z,2009,1975,1968,2016,2136,2720,3424,2993,2599,2376,2168,2072,2080,2120,2128,2272,2480,2984,3544,3512,3432,3175,2616,2144
0072,2006-11-02T00:00:00Z,1848,1744,1673,1656,1776,2296,2920,2705,2440,2328,2352,2280,2192,2032,2072,2176,2544,3296,3895,4145,4344,4224,3856,3536
0072,2006-11-03T00:00:00Z,3400,3384,3416,3679,4016,4792,5489,4848,4248,3792,3424,3056,2776,2592,2568,2696,3103,3912,4752,4944,5057,5095,4817,4624
0072,2006-11-04T00:00:00Z,4608,4568,4711,4880,5144,5544,5743,6017,6096,5472,4648,3984,3608,3376,3208,3192,3449,4008,4672,4912,5000,4976,4855,4776
0072,2006-11-05T00:00:00Z,4712,4840,4865,5023,5177,5536,5856,6248,6184,5456,4392,3703,3408,3240,3056,2984,3280,3968,4528,4712,4800,4728,4392,4152
0072,2006-11-06T00:00:00Z,4135,4217,4272,4440,4711,5489,6199,5672,4800,3968,3343,2888,2608,2408,2232,2368,2864,3704,4416,4648,4464,4328,3720,3312
0072,2006-11-07T00:00:00Z,3103,2984,3040,3032,3160,3713,4336,3840,3552,3544,3408,3392,3368,3256,3208,3288,3689,4303,4488,4496,4248,3888,3224,2815
0072,2006-11-08T00:00:00Z,2528,2384,2352,2328,2448,3000,3592,3120,2768,2623,2576,2488,2328,2225,2104,2168,2512,3240,3664,3648,3569,3360,2880,2431
0072,2006-11-09T00:00:00Z,2177,2071,2096,2168,2359,3048,3713,3352,2808,2472,2256,2128,2120,1992,2088,2184,2376,2960,3384,3336,3336,3136,2776,2417
0072,2006-11-10T00:00:00Z,2104,2008,2009,2104,2312,2767,3272,3304,3152,2896,2705,2584,2568,2544,2568,2552,2616,2983,3312,3248,3080,2863,2616,2336
0072,2006-11-11T00:00:00Z,2024,1864,1776,1752,1832,1999,2240,2544,2800,2808,2760,2688,2705,2671,2777,2824,2872,3096,3305,3175,3104,2992,2616,2288
0072,2006-11-12T00:00:00Z,2024,1855,1800,1808,1928,2095,2465,2983,3848,4032,3448,2976,3032,2952,3024,3216,3440,4072,4560,4584,4680,4296,3808,3392
0072,2006-11-13T00:00:00Z,3128,3072,2968,2984,3127,3752,4360,3864,3401,2832,2560,2392,2256,2168,2128,2201,2424,3127,3713,3696,3568,3288,2824,2417
0072,2006-11-14T00:00:00Z,2184,2119,2192,2272,2480,3128,3871,3408,3032,2616,2392,2177,2167,2072,2008,2105,2328,3208,3704,3943,3905,3751,3408,3056
0072,2006-11-15T00:00:00Z,2800,2736,2753,2856,3000,3648,4375,3968,3480,3336,3152,3072,2904,2704,2664,2776,3080,3760,4193,4144,4016,3672,3055,2640
0072,2006-11-16T00:00:00Z,2177,1960,1872,1888,2000,2512,3089,2808,2407,2336,2312,2287,2201,2128,2064,2040,2416,3168,3689,3840,3832,3664,3152,2808
0072,2006-11-17T00:00:00Z,2608,2585,2623,2777,2959,3696,4505,4015,3449,2959,2705,2400,2263,2232,2153,2167,2592,3320,3856,4056,4112,4128,3872,3576
0072,2006-11-18T00:00:00Z,3463,3497,3544,3656,3768,4159,4385,4720,4704,4504,3857,3439,3200,2976,2768,2872,3120,3736,4152,4232,4192,4304,4168,4008
0072,2006-11-19T00:00:00Z,3864,3960,3992,4128,4352,4584,4912,5272,5513,4912,3952,3401,3192,3096,3103,3353,3688,4216,4440,4601,4680,4552,4104,3656
0072,2006-11-20T00:00:00Z,3304,3152,3175,3392,3584,4368,5016,4536,4039,3624,3281,3288,3432,3271,3120,3384,3768,4697,5184,5344,5312,5136,4624,4120
0072,2006-11-21T00:00:00Z,3960,3960,3992,4144,4376,5000,5719,5216,4832,4536,4272,3943,3696,3480,3617,4056,4567,5369,5472,5455,5384,5112,4632,4240
0072,2006-11-22T00:00:00Z,4073,3919,3968,3936,3968,4327,4632,4664,4576,4529,4552,4696,4712,4696,4640,4744,4913,5376,5479,5424,5328,5081,4696,4216
0072,2006-11-23T00:00:00Z,3881,3672,3504,3432,3472,3672,3912,4272,5056,5225,5064,4744,3880,3281,3007,2904,2849,3096,3391,3473,3655,3672,3512,3248
0072,2006-11-24T00:00:00Z,3048,3055,3104,3320,3592,3880,4280,4472,4264,3704,3328,2976,2784,2600,2496,2496,2647,3137,3535,3672,3752,3816,3736,3569
0072,2006-11-25T00:00:00Z,3496,3552,3688,3857,4087,4472,4776,4992,5032,4512,3824,3392,3112,2840,2728,2744,2856,3472,3856,3881,4056,3960,3823,3713
0072,2006-11-26T00:00:00Z,3576,3631,3752,3912,4112,4336,4736,5128,5528,4752,3895,3168,3113,2856,2752,2744,2872,3576,3912,4104,4280,3967,3713,3360
0072,2006-11-27T00:00:00Z,3199,3281,3439,3617,3991,4776,5633,5232,4624,3848,3096,2704,2512,2288,2072,2136,2575,3473,3991,4200,4208,4000,3576,3233
0072,2006-11-28T00:00:00Z,3072,3079,3152,3328,3617,4375,5201,4711,4160,3416,2839,2576,2320,2177,2071,2105,2440,3312,3888,4024,4016,3768,3192,2784
0072,2006-11-29T00:00:00Z,2552,2488,2472,2488,2657,3184,3872,3439,3032,2816,2608,2408,2287,2177,2112,2167,2480,3416,3823,3912,3881,3528,3192,2647
0072,2006-11-30T00:00:00Z,2273,2112,1999,2016,2144,2752,3440,3024,2664,2432,2280,2200,2088,2088,2008,2057,2359,3144,3672,3737,3768,3408,2848,2320
0072,2006-12-01T00:00:00Z,1944,1800,1712,1696,1793,2224,2928,2640,2368,2400,2232,2160,2177,2143,2129,2184,2416,2984,3432,3384,3319,3320,3136,2897
0072,2006-12-02T00:00:00Z,2704,2648,2712,2911,3240,3761,4336,4688,4831,4376,3880,3497,3304,3088,2952,2960,3192,3992,4360,4512,4504,4328,4056,3760
0072,2006-12-03T00:00:00Z,3512,3384,3344,3384,3432,3583,3905,4159,4848,4889,4344,4056,3799,3680,3760,3960,4224,4872,5153,5215,5105,4759,4265,3808
0072,2006-12-04T00:00:00Z,3480,3448,3416,3464,3696,4368,5239,4913,4519,4200,3848,3592,3368,3016,2897,3048,3832,5048,5784,6192,6343,5928,5384,4944
0072,2006-12-05T00:00:00Z,4736,4759,4793,4807,5112,5792,6520,5888,5096,4384,3864,3376,3120,2864,2744,2911,3464,4640,5328,5695,5912,5752,5232,4841
0072,2006-12-06T00:00:00Z,4639,4704,4856,5064,5336,6144,6919,6440,5720,4960,4224,3592,3216,2904,2688,2888,3352,4433,5191,5288,5144,4903,4296,3576
0072,2006-12-07T00:00:00Z,3281,3175,3072,3144,3401,4216,5168,4824,4224,3648,3312,3031,2808,2664,2600,2928,3584,4800,5719,6257,6496,6656,6232,5920
0072,2006-12-08T00:00:00Z,5753,5712,5848,6040,6281,7096,7864,7313,6568,5744,5280,4744,4296,4072,3752,3912,4464,5776,6288,6488,6544,6552,6353,6072
0072,2006-12-09T00:00:00Z,6072,5920,6072,6272,6487,6833,7320,7816,7824,6680,5824,5040,4360,3944,3776,3856,4264,5201,5656,5832,5880,5896,5696,5232
0072,2006-12-10T00:00:00Z,4968,4880,4912,4968,5208,5464,5688,6024,6425,5743,4736,3880,3521,3391,3233,3199,3401,4440,4824,4951,5201,4920,4447,4064
0072,2006-12-11T00:00:00Z,3856,3816,3792,3888,4184,5040,5984,5568,4920,4207,3521,3031,2696,2504,2368,2408,2815,3920,4696,4952,5080,4872,4457,4104
0072,2006-12-12T00:00:00Z,3936,3919,4097,4279,4625,5464,6152,5752,5040,4320,3512,3048,2880,2640,2551,2672,3064,4361,4984,5304,5384,5112,4528,3880
0072,2006-12-13T00:00:00Z,3456,3329,3304,3280,3432,4025,4728,4248,3775,3608,3632,3408,2952,2551,2328,2480,2944,3881,4504,4648,4625,4416,4144,3536
0072,2006-12-14T00:00:00Z,3367,3425,3552,3672,4015,4784,5600,5088,4680,4024,3264,2792,2544,2368,2280,2288,2728,3656,4192,4392,4472,4384,4024,3584
0072,2006-12-15T00:00:00Z,3336,3304,3344,3448,3720,4464,5240,4824,4328,3712,3064,2736,2496,2312,2176,2216,2624,3360,3864,3936,3960,3936,3672,3312
0072,2006-12-16T00:00:00Z,3136,3056,3072,3280,3528,3832,4313,4536,4936,4496,3808,3280,2936,2704,2633,2752,3000,3672,3952,3977,4176,4111,3912,3713
0072,2006-12-17T00:00:00Z,3528,3448,3512,3624,3760,4024,4337,4759,5232,4841,3967,3209,2952,2856,2719,2760,2952,3560,3968,4111,4224,4025,3640,3144
0072,2006-12-18T00:00:00Z,2896,2849,2856,2968,3240,3896,4704,4240,3816,3320,2839,2561,2368,2208,2096,2160,2488,3400,3968,4200,4176,3920,3415,2888
0072,2006-12-19T00:00:00Z,2616,2584,2592,2705,2959,3584,4392,3960,3568,3192,2753,2520,2376,2256,2184,2311,2720,3656,4240,4448,4584,4519,4121,3696
0072,2006-12-20T00:00:00Z,3616,3664,3800,4008,4424,5248,6016,5777,5152,4472,3823,3360,3000,2681,2584,2696,3319,4472,5176,5496,5432,5368,4704,4040
0072,2006-12-21T00:00:00Z,3696,3632,3592,3600,3688,4248,4856,4592,4144,3984,3584,3208,3056,2976,2968,3088,3528,4289,4639,4697,4608,4327,3672,3200
0072,2006-12-22T00:00:00Z,2792,2671,2592,2600,2672,3240,3712,3648,3448,3521,3384,3367,3264,3113,3232,3256,3545,3991,4040,3816,3792,3664,3288,2792
0072,2006-12-23T00:00:00Z,2408,2208,2080,2024,2056,2208,2480,2791,3233,3511,3425,3295,3185,3064,3008,3088,3104,3616,3992,3976,4040,4056,3895,3593
0072,2006-12-24T00:00:00Z,3240,3112,3144,3248,3487,3809,4320,4855,5624,5624,4639,3833,3544,3376,3288,3257,3432,3928,4176,4184,4368,4408,4344,3976
0072,2006-12-25T00:00:00Z,3704,3456,3344,3264,3319,3488,3720,4296,4832,5208,5320,5336,5088,4816,4560,4448,4351,4697,4735,4736,4656,4472,4104,3696
0072,2006-12-26T00:00:00Z,3352,3128,3031,3024,3041,3199,3408,3641,3832,4080,3896,3784,3528,3536,3583,3720,4104,4784,5144,5239,5009,4720,4352,3864
0072,2006-12-27T00:00:00Z,3592,3552,3648,3688,3936,4385,4720,4920,4936,4577,4255,3840,3488,3160,3000,3144,3512,4608,5256,5328,5504,5520,5119,4704
0072,2006-12-28T00:00:00Z,4584,4640,4712,4888,5040,5496,5952,5952,6016,5336,4424,3816,3271,3000,2816,2816,3144,4072,4776,4912,4920,4880,4544,4224
0072,2006-12-29T00:00:00Z,4207,4200,4296,4376,4640,5112,5503,5568,5496,4896,4544,3736,3240,2792,2648,2704,2880,3640,4136,4248,4392,4496,4279,4097
0072,2006-12-30T00:00:00Z,3943,3881,3744,3592,3648,3824,3967,4208,4528,4304,4032,3768,3624,3504,3360,3416,3472,3968,4056,4032,4104,4048,3688,3401
0072,2006-12-31T00:00:00Z,2935,2825,2671,2609,2640,2760,3016,3256,3840,4080,3881,3775,3833,3816,3936,3976,4152,4584,4480,4241,3919,3665,3504,3264
0072,2007-01-01T00:00:00Z,3024,2824,2704,2552,2528,2616,2712,2976,3151,3560,3896,3991,3704,3400,3272,3224,3136,3704,4056,4152,4207,3953,3736,3432
0072,2007-01-02T00:00:00Z,3224,3223,3305,3439,3744,4385,4711,4640,4440,3960,3624,3384,3064,2832,2736,2768,3040,4025,4552,4904,5008,4984,4704,4472
0072,2007-01-03T00:00:00Z,4328,4336,4456,4697,4992,5680,6064,5960,5720,4848,3991,3440,3184,2816,2688,2704,3024,3912,4640,4736,4879,4776,4272,3744
0072,2007-01-04T00:00:00Z,3569,3336,3271,3200,3328,3800,4480,4160,3600,3304,2897,2608,2344,2280,2153,2248,2528,3312,3847,3896,3824,3472,3016,2552
0072,2007-01-05T00:00:00Z,2152,2033,1951,1952,2120,2616,3151,3048,2561,2508,2456,2432,2488,2344,2280,2336,2656,3152,3368,3328,3224,3072,2808,2440
0072,2007-01-06T00:00:00Z,2144,1960,1888,1872,1889,2064,2320,2592,2928,3024,3040,3080,2912,2743,2720,2752,2729,3144,3463,3368,3376,3224,3008,2784
0072,2007-01-07T00:00:00Z,2656,2504,2455,2600,2704,2945,3160,3584,4231,4448,3944,3631,3680,3568,3521,3616,3736,4169,4216,4272,4112,3928,3392,2920
0072,2007-01-08T00:00:00Z,2632,2513,2431,2456,2600,3055,3737,3328,2960,3064,3120,2888,2760,2592,2544,2656,3088,3992,4960,5081,5136,4975,4601,4320
0072,2007-01-09T00:00:00Z,4240,4264,4361,4560,4840,5576,6304,5744,5071,4529,3816,3384,3240,3535,3521,3679,4025,4903,5544,5816,5672,5311,4889,4519
0072,2007-01-10T00:00:00Z,4328,4312,4409,4543,4784,5480,6247,5960,5296,4640,4144,3761,3559,3216,3041,3264,3816,4848,5671,5969,6192,6088,5528,5239
0072,2007-01-11T00:00:00Z,5112,5201,5320,5528,5824,6664,7448,7056,6304,5489,4663,4008,3576,3336,3104,3296,3736,4672,5441,5664,5791,5384,4920,4328
0072,2007-01-12T00:00:00Z,4048,3952,3864,3905,3967,4488,5144,4816,4217,3967,3689,3319,3048,2792,2832,2848,3048,3624,3936,3929,3952,3872,3552,3192
0072,2007-01-13T00:00:00Z,2928,2832,2800,2784,2832,2992,3312,3656,4072,3920,3640,3384,3017,2808,2712,2704,2856,3184,3704,3560,3343,3272,3048,2736
0072,2007-01-14T00:00:00Z,2416,2304,2288,2288,2352,2496,2728,3032,3672,3736,3104,2784,2695,2616,2552,2520,2568,3008,3496,3440,3352,3128,2776,2400
0072,2007-01-15T00:00:00Z,2088,2000,1951,2040,2112,2489,2824,2824,2864,3000,2968,2936,2808,2648,2520,2536,2752,3272,3848,3847,3560,3240,2824,2345
0072,2007-01-16T00:00:00Z,2023,1896,1808,1792,1928,2384,3184,3088,2633,2760,2728,2784,2728,2801,2776,3088,3648,4529,5208,5383,5144,4992,4704,4304
0072,2007-01-17T00:00:00Z,4135,4145,4248,4456,4680,5552,6271,5921,5368,4832,4351,3960,3744,3432,3456,3816,4337,5136,6000,6216,6000,5839,5376,4865
0072,2007-01-18T00:00:00Z,4800,4912,4920,4944,5256,5896,6336,5897,5527,5328,5288,5184,5168,5200,5400,5304,5688,6200,6552,6463,6305,5808,5191,4736
0072,2007-01-19T00:00:00Z,4448,4416,4440,4440,4704,5136,5863,5513,4927,4448,3776,3400,3152,2848,2816,2911,3416,4232,4872,4992,5119,5072,4912,4649
0072,2007-01-20T00:00:00Z,4464,4447,4448,4432,4608,4832,5104,5480,5608,5408,5072,4536,4255,3944,3616,3608,3936,4624,5240,5528,5584,5664,5440,4992
0072,2007-01-21T00:00:00Z,4697,4543,4416,4433,4480,4496,4711,5168,5920,5945,5520,5416,5512,5432,5352,5496,5760,6208,6425,6304,6048,5600,5176,4776
0072,2007-01-22T00:00:00Z,4456,4376,4304,4480,4632,5096,5488,5488,5537,5040,4864,4672,4368,4136,3968,3952,4288,4865,5263,5400,5144,4840,4313,3871
0072,2007-01-23T00:00:00Z,3552,3512,3568,3584,3856,4584,5273,4992,4608,4192,3816,3552,3328,2984,2912,3040,3656,4320,5224,5560,5672,5608,5249,4903
0072,2007-01-24T00:00:00Z,4817,4792,4944,4952,5167,5768,6464,6160,5640,4864,4088,3680,3336,3031,2816,2928,3440,4248,5304,5287,5256,5112,4913,4480
0072,2007-01-25T00:00:00Z,4352,4200,4128,4159,4392,5024,5832,5560,4976,4544,4432,4320,4024,3960,3680,3808,4304,5200,6168,6545,6664,6448,5984,5512
0072,2007-01-26T00:00:00Z,5312,5272,5312,5440,5729,6576,7303,6833,6151,5264,4696,4265,3919,3608,3304,3281,3607,4184,5016,5224,5160,5129,4927,4496
0072,2007-01-27T00:00:00Z,4256,4135,4184,4272,4504,4817,5104,5464,5552,5112,4400,3936,3496,3264,3048,2968,3185,3592,4128,4104,4112,3967,3680,3296
0072,2007-01-28T00:00:00Z,3064,2904,2848,2840,2952,3080,3367,3696,4376,4288,3984,3624,3744,3641,3487,3497,3840,4632,5719,5952,6104,5976,5656,5520
0072,2007-01-29T00:00:00Z,5552,5752,5993,6264,6616,7328,8080,7696,6816,6209,5736,5176,4736,4392,4104,4128,4600,5520,6712,6848,6872,6664,6024,5440
0072,2007-01-30T00:00:00Z,5376,5312,5336,5496,5656,6408,7224,6784,6161,5040,4608,4024,3640,3320,3128,3184,3504,4280,5320,5632,5648,5504,5047,4697
0072,2007-01-31T00:00:00Z,4560,4663,4896,5072,5488,6416,7192,6848,6176,5472,5056,4648,4160,3856,3593,3640,4024,4904,5992,6224,6432,6504,6112,5624
0072,2007-02-01T00:00:00Z,5208,4976,4936,4816,4985,5328,5512,5504,5616,5712,5664,5719,5672,5456,5215,5096,5504,5808,6271,6176,6048,5648,5064,4639
0072,2007-02-02T00:00:00Z,4433,4408,4416,4424,4624,5104,5537,5544,5527,5057,4744,4528,4368,4304,4208,4320,4368,4759,5249,5400,5424,5280,5071,4760
0072,2007-02-03T00:00:00Z,4608,4576,4632,4865,5040,5440,5648,6223,6281,5767,5432,5056,4632,4505,4272,4296,4552,5072,5743,5816,5936,5896,5544,5224
0072,2007-02-04T00:00:00Z,5120,5056,5168,5280,5432,5704,5992,6377,6655,6192,5273,4584,4672,4840,4608,4448,4664,5200,5864,5944,5992,5976,5945,5623
0072,2007-02-05T00:00:00Z,5393,5448,5616,5776,6064,6785,7456,6992,6199,5736,5256,4848,4512,4217,4080,4039,4529,5472,6696,7015,7296,7208,6808,6617
0072,2007-02-06T00:00:00Z,6544,6744,6984,7272,7696,8496,9128,8448,7448,6439,5784,5232,4721,4216,3936,4256,4672,5392,6104,6320,6175,5921,5167,4544
0072,2007-02-07T00:00:00Z,4280,4152,4056,4063,4241,4840,5488,5033,4528,4104,3792,3504,3296,3040,3056,3120,3655,4280,5432,5872,6072,5808,5240,4735
0072,2007-02-08T00:00:00Z,4440,4385,4392,4512,4807,5585,6264,5928,5263,4937,4591,4032,3696,3408,3065,3031,3425,4104,5400,5952,6184,6232,5864,5536
0072,2007-02-09T00:00:00Z,5432,5552,5599,5657,5680,6232,6936,6464,5936,5440,4992,4640,4464,4480,4464,4672,5136,5256,5993,5959,5969,5719,5321,5080
0072,2007-02-10T00:00:00Z,4856,4816,4840,4889,5056,5440,5897,6376,6400,5849,5472,5023,4529,4120,3688,3672,3881,4351,5177,5544,5896,5928,5744,5599
0072,2007-02-11T00:00:00Z,5465,5544,5760,6031,6281,6607,7040,7640,7632,6696,5599,4728,4352,3952,3672,3480,3617,4207,4968,5489,5616,5503,5208,4896
0072,2007-02-12T00:00:00Z,4872,4961,5143,5336,5488,6281,6888,6256,5712,5064,4176,3848,3535,3113,2832,2728,3048,3592,4409,4752,4680,4432,3848,3319
0072,2007-02-13T00:00:00Z,3080,3056,3112,3216,3424,4088,4808,4495,4176,4136,4312,4328,4448,4560,4720,5008,5496,6017,6528,6520,6376,6312,5681,5280
0072,2007-02-14T00:00:00Z,4776,4584,4560,4576,4768,5336,5944,5480,4968,4384,3761,3480,3336,3312,3391,3600,4001,4888,6016,6456,6809,6784,6424,6000
0072,2007-02-15T00:00:00Z,5736,5760,5784,5945,6175,6984,7832,7240,6464,5864,5400,4776,4320,3832,3664,3728,4184,4951,6089,6688,6808,6632,6200,5839
0072,2007-02-16T00:00:00Z,5640,5624,5800,5945,6232,7008,7824,7320,6624,5904,5224,4680,4256,3792,3568,3689,3912,4576,5592,6032,6288,6208,6000,5688
0072,2007-02-17T00:00:00Z,5640,5776,5904,6216,6480,6977,7240,7344,7424,6744,6175,5849,5512,5336,5152,5104,5057,5256,5608,5664,5824,5753,5424,5104
0072,2007-02-18T00:00:00Z,4912,4889,4807,4769,4816,4968,5344,5768,6280,5936,5240,4600,4432,4248,4217,4207,4416,5352,6128,6912,7096,6824,6352,5945
0072,2007-02-19T00:00:00Z,5824,5856,6072,6280,6720,7488,8192,7520,6559,5609,4975,4361,3864,3472,3280,3336,3464,4024,5081,5512,5392,5192,4656,4176
0072,2007-02-20T00:00:00Z,3848,3775,3848,3936,4216,4784,5464,4968,4488,4265,3936,3487,3080,2824,2496,2408,2880,3152,3943,4400,4416,4104,3544,3065
0072,2007-02-21T00:00:00Z,2808,2719,2681,2704,2872,3464,4072,3728,3240,3032,2608,2352,2160,2112,2136,2168,2448,2728,3408,3648,3640,3504,3080,2600
0072,2007-02-22T00:00:00Z,2344,2352,2448,2640,2920,3672,4481,4152,3504,3007,2640,2448,2352,2216,2152,2232,2504,2928,3752,4272,4312,4136,3792,3376
0072,2007-02-23T00:00:00Z,3256,3288,3384,3648,3912,4704,5513,5104,4392,3944,3480,3240,2904,2743,2561,2568,2887,3288,4097,4560,4744,4824,4688,4519
0072,2007-02-24T00:00:00Z,4400,4400,4567,4712,4920,5296,5640,6017,5776,5128,4344,3896,3448,3072,2864,2880,2968,3392,3952,4208,4168,3944,3816,3384
0072,2007-02-25T00:00:00Z,3160,3056,3080,3072,3072,3304,3560,4048,4888,5168,4928,4855,5096,5232,5224,5168,5296,5408,5768,5743,5792,5296,4721,4207
0072,2007-02-26T00:00:00Z,3953,3808,3760,3800,4024,4632,5256,4872,4352,4216,3792,3224,2912,2647,2640,2681,2944,3376,4160,4712,4704,4543,4040,3776
0072,2007-02-27T00:00:00Z,3568,3600,3864,4048,4433,5263,5888,5512,4601,3696,3072,2623,2520,2321,2184,2263,2432,2800,3600,4208,4288,4104,3768,3432
0072,2007-02-28T00:00:00Z,3336,3440,3648,3840,4216,5000,5848,5321,4432,3584,3072,2695,2441,2320,2184,2240,2424,2863,3632,4152,4248,4104,3728,3288
0072,2007-03-01T00:00:00Z,3072,3079,3192,3312,3584,4240,4961,4368,3847,3648,3480,3200,3040,3065,3064,3136,3464,3848,4536,4696,4592,4144,3456,2872
0072,2007-03-02T00:00:00Z,2489,2344,2232,2168,2272,2744,3415,3233,2815,2688,2496,2297,2248,2248,2153,2152,2304,2528,3072,3544,3728,3744,3696,3391
0072,2007-03-03T00:00:00Z,3200,3176,3232,3408,3608,3984,4288,4696,4448,4016,3624,3295,3113,2920,2752,2736,2904,3072,3473,3816,3888,3864,3760,3576
0072,2007-03-04T00:00:00Z,3392,3415,3497,3552,3784,4168,4440,4952,5304,5176,4568,4072,3881,3631,3552,3353,3552,3888,4720,5416,5609,5479,5096,4680
0072,2007-03-05T00:00:00Z,4528,4505,4536,4711,5009,5680,6232,5616,4632,3881,3511,3113,2872,2600,2440,2376,2672,3120,3856,4400,4408,4192,3608,3232
0072,2007-03-06T00:00:00Z,2960,2912,2928,3079,3384,4145,4872,4567,3857,3448,3160,2928,2696,2552,2344,2272,2537,2952,3943,4536,4680,4472,3952,3680
0072,2007-03-07T00:00:00Z,3504,3624,3672,3704,3775,4344,4992,4632,3977,3463,2976,2688,2432,2240,2143,2192,2368,2712,3264,3752,3656,3631,3089,2815
0072,2007-03-08T00:00:00Z,2681,2791,3024,3233,3727,4529,5407,5057,4375,3680,3328,2984,2680,2432,2224,2273,2496,2776,3488,4288,4336,4409,4072,3712
0072,2007-03-09T00:00:00Z,3560,3624,3768,3976,4280,5016,5656,5249,4471,3881,3343,2945,2599,2441,2296,2336,2544,2856,3528,4000,4248,4208,4087,3761
0072,2007-03-10T00:00:00Z,3376,3168,3136,3080,3152,3408,3703,4145,4056,3712,3304,3017,2760,2688,2551,2633,2632,2720,3112,3288,3280,3096,2816,2400
0072,2007-03-11T00:00:00Z,2152,NA,2016,2048,2104,2249,2455,2768,3456,3592,3224,2904,2776,2753,2575,2592,2568,2585,2743,3185,3840,3672,3192,2728
0072,2007-03-12T00:00:00Z,2528,2520,2623,2825,3151,3840,4688,4504,3872,3488,3007,2688,2448,2249,2080,2152,2288,2608,2825,3223,3920,3664,3272,2792
0072,2007-03-13T00:00:00Z,2568,2551,2592,2753,2983,3632,4368,4104,3416,3112,3032,2719,2568,2249,2071,2105,2272,2456,2760,3184,3664,3416,2952,2384
0072,2007-03-14T00:00:00Z,1936,1768,1688,1704,1864,2393,3048,2935,2417,2208,2152,2056,2033,2023,2057,2119,2496,2688,2768,3032,3496,3376,2880,2384
0072,2007-03-15T00:00:00Z,1984,1784,1696,1649,1735,2153,2616,2472,2256,2272,2312,2280,2248,2264,2320,2424,2576,2647,2736,3113,3504,3384,2800,2344
0072,2007-03-16T00:00:00Z,2000,1824,1720,1721,1903,2384,2904,3032,3079,3440,3792,3800,3832,3784,3888,3809,4039,4385,4440,4528,4568,4528,4432,3992
0072,2007-03-17T00:00:00Z,3840,3808,3881,3991,4160,4328,4591,4736,5080,5216,4960,4601,4224,4032,3751,3761,3847,3936,4136,4712,5272,5288,5023,4752
0072,2007-03-18T00:00:00Z,4512,4416,4512,4568,4728,5056,5432,5808,6216,5544,4712,4104,4032,3768,3511,3281,3175,3224,3496,4169,5112,5176,4736,4456
0072,2007-03-19T00:00:00Z,4320,4392,4448,4720,5072,5896,6696,6264,5576,4663,4040,3352,2976,2688,2369,2352,2464,2752,3209,3559,4064,3872,3400,2848
0072,2007-03-20T00:00:00Z,2552,2448,2456,2503,2712,3296,4056,3672,3152,2712,2376,2143,2024,1952,1944,2056,2304,2512,2696,3032,3504,3391,2921,2328
0072,2007-03-21T00:00:00Z,1936,1800,1744,1769,1968,2527,3329,3064,2872,2873,2935,2993,2863,2585,2472,2296,2424,2808,3168,3656,4144,4056,3584,3168
0072,2007-03-22T00:00:00Z,2904,2719,2696,2672,2832,3384,4032,3679,3288,3152,2808,2424,2192,2064,1960,2008,2249,2488,2720,2904,3528,3391,2921,2328
0072,2007-03-23T00:00:00Z,1936,1784,1728,1752,1927,2456,3136,2928,2465,2287,2153,2167,2129,2143,2264,2448,2664,2848,2921,3000,3415,3344,3008,2479
0072,2007-03-24T00:00:00Z,2112,1841,1735,1640,1648,1760,1944,2112,2464,2760,2729,2704,2760,2776,2897,3103,3288,3320,3256,3185,3672,3504,3079,2600
0072,2007-03-25T00:00:00Z,2160,1928,1744,1704,1648,1704,1896,2081,2704,3064,2912,2832,3000,3256,3392,3488,3607,3608,3520,3488,4200,3832,3128,2496
0072,2007-03-26T00:00:00Z,2016,1784,1704,1648,1704,2184,2888,2527,2232,2192,2168,2176,2168,2104,2176,2273,2568,2776,2960,3136,3792,3520,2912,2304
0072,2007-03-27T00:00:00Z,1848,1704,1624,1577,1687,2160,2705,2440,2184,2136,2120,2215,2456,2608,2705,2968,3280,3521,3520,3784,3944,3904,3120,2472
0072,2007-03-28T00:00:00Z,2048,1832,1704,1680,1752,2176,2712,2400,2176,2129,2191,2216,2480,2704,2848,3065,3439,3608,3512,3648,3679,3497,2928,2296
0072,2007-03-29T00:00:00Z,1952,1759,1680,1632,1745,2143,2760,2664,2360,2432,2640,2584,2520,2456,2472,2496,2704,2976,3176,3439,3977,3847,3512,3056
0072,2007-03-30T00:00:00Z,2815,2792,2832,2936,3223,3809,4456,4456,4040,3320,2824,2568,2296,2256,2184,2232,2360,2416,2648,2720,3256,3160,2888,2432
0072,2007-03-31T00:00:00Z,2143,1952,1984,1992,2096,2296,2576,2720,2928,2872,2728,2600,2520,2528,2496,2536,2664,2728,2768,2816,3280,3208,2888,2392
0072,2007-04-01T00:00:00Z,2088,1832,1744,1649,1632,1720,1904,2143,2729,2968,2760,2520,2568,2584,2496,2520,2600,2760,2800,2921,3448,3232,2784,2280
0072,2007-04-02T00:00:00Z,1961,1768,1688,1639,1688,2032,2384,2232,2168,2311,2417,2544,2704,2720,2791,3000,3152,3344,3415,3305,3912,3640,3064,2345
0072,2007-04-03T00:00:00Z,1975,1712,1640,1615,1680,2096,2440,2249,2287,2280,2288,2272,2376,2472,2648,2808,3032,3223,3296,3368,3751,3665,3136,2512
0072,2007-04-04T00:00:00Z,2081,1864,1736,1663,1712,2056,2321,2184,2184,2200,2352,2472,2632,2720,2712,2872,3120,3264,3065,2920,3288,3216,2784,2272
0072,2007-04-05T00:00:00Z,2000,1848,1840,1856,2048,2647,3104,3296,3223,3128,2928,2640,2448,2352,2248,2184,2240,2496,2640,3008,3768,3871,3792,3569
0072,2007-04-06T00:00:00Z,3360,3336,3424,3496,3744,4145,4392,4687,4760,4496,3936,3424,2920,2609,2527,2480,2648,2832,2928,3175,3824,3944,3840,3415
0072,2007-04-07T00:00:00Z,3353,3384,3456,3631,3912,4256,4520,4992,5128,5048,4783,4320,4032,3744,3552,3545,3568,3704,3840,4344,5208,5296,5024,4687
0072,2007-04-08T00:00:00Z,4568,4568,4552,4696,4848,5192,5416,5729,5880,5400,4744,4008,3648,3392,3144,2832,2856,2832,2791,3096,3960,4040,3760,3672
0072,2007-04-09T00:00:00Z,3584,3672,3792,3984,4256,4792,5128,4968,4632,3992,3576,3240,3072,2760,2608,2504,2544,2824,3128,3352,4200,4128,3665,3232
0072,2007-04-10T00:00:00Z,3016,3065,3240,3472,3776,4543,5249,4912,4216,3456,3000,2592,2384,2216,2080,2160,2336,2551,2640,3080,3728,3712,3232,2729
0072,2007-04-11T00:00:00Z,2368,2352,2400,2480,2743,3296,3992,3600,3319,3392,3360,3504,3472,3456,3384,3569,3919,4280,4464,4648,4832,4336,3857,3264
0072,2007-04-12T00:00:00Z,2959,2840,2776,2744,2936,3487,4040,3736,3152,2768,2352,2224,2176,2129,1999,2096,2328,2496,2600,2824,3472,3576,3032,2448
0072,2007-04-13T00:00:00Z,2216,2104,2216,2368,2704,3456,4121,3976,3320,2983,2600,2360,2176,2064,2040,2072,2224,2384,2503,2544,3128,3160,2945,2527
0072,2007-04-14T00:00:00Z,2216,2088,2056,2081,2248,2456,2776,2944,3305,3360,3247,3041,2920,2664,2464,2561,2671,2600,2704,2888,3264,3224,2887,2544
0072,2007-04-15T00:00:00Z,2328,2201,2095,2144,2152,2304,2432,2752,3353,3616,3440,3295,3401,3208,3112,3000,3248,3528,3944,4344,4912,4504,3065,2640
0072,2007-04-16T00:00:00Z,3808,2488,2280,2273,4279,3953,4752,4111,3737,3559,3360,3024,2280,2280,2585,2791,2681,2904,3079,3440,4256,4015,3504,3080
0072,2007-04-17T00:00:00Z,2872,2777,2752,2832,2968,3552,4184,3704,3160,2864,2592,2464,2232,2160,2048,2119,2304,2496,2681,2784,3343,3401,2935,2384
0072,2007-04-18T00:00:00Z,2016,1880,1903,1937,2143,2729,3415,3192,2753,2472,2200,2096,2008,1992,2008,2096,2376,2576,2704,2832,3488,3312,2880,2344
0072,2007-04-19T00:00:00Z,2000,1864,1832,1888,2056,2640,3257,2983,2657,2512,2536,2417,2296,2232,2160,2240,2527,3024,3401,3696,3960,3847,3384,2921
0072,2007-04-20T00:00:00Z,2632,2464,2480,2568,2896,3521,4183,3785,3192,2776,2440,2240,2120,2080,2024,2104,2256,2464,2624,2608,3089,3144,2848,2464
0072,2007-04-21T00:00:00Z,2144,2032,1992,2120,2320,2736,3017,3448,3424,3176,2848,2561,2584,2704,2753,2839,2993,3127,3113,2880,3223,3288,2888,2456
0072,2007-04-22T00:00:00Z,2088,1912,1808,1776,1816,2024,2215,2648,3144,3192,2864,2664,2776,2928,3080,3199,3497,3559,3504,3473,3936,3775,3089,2464
0072,2007-04-23T00:00:00Z,1992,1776,1704,1680,1784,2248,2792,2512,2272,2144,2184,2280,2376,2472,2560,2760,3137,3487,3512,3472,3881,3751,3072,2417
0072,2007-04-24T00:00:00Z,1975,1760,1672,1640,1712,2128,2656,2480,2128,2072,2064,2224,2360,2536,2760,3096,3504,3776,3936,3800,4144,3976,3320,2624
0072,2007-04-25T00:00:00Z,2080,1848,1720,1673,1759,2177,2671,2448,2168,2160,2360,2616,2784,3016,3200,3456,3895,4032,4049,3904,4312,4176,3576,2768
0072,2007-04-26T00:00:00Z,2208,1976,1800,1776,1816,2216,2736,2472,2248,2248,2304,2400,2640,2816,2744,2992,3336,3544,3521,3600,4048,3880,3248,2560
0072,2007-04-27T00:00:00Z,2072,1832,1687,1649,1735,2081,2688,2472,2224,2240,2328,2440,2536,2753,2880,2968,3112,3113,3096,3144,3480,3424,3008,2496
0072,2007-04-28T00:00:00Z,2119,1832,1704,1624,1673,1759,1817,2112,2488,2600,2688,2680,2760,2816,2920,3000,3032,3007,2945,2832,3112,3200,2848,2400
0072,2007-04-29T00:00:00Z,2008,1808,1672,1592,1584,1664,1720,2128,2760,2976,2864,2632,2720,2952,3112,3353,3600,3648,3616,3456,3832,3800,3064,2352
0072,2007-04-30T00:00:00Z,1937,1759,1664,1624,1745,2184,2671,2465,2160,2112,2160,2296,2440,2664,2936,3344,3816,4159,4265,4128,4336,4384,3488,2632
0072,2007-05-01T00:00:00Z,2129,1872,1728,1680,1768,2160,2632,2369,2160,2224,2384,2736,3216,3648,3912,4248,4704,4872,4816,4536,4792,4673,3792,2992
0072,2007-05-02T00:00:00Z,2488,2129,1951,1824,1872,2232,2712,2496,2328,2345,2568,2887,3368,3784,4049,4447,4769,4960,4936,4625,4783,4464,3768,2928
0072,2007-05-03T00:00:00Z,2432,2144,1975,1856,1920,2256,2760,2520,2256,2240,2256,2248,2120,2104,2064,2104,2417,2664,2863,3000,3392,3272,2752,2288
0072,2007-05-04T00:00:00Z,1912,1808,1759,1745,1903,2345,2928,2688,2472,2359,2393,2431,2489,2544,2479,2640,2880,3041,3048,3151,3512,3312,3080,2640
0072,2007-05-05T00:00:00Z,2263,2120,2040,2032,2081,2232,2328,2520,2863,2984,3032,2992,2784,2608,2544,2561,2568,2592,2608,2800,3096,3176,2888,2448
0072,2007-05-06T00:00:00Z,2056,1912,1800,1769,1776,1879,1952,2328,2936,3079,2832,2616,2624,2624,2647,2592,2681,2808,2839,2976,3440,3520,2976,2448
0072,2007-05-07T00:00:00Z,2184,2136,2192,2320,2609,3319,3984,3785,2959,2681,2376,2232,2215,2168,2120,2176,2472,2760,2904,3000,3408,3512,2880,2359
0072,2007-05-08T00:00:00Z,2040,2000,1992,2104,2345,2983,3560,3272,2824,2560,2321,2208,2104,2048,2080,2152,2417,2656,2888,2976,3408,3504,2896,2232
0072,2007-05-09T00:00:00Z,1912,1736,1648,1632,1712,2176,2624,2328,2080,2105,2119,2024,2096,2136,2152,2344,2897,3280,3496,3521,3816,3880,3168,2432
0072,2007-05-10T00:00:00Z,1960,1784,1687,1640,1712,2160,2616,2344,2112,2232,2296,2417,2656,2872,3056,3408,3744,4016,4008,3871,4112,4088,3432,2647
0072,2007-05-11T00:00:00Z,2136,1896,1760,1720,1760,2168,2599,2400,2264,2216,2311,2504,2944,3281,3600,3775,4040,4368,4344,4112,4111,4169,3760,3128
0072,2007-05-12T00:00:00Z,2584,2224,2064,1937,1927,1992,1992,2208,2633,2944,3176,3568,3944,4224,4456,4656,4624,4217,3960,3744,3880,3904,3456,2912
0072,2007-05-13T00:00:00Z,2432,2080,1904,1768,1728,1752,1760,2167,2801,3208,3176,3048,3072,3151,3272,3336,3472,3512,3376,3264,3377,3544,3000,2368
0072,2007-05-14T00:00:00Z,1961,1759,1712,1704,1864,2400,2952,2681,2359,2201,2160,2143,2192,2216,2320,2544,2888,3232,3304,3336,3512,3624,2968,2336
0072,2007-05-15T00:00:00Z,1920,1728,1648,1632,1752,2240,2768,2464,2184,2104,2105,2208,2359,2576,2800,3192,3624,4001,3888,3943,4049,4159,3456,2720
0072,2007-05-16T00:00:00Z,2144,1903,1760,1728,1768,2184,2520,2345,2143,2249,2368,2584,2873,3184,3320,3439,3648,3776,3760,3776,3592,3593,3040,2416
0072,2007-05-17T00:00:00Z,1968,1784,1680,1624,1721,2136,2560,2384,2119,2072,2096,2112,2200,2296,2376,2520,2904,3185,3168,3064,3400,3528,2945,2328
0072,2007-05-18T00:00:00Z,1951,1736,1672,1625,1759,2249,2695,2528,2216,2224,2168,2008,2056,2072,2040,2184,2360,2520,2520,2551,2753,3040,2704,2384
0072,2007-05-19T00:00:00Z,2056,1937,1872,1903,1976,2200,2360,2696,2743,2729,2719,2600,2576,2704,2736,2808,3048,3144,3064,2864,2952,3152,2767,2424
0072,2007-05-20T00:00:00Z,2048,1840,1728,1697,1687,1784,1824,2208,2832,3016,2705,2656,2816,3024,3216,3415,3737,3840,3808,3720,3720,3784,3161,2520
0072,2007-05-21T00:00:00Z,2023,1817,1696,1656,1744,2144,2584,2345,2104,2112,2232,2536,2856,3209,3456,3720,4144,4504,4640,4488,4424,4432,3640,2801
0072,2007-05-22T00:00:00Z,2328,2064,1951,1841,1872,2256,2608,2472,2232,2256,2336,2392,2608,2696,2928,3304,3704,4008,4120,4032,3944,4112,3376,2600
0072,2007-05-23T00:00:00Z,2143,1913,1759,1697,1792,2152,2552,2264,2056,2072,2224,2376,2672,2928,3160,3352,3792,4064,4104,3960,3992,4048,3392,2632
0072,2007-05-24T00:00:00Z,2112,1848,1728,1664,1759,2088,2489,2280,2119,2192,2344,2504,2792,3031,3233,3511,3936,4145,4135,3944,3944,4176,3463,2609
0072,2007-05-25T00:00:00Z,2112,1848,1728,1680,1752,2047,2393,2280,2191,2304,2465,2719,3000,3401,3784,4168,4553,4704,4656,4255,4097,4080,3504,2880
0072,2007-05-26T00:00:00Z,2407,2088,1889,1776,1752,1792,1792,2177,2584,2912,3208,3744,4248,4624,4952,5048,4711,4472,4336,4160,4080,4136,3696,3064
0072,2007-05-27T00:00:00Z,2544,2280,2072,1912,1856,1824,1807,2201,2968,3424,3672,4025,4360,4616,4792,5000,5128,5208,4960,4697,4375,4409,3832,3136
0072,2007-05-28T00:00:00Z,2537,2200,2008,1896,1872,1880,1816,2057,2623,3161,3703,4152,4472,4816,5208,5528,5720,5671,5256,4937,4615,4824,4064,3264
0072,2007-05-29T00:00:00Z,2616,2264,2023,1913,1920,2143,2328,2384,2432,2736,3192,3751,4232,4608,4648,4776,4952,4928,4879,4808,4752,4720,4049,3112
0072,2007-05-30T00:00:00Z,2544,2240,2095,1961,1984,2264,2383,2376,2432,2648,3136,3712,4208,4552,4848,5057,5376,5448,5232,4903,4697,4783,4016,3152
0072,2007-05-31T00:00:00Z,2592,2256,2088,1951,1968,2201,2352,2352,2455,2744,3048,3488,4000,4392,4712,4936,5320,5496,5448,4913,4824,4776,4144,3360
0072,2007-06-01T00:00:00Z,2752,2336,2120,2016,1984,2216,2344,2392,2544,2832,3176,3616,4160,4472,4879,5088,5264,5360,5215,4904,4680,4680,4168,3456
0072,2007-06-02T00:00:00Z,2945,2560,2264,2080,2048,2040,2056,2392,2825,3175,3336,3800,4288,4625,4584,4567,4472,4256,3919,3713,3760,3904,3464,2976
0072,2007-06-03T00:00:00Z,2552,2191,2033,1936,1904,1903,1889,2136,2671,2969,2815,2712,2856,2792,2784,2760,2776,2832,3000,2936,3072,3320,2920,2440
0072,2007-06-04T00:00:00Z,2096,1816,1697,1663,1728,2016,2144,2152,2232,2345,2592,3055,3432,3680,3888,4144,4544,4728,4760,4423,4289,4432,3816,3072
0072,2007-06-05T00:00:00Z,2488,2168,2000,1879,1913,2143,2256,2304,2408,2760,3056,3367,3648,3888,4032,4272,4601,4768,4824,4496,4375,4481,3720,2935
0072,2007-06-06T00:00:00Z,2345,2064,1903,1760,1832,2040,2160,2143,2240,2376,2632,2936,3216,3456,3672,3952,4416,4728,4800,4481,4111,4232,3544,2784
0072,2007-06-07T00:00:00Z,2264,2008,1856,1760,1824,2080,2184,2224,2249,2416,2768,3288,3856,4352,4776,5128,5408,5479,5504,5200,4913,5472,4584,3696
0072,2007-06-08T00:00:00Z,3168,2863,2600,2448,2432,2616,2695,2856,3096,3488,3888,4464,5120,5464,5752,5969,5848,5408,4999,4632,4688,4512,4048,3480
0072,2007-06-09T00:00:00Z,3000,2664,2441,2352,2263,2216,2200,2640,3161,3688,4248,4752,5096,5359,5585,5824,6040,6137,5791,5384,5048,5176,4592,3991
0072,2007-06-10T00:00:00Z,3248,2784,2464,2304,2201,2184,2032,2472,3152,3616,3848,4072,4432,4784,5056,5240,5392,5448,5201,4936,4616,4648,4008,3248
0072,2007-06-11T00:00:00Z,2656,2320,2120,2000,2016,2232,2320,2296,2336,2528,2784,3175,3608,3896,3856,3296,3463,3560,3656,3600,3528,3727,3216,2624
0072,2007-06-12T00:00:00Z,2176,1920,1817,1744,1800,2048,2191,2177,2143,2336,2712,3048,3448,3744,3984,4224,4488,4728,4841,4495,4200,4280,3648,2880
0072,2007-06-13T00:00:00Z,2392,2072,1928,1848,1879,2144,2232,2248,2136,2273,2376,2608,2936,3288,3775,4128,4385,4392,4159,3896,3920,3895,3449,2736
0072,2007-06-14T00:00:00Z,2256,2016,1896,1792,1840,2081,2176,2232,2192,2296,2304,2336,2368,2360,2352,2383,2513,2719,2816,2864,3151,3264,2897,2344
0072,2007-06-15T00:00:00Z,2016,1832,1720,1664,1728,1999,2136,2153,2080,2168,2263,2369,2311,2264,2272,2304,2432,2536,2609,2599,2696,3008,2791,2408
0072,2007-06-16T00:00:00Z,2104,1872,1728,1697,1680,1759,1793,1984,2264,2592,2575,2705,2863,3113,3528,3847,3929,4039,3864,3665,3576,3703,3425,2863
0072,2007-06-17T00:00:00Z,2376,2081,1903,1784,1752,1744,1688,2104,2688,3209,3384,3600,4087,4424,4720,4952,5320,5465,5376,5080,4760,4783,4080,3336
0072,2007-06-18T00:00:00Z,2640,2328,2153,1992,1968,2184,2304,2376,2479,2864,3464,4120,4672,5129,5488,5728,6000,6168,6072,5736,5664,5873,4824,3864
0072,2007-06-19T00:00:00Z,3199,2832,2504,2320,2280,2432,2504,2560,2720,3192,3871,4568,5016,5392,5648,5896,6128,6392,6391,6008,5864,5256,4471,3584
0072,2007-06-20T00:00:00Z,3120,2744,2512,2384,2352,2608,2672,2599,2585,2623,2840,3176,3592,3960,4248,4664,5040,5304,5407,4889,4464,4584,3991,3096
0072,2007-06-21T00:00:00Z,2480,2160,1976,1872,1872,2088,2160,2208,2224,2480,2808,3208,3584,3895,4241,4543,4985,5232,5184,5008,4560,4592,4008,3151
0072,2007-06-22T00:00:00Z,2528,2216,2023,1920,1944,2112,2160,2297,2424,2760,3223,3728,4168,4625,4888,4712,4144,4168,4193,3928,3832,4040,3688,3144
0072,2007-06-23T00:00:00Z,2616,2369,2143,2048,2008,2081,2008,2280,2672,2968,3272,3631,3953,4200,4432,4808,5104,5064,4800,4560,4240,4385,3919,3288
0072,2007-06-24T00:00:00Z,2696,2368,2208,2057,1992,1975,1896,2232,3017,3448,3560,3768,4336,4808,5008,5056,5288,5240,5143,4913,4728,4912,4024,3240
0072,2007-06-25T00:00:00Z,2705,2407,2177,2095,2088,2312,2384,2328,2479,2801,3312,3864,4392,4632,4968,5304,5704,5992,5897,5616,5407,5304,4632,3768
0072,2007-06-26T00:00:00Z,3137,2719,2456,2296,2273,2479,2544,2561,2656,3112,3696,4224,4625,5119,5456,5736,6144,6336,6288,5928,5632,5568,4889,3960
0072,2007-06-27T00:00:00Z,3352,2928,2680,2528,2424,2576,2575,2705,2983,3425,4000,4624,5249,5608,5888,6144,6240,6376,5960,5472,5263,5288,4744,3872
0072,2007-06-28T00:00:00Z,3240,2872,2664,2513,2503,2672,2728,2792,3048,3528,4096,4680,5225,5575,5832,5592,5048,4928,4840,4864,4976,4888,4313,3480
0072,2007-06-29T00:00:00Z,2952,2647,2417,2239,2232,2465,2544,2623,2897,3424,3880,4280,4768,5136,5376,5177,5095,5448,5336,4920,4592,4560,4072,3464
0072,2007-06-30T00:00:00Z,2928,2623,2424,2264,2216,2176,2184,2424,2800,3233,3600,3847,4337,4639,4913,4800,4320,4351,4217,4063,3953,4104,3816,3264
0072,2007-07-01T00:00:00Z,2760,2431,2208,2064,1968,1937,1848,2224,2856,3360,3616,3809,4152,4320,4536,4648,4936,4937,4840,4456,4169,4312,3656,2880
0072,2007-07-02T00:00:00Z,2376,2064,1896,1831,1856,2072,2104,2184,2336,2536,2856,3232,3512,3768,4016,4200,4296,4560,4624,4424,4183,4296,3792,3096
0072,2007-07-03T00:00:00Z,2528,2232,2048,1896,1927,2144,2160,2232,2320,2576,2952,3312,3712,3864,4016,4352,4680,4855,4680,4416,4112,4240,3833,3280
0072,2007-07-04T00:00:00Z,2832,2432,2224,2056,2009,1992,1903,2184,2753,3367,3816,4241,4624,4888,5129,5311,5489,5472,5184,4744,4368,4168,4040,3608
0072,2007-07-05T00:00:00Z,3040,2632,2393,2224,2168,2239,2256,2408,2584,2993,3535,3984,4481,4944,5296,5600,5887,5832,5328,4553,4471,4361,3936,3288
0072,2007-07-06T00:00:00Z,2839,2489,2280,2143,2081,2296,2352,2416,2592,2873,3223,3768,4248,4704,5057,5407,5720,5936,5856,5448,5088,4984,4560,3760
0072,2007-07-07T00:00:00Z,3209,2791,2456,2256,2184,2192,2095,2297,2719,3209,3799,4361,4848,5280,5496,5760,5872,5848,5672,5296,4976,5064,4592,4015
0072,2007-07-08T00:00:00Z,3392,2928,2656,2441,2263,2201,2088,2472,3264,3912,4416,4888,5464,5888,6168,6336,6552,6640,6401,6168,5880,5880,5160,4312
0072,2007-07-09T00:00:00Z,3600,3152,2808,2584,2544,2672,2688,2752,3032,3504,4224,4879,5408,5808,6168,6424,6696,6944,6976,6648,6368,6424,5664,4721
0072,2007-07-10T00:00:00Z,3952,3400,3128,2904,2824,3056,3072,3040,3176,3744,4432,5081,5520,5743,5280,5000,4648,4649,4615,4584,4520,4648,4208,3456
0072,2007-07-11T00:00:00Z,2976,2656,2424,2288,2288,2479,2600,2656,2816,3240,3608,3751,4313,4855,5201,5104,4840,4952,4968,4952,4711,4800,4200,3528
0072,2007-07-12T00:00:00Z,3008,2584,2352,2201,2143,2369,2376,2520,2640,2968,3432,3848,4207,4457,4720,4912,5216,5512,5432,5080,5000,5016,4384,3560
0072,2007-07-13T00:00:00Z,2824,2465,2232,2071,2081,2287,2432,2368,2480,2696,2791,2984,2976,3008,3040,3024,3176,3504,3631,3504,3392,3696,3320,2800
0072,2007-07-14T00:00:00Z,2440,2120,1952,1831,1793,1848,1783,2072,2448,2832,3176,3664,4208,4552,4800,4904,4831,4920,4824,4616,4232,4320,3952,3304
0072,2007-07-15T00:00:00Z,2744,2376,2160,2000,1920,1936,1880,2191,2816,3448,3864,4304,4768,5201,5520,5656,5888,5911,5720,5424,5232,5280,4592,3712
0072,2007-07-16T00:00:00Z,3104,2743,2424,2280,2256,2465,2472,2512,2616,2920,3488,4168,4841,5376,5704,5976,6000,5160,4712,4456,4392,4368,3840,3152
0072,2007-07-17T00:00:00Z,2592,2335,2153,2071,2064,2273,2383,2480,2640,2984,3648,4392,4896,5272,5496,5416,4976,4424,4567,4848,4584,4608,4001,3367
0072,2007-07-18T00:00:00Z,2808,2576,2384,2263,2273,2544,2752,2664,2744,3184,3600,4208,4704,5088,5344,5664,5904,6232,6096,5801,5688,5623,4937,4087
0072,2007-07-19T00:00:00Z,3408,2984,2776,2585,2512,2696,2839,2864,3048,3584,4135,4673,5256,5656,5992,6089,6232,6424,6665,6264,5856,5992,5168,4288
0072,2007-07-20T00:00:00Z,3640,3224,2928,2704,2600,2760,2816,2872,2824,2969,3120,3271,3296,3496,4001,4584,4951,5177,5119,4649,4272,4320,3871,3248
0072,2007-07-21T00:00:00Z,2720,2328,2088,1960,1904,1936,1864,2105,2503,2952,3360,3761,4008,4320,4456,4736,4920,5112,4920,4456,4000,4121,3607,3017
0072,2007-07-22T00:00:00Z,2512,2160,1952,1831,1800,1832,1688,2064,2632,3000,3200,3480,3751,3977,4032,4183,4424,4576,4385,4111,3936,4032,3504,2880
0072,2007-07-23T00:00:00Z,2297,2023,1896,1856,1880,2136,2160,2176,2296,2609,3000,3352,3744,4080,4304,4351,4712,4936,4976,4656,4504,4560,3833,3072
0072,2007-07-24T00:00:00Z,2479,2216,2048,1927,1968,2201,2400,2239,2249,2328,2488,2656,2784,2849,2935,3048,3305,3616,3672,3696,3968,3912,3391,2712
0072,2007-07-25T00:00:00Z,2328,2081,1975,1889,1920,2200,2296,2273,2256,2407,2568,2712,2808,3113,3600,3928,4312,4649,4752,4440,4375,4376,3808,3120
0072,2007-07-26T00:00:00Z,2585,2280,2104,2008,2040,2280,2417,2440,2400,2544,2872,3408,3968,4408,4760,5128,5441,5551,5465,5143,4865,4855,4280,3464
0072,2007-07-27T00:00:00Z,2880,2512,2272,2129,2119,2297,2344,2408,2592,2944,3376,3920,4504,5064,5376,5249,4927,5112,5040,4776,4616,4752,4296,3624
0072,2007-07-28T00:00:00Z,3152,2728,2472,2336,2208,2232,2184,2416,2896,3320,3624,3760,3896,4072,4409,4999,5465,5575,5417,4992,4711,4736,4152,3544
0072,2007-07-29T00:00:00Z,2945,2592,2311,2201,2112,2088,2040,2320,2912,3360,3679,3953,4384,4632,4872,5024,5304,5328,5152,5024,4984,4960,4337,3624
0072,2007-07-30T00:00:00Z,3120,2776,2552,2431,2408,2616,2640,2624,2608,2808,2968,3120,3336,3713,3888,4231,4793,5208,5320,5136,4880,4872,4152,3384
0072,2007-07-31T00:00:00Z,2791,2424,2240,2128,2144,2344,2441,2376,2671,3032,3552,4104,4520,4896,5272,5512,5856,6072,5808,5616,5369,5296,4520,3768
0072,2007-08-01T00:00:00Z,3151,2705,2472,2287,2273,2520,2592,2527,2801,3144,3672,4272,4896,5184,5503,5760,5936,6168,6056,5623,5432,5688,4616,3672
0072,2007-08-02T00:00:00Z,3055,2640,2345,2191,2177,2383,2472,2472,2624,2944,3521,4200,4807,5129,5455,5729,5959,6152,6088,5864,5824,5528,4760,3880
0072,2007-08-03T00:00:00Z,3240,2784,2512,2352,2288,2456,2592,2560,2728,3176,3680,4240,4848,5424,5776,5928,5904,5664,5489,5256,5280,5056,4504,3768
0072,2007-08-04T00:00:00Z,3192,2712,2472,2345,2248,2256,2216,2424,2856,3439,4169,4888,5520,6104,6448,6608,6784,6680,6456,6096,5928,5728,5104,4385
0072,2007-08-05T00:00:00Z,3703,3281,2952,2704,2616,2584,2520,2777,3472,4208,4399,4760,5392,6000,6305,6367,6161,5832,5496,5272,5192,5248,4600,3896
0072,2007-08-06T00:00:00Z,3312,2960,2736,2632,2592,2752,2825,2887,3128,3656,4440,5136,5760,6127,6305,6367,6632,6704,6664,6464,6664,6320,5416,4512
0072,2007-08-07T00:00:00Z,3888,3432,3112,2904,2832,2969,3064,3072,3256,3776,4488,5272,5784,6216,6416,6432,6688,6785,6840,6616,6808,6425,5664,4711
0072,2007-08-08T00:00:00Z,4056,3632,3312,3088,3065,3208,3240,3152,3439,4080,4937,5671,6296,6664,6929,7015,7265,7399,7296,7064,7208,6816,6055,5177
0072,2007-08-09T00:00:00Z,4416,3967,3617,3367,3264,3384,3473,3384,3664,4320,5112,5896,6480,6776,7024,7049,7336,7520,7384,7232,7375,7025,6192,5335
0072,2007-08-10T00:00:00Z,4625,4192,3856,3617,3415,3528,3528,3416,3776,4288,5040,5816,6295,6521,6736,6576,6568,6905,6768,6448,6608,6256,5560,4800
0072,2007-08-11T00:00:00Z,4256,3776,3384,3144,3031,3000,2945,3127,3713,4176,4560,4800,5311,5448,5609,5968,6304,6312,6056,5656,5456,5424,4920,4240
0072,2007-08-12T00:00:00Z,3728,3344,2992,2768,2632,2624,2584,2832,3528,4256,4543,4841,5287,5760,6137,6415,6600,6737,6600,6184,6008,5856,5008,4160
0072,2007-08-13T00:00:00Z,3559,3176,2920,2736,2640,2736,2825,2767,2993,3528,4168,4832,5431,5936,6176,6391,6696,6816,6680,6384,6192,5880,5048,4048
0072,2007-08-14T00:00:00Z,3448,2969,2712,2488,2496,2672,2776,2672,2848,3264,3688,4184,4664,5143,5496,5792,6040,6176,6056,5623,5400,5048,4256,3439
0072,2007-08-15T00:00:00Z,2864,2432,2248,2104,2120,2352,2464,2360,2504,2815,3329,4008,4735,5312,5760,6064,6456,6656,6568,6224,6272,5880,4951,4088
0072,2007-08-16T00:00:00Z,3472,3096,2880,2696,2656,2849,3072,3072,3175,3576,4241,4912,5544,6104,6415,6569,6888,7032,6904,6648,7024,6536,5800,4968
0072,2007-08-17T00:00:00Z,4361,3991,3560,3272,3136,3240,3288,3168,3120,3272,3696,4384,5064,5712,6184,6281,6544,6632,6384,6088,6048,5416,4688,4008
0072,2007-08-18T00:00:00Z,3384,2904,2568,2400,2328,2344,2288,2432,2856,3391,3936,4392,4856,5304,5648,5880,6064,6040,5664,5120,4864,4721,4128,3463
0072,2007-08-19T00:00:00Z,2960,2632,2336,2176,2105,2128,2152,2384,2936,3208,3328,3768,4536,5321,5976,6376,6624,6792,6600,6264,6160,5936,5040,4320
0072,2007-08-20T00:00:00Z,3672,3344,3072,2896,2824,3024,3176,3032,3232,3568,4152,4848,5664,6128,6456,6688,6984,7073,6991,6689,6568,6216,5352,4464
0072,2007-08-21T00:00:00Z,3800,3415,3137,2904,2863,3041,3280,3192,3184,3569,4248,4999,5736,6185,6535,6737,6072,5496,5368,5248,5417,5008,4448,3703
0072,2007-08-22T00:00:00Z,3185,2880,2664,2592,2575,2856,3041,2976,2904,3088,3616,4272,5048,5584,4992,4649,4728,4888,4944,4856,5359,5057,4432,3744
0072,2007-08-23T00:00:00Z,3232,2952,2784,2664,2688,2993,3256,3104,3040,3120,3320,3607,3992,4488,4776,4968,5392,5688,5537,5376,5704,5448,4840,4121
0072,2007-08-24T00:00:00Z,3568,3216,2976,2736,2720,2935,3144,3065,3112,3384,3904,4448,4912,5352,5712,6096,6552,6737,6463,5984,5920,5609,5112,4480
0072,2007-08-25T00:00:00Z,3960,3592,3233,3048,2880,2872,2864,2935,3584,4224,4968,5696,6304,6760,6968,7200,7312,7296,6984,6497,6511,6128,5504,4792
0072,2007-08-26T00:00:00Z,4120,3608,3256,3008,2824,2784,2720,2864,3600,4296,4624,4704,5048,5544,5584,5200,5417,5407,5376,5321,5584,5376,4536,3704
0072,2007-08-27T00:00:00Z,3168,2839,2600,2520,2560,2904,3456,3024,2904,3113,3415,3816,4361,4720,4944,5216,5656,6032,5959,5744,5912,5503,4568,3784
0072,2007-08-28T00:00:00Z,3257,2959,2744,2624,2575,2921,3328,3032,2952,3312,3823,4280,4784,5167,5448,5753,6055,6368,6344,6120,6232,5744,4816,4064
0072,2007-08-29T00:00:00Z,3480,3064,2816,2704,2632,2921,3328,3032,2839,3281,3760,4320,4944,5536,5921,6280,6616,6665,6456,6127,6161,5704,4832,4056
0072,2007-08-30T00:00:00Z,3528,3199,2969,2776,2712,2984,3432,3064,2928,3232,3672,4248,4896,5336,5488,5456,5424,5208,4920,4752,5024,4816,4048,3344
0072,2007-08-31T00:00:00Z,2856,2568,2448,2400,2400,2776,3168,2864,2824,3113,3487,4032,4448,4792,5040,5312,5616,5784,5616,5224,5160,4832,4384,3785
0072,2007-09-01T00:00:00Z,3312,2983,2777,2647,2561,2608,2600,2551,2801,3024,3199,3248,3288,3336,3352,3497,3720,3816,3784,3632,3880,3648,3304,2921
0072,2007-09-02T00:00:00Z,2496,2248,2064,1968,1944,1976,1999,2177,2719,3185,3415,3648,4032,4320,4688,4968,5160,5200,4872,4416,4472,4096,3593,3000
0072,2007-09-03T00:00:00Z,2544,2184,2080,1960,1913,1951,1961,2023,2448,2952,3384,3920,4384,4904,5352,5688,5888,5952,5815,5513,5664,5119,4232,3416
0072,2007-09-04T00:00:00Z,2808,2512,2336,2208,2215,2496,2936,2560,2456,2784,3232,3665,4240,4728,5080,5465,5800,5936,5791,5465,5536,4960,4104,3288
0072,2007-09-05T00:00:00Z,2784,2448,2273,2143,2160,2544,2936,2600,2424,2560,3000,3576,4256,4831,5288,5680,6120,6296,6168,5824,5873,5344,4512,3576
0072,2007-09-06T00:00:00Z,3040,2688,2472,2312,2344,2648,3096,2632,2528,2832,3208,3800,4344,4912,5328,5736,6065,6216,6064,5792,5896,5480,4632,3760
0072,2007-09-07T00:00:00Z,3200,2808,2592,2464,2424,2704,3185,2832,2688,2952,3439,4008,4592,5088,5384,5647,5993,6079,5864,5456,5503,4992,4424,3808
0072,2007-09-08T00:00:00Z,3240,2888,2616,2448,2344,2400,2417,2488,2872,3488,4088,4560,5224,5728,6104,6352,6425,6367,5952,5489,5448,4896,4288,3672
0072,2007-09-09T00:00:00Z,3112,2648,2400,2248,2153,2152,2160,2344,3024,3528,3881,4272,4855,5360,5840,6024,6271,6360,6032,5672,5776,5200,4337,3568
0072,2007-09-10T00:00:00Z,2984,2688,2464,2360,2344,2672,3151,2825,2632,2736,2928,3280,3737,4375,4880,5480,5848,6008,6007,5864,6032,5416,4568,3832
0072,2007-09-11T00:00:00Z,3280,2921,2695,2568,2520,2816,3240,2928,2744,3040,3464,4024,4672,5129,5032,4832,4759,4769,4632,4687,5120,4752,4112,3376
0072,2007-09-12T00:00:00Z,2864,2568,2407,2208,2208,2544,2921,2536,2456,2568,2863,3185,3496,3880,4169,4567,4944,5129,5047,4688,4872,4336,3665,2968
0072,2007-09-13T00:00:00Z,2456,2160,2032,1992,1992,2360,2824,2496,2296,2352,2456,2688,2968,3305,3528,3832,4296,4456,4409,4408,4776,4400,3744,3064
0072,2007-09-14T00:00:00Z,2632,2376,2225,2152,2176,2568,3120,2840,2544,2536,2576,2616,2608,2648,2672,2680,2936,3184,3280,3528,3656,3528,3152,2743
0072,2007-09-15T00:00:00Z,2369,2152,2008,1968,1937,2016,2152,2248,2657,3016,3312,3528,3640,3608,3656,3751,3905,3823,3473,3295,3449,3168,2800,2472
0072,2007-09-16T00:00:00Z,2080,1880,1792,1745,1720,1768,1880,2128,2753,2944,2752,2568,2609,2647,2753,2896,3088,3176,3208,3296,3536,3328,2776,2256
0072,2007-09-17T00:00:00Z,1937,1776,1711,1704,1808,2240,2776,2472,2192,2184,2160,2208,2272,2224,2352,2624,2864,3031,3185,3424,3704,3384,2872,2312
0072,2007-09-18T00:00:00Z,1960,1816,1769,1711,1824,2280,2825,2488,2200,2129,2136,2136,2232,2256,2464,2696,3000,3127,3224,3376,3713,3415,2880,2321
0072,2007-09-19T00:00:00Z,1992,1840,1760,1744,1864,2304,2825,2448,2263,2192,2240,2112,2272,2400,2552,2856,3223,3425,3487,3584,3872,3631,3065,2503
0072,2007-09-20T00:00:00Z,2136,1920,1841,1792,1872,2240,2752,2424,2160,2184,2256,2384,2568,2664,2911,3216,3624,3689,3624,3799,4176,3912,3272,2648
0072,2007-09-21T00:00:00Z,2224,1992,1888,1848,1928,2320,2840,2488,2273,2215,2297,2304,2304,2311,2312,2512,2792,2888,2944,3248,3448,3328,3065,2599
0072,2007-09-22T00:00:00Z,2345,2112,1968,1912,1912,2009,2143,2264,2640,2952,3368,3808,4336,4680,5024,5184,5464,5312,4904,4672,4816,4457,3928,3400
0072,2007-09-23T00:00:00Z,2864,2496,2280,2128,2064,2112,2136,2225,2880,3487,3816,4248,4880,5328,5720,5808,5848,5824,5489,5368,5368,4728,3944,3240
0072,2007-09-24T00:00:00Z,2752,2448,2249,2184,2184,2536,3024,2680,2441,2575,2880,3128,3544,3936,4272,4680,5000,5112,4904,4927,5000,4416,3608,2944
0072,2007-09-25T00:00:00Z,2456,2176,2016,1920,2008,2297,2815,2513,2304,2320,2576,2992,3456,3992,4344,4927,5312,5512,5432,5312,5239,4544,3888,3168
0072,2007-09-26T00:00:00Z,2688,2328,2160,2040,2040,2432,2935,2576,2280,2400,2608,2856,3360,3872,4384,4856,5208,5416,5240,5056,5057,4591,3785,3103
0072,2007-09-27T00:00:00Z,2537,2256,2088,1999,2009,2383,2936,2544,2296,2384,2568,2936,3520,3992,4312,4624,4904,5064,4736,4744,4824,4272,3688,3041
0072,2007-09-28T00:00:00Z,2544,2287,2144,2056,2081,2392,2952,2640,2360,2560,2752,2993,3216,3391,3617,3856,3968,3991,3737,3640,3600,3216,2944,2513
0072,2007-09-29T00:00:00Z,2152,1928,1800,1783,1793,1927,2112,2225,2575,2648,2624,2695,2664,2840,3112,3353,3535,3497,3256,3264,3408,3096,2824,2384
0072,2007-09-30T00:00:00Z,2120,1960,1848,1784,1783,1848,2072,2264,2911,3024,2736,2624,2704,2897,3024,3271,3392,3456,3344,3672,3775,3440,2848,2328
0072,2007-10-01T00:00:00Z,2033,1848,1776,1752,1872,2352,2935,2600,2352,2240,2224,2288,2311,2472,2609,2911,3216,3425,3496,3768,3856,3569,3007,2408
0072,2007-10-02T00:00:00Z,2024,1872,1776,1776,1848,2280,2872,2560,2273,2208,2224,2304,2400,2456,2623,2976,3233,3568,3552,3856,4016,3632,3120,2584
0072,2007-10-03T00:00:00Z,2192,1999,1896,1856,1944,2304,2808,2544,2320,2297,2520,2743,3080,3400,3641,3960,4231,4457,4384,4504,4457,4128,3408,2808
0072,2007-10-04T00:00:00Z,2455,2192,2064,2024,2080,2416,2976,2720,2496,2512,2720,2928,3240,3448,3689,4111,4481,4528,4672,4913,4824,4423,3840,3144
0072,2007-10-05T00:00:00Z,2633,2383,2216,2112,2152,2496,3041,2815,2568,2633,2776,3048,3392,3504,3808,4040,4248,4255,4097,4240,4232,4000,3576,3120
0072,2007-10-06T00:00:00Z,2736,2432,2280,2232,2191,2288,2432,2632,2864,3120,3240,3400,3792,4168,4409,4615,4745,4735,4272,4208,4144,3840,3440,2864
0072,2007-10-07T00:00:00Z,2431,2168,2032,1937,1920,1944,2080,2192,2824,3224,3304,3688,4080,4616,5000,5208,5344,5280,4952,5104,4920,4264,3632,2936
0072,2007-10-08T00:00:00Z,2479,2256,2088,1985,2040,2304,2863,2528,2368,2528,2776,3240,3848,4272,4624,4952,5264,5400,5128,5400,5104,4544,3744,3000
0072,2007-10-09T00:00:00Z,2568,2352,2120,2047,2057,2392,2928,2704,2376,2441,2664,3223,3800,4312,4536,4841,5416,5368,5024,5264,5047,4544,3888,3192
0072,2007-10-10T00:00:00Z,2728,2408,2248,2153,2176,2520,2976,2704,2352,2424,2705,3024,3288,3568,3808,4049,4216,4400,4200,4375,4160,3712,3080,2480
0072,2007-10-11T00:00:00Z,2080,1864,1769,1744,1856,2287,2864,2592,2232,2232,2208,2168,2176,2176,2129,2304,2440,2624,2800,3432,3480,3272,2911,2456
0072,2007-10-12T00:00:00Z,2168,2064,2023,2064,2225,2695,3512,3200,2920,2648,2328,2184,2095,2177,2095,2177,2392,2592,2800,3096,3137,3064,2848,2600
0072,2007-10-13T00:00:00Z,2344,2264,2192,2256,2368,2592,2912,3151,3497,3480,3064,2800,2688,2528,2592,2600,2712,2776,2856,3200,3168,3016,2768,2496
0072,2007-10-14T00:00:00Z,2272,2096,2032,2040,2088,2248,2465,2767,3296,3504,3064,2784,2736,2768,2744,2872,2920,3041,3000,3688,3680,3264,2736,2280
0072,2007-10-15T00:00:00Z,1968,1824,1816,1832,1975,2513,3175,2816,2488,2480,2312,2248,2224,2240,2288,2464,2784,3024,3152,3720,3648,3304,2784,2312
0072,2007-10-16T00:00:00Z,1951,1745,1720,1744,1841,2335,3000,2720,2408,2272,2184,2192,2191,2249,2184,2287,2528,2784,2992,3608,3576,3240,2720,2200
0072,2007-10-17T00:00:00Z,1888,1800,1721,1711,1841,2311,2816,2584,2136,2088,2129,2191,2280,2400,2568,2753,3016,3192,3424,3848,3824,3520,2984,2448
0072,2007-10-18T00:00:00Z,2080,1880,1776,1735,1832,2216,2776,2584,2208,2168,2152,2376,2465,2544,2608,2904,3168,3344,3456,4056,4135,3737,3256,2656
0072,2007-10-19T00:00:00Z,2304,2096,2056,1992,2016,2441,2992,2848,2489,2488,2504,2592,2520,2496,2568,2695,2928,3065,3256,3632,3528,3360,3007,2609
0072,2007-10-20T00:00:00Z,2239,1968,1841,1752,1768,1904,2080,2224,2496,2736,2849,2911,2936,2992,3000,3096,3264,3168,3008,3376,3209,3031,2753,2464
0072,2007-10-21T00:00:00Z,2136,1960,1889,1879,1913,2064,2311,2696,3368,3415,2945,2664,2656,2792,2863,2856,3080,3184,3096,3656,3592,3224,2752,2312
0072,2007-10-22T00:00:00Z,2048,1864,1816,1824,1896,2393,3024,2767,2408,2248,2201,2215,2216,2192,2215,2393,2695,3041,3312,3823,3737,3408,2904,2392
0072,2007-10-23T00:00:00Z,2040,1808,1752,1752,1816,2176,2816,2608,2160,2232,2240,2320,2352,2417,2368,2528,2839,3144,3473,4024,3904,3648,3168,2648
0072,2007-10-24T00:00:00Z,2256,2112,2008,1992,2072,2456,3040,2800,2432,2368,2376,2537,2680,2800,2816,2984,3184,3384,3672,3952,3800,3184,1152,2177
0072,2007-10-25T00:00:00Z,1975,1769,1687,1625,1704,2104,2720,2704,2296,2288,2328,2296,2384,2304,2208,2440,2801,3096,3463,3785,3736,3472,2969,2544
0072,2007-10-26T00:00:00Z,2160,2032,1968,1984,2048,2448,3064,3000,2657,2640,2608,2552,2527,2417,2431,2552,2808,3008,3208,3360,3288,3088,2792,2448
0072,2007-10-27T00:00:00Z,2168,1951,1856,1864,1889,2016,2143,2448,2729,2944,2888,2872,2816,2832,2784,2863,3032,2928,2880,3128,3136,3000,2784,2488
0072,2007-10-28T00:00:00Z,2232,2136,2072,2072,2104,2296,2561,2959,3576,3545,3103,2840,2776,2784,2696,2640,2792,2839,3072,3785,3751,3569,3112,2904
0072,2007-10-29T00:00:00Z,2624,2599,2609,2767,3080,3872,4872,4663,4208,3712,3216,2928,2648,2400,2192,2239,2585,2952,3520,4176,4264,4232,3952,3528
0072,2007-10-30T00:00:00Z,3408,3408,3552,3744,4025,4728,5496,5200,4736,4231,3440,2984,2584,2336,2176,2208,2456,2719,3185,3775,3960,3776,3464,3184
0072,2007-10-31T00:00:00Z,3048,3096,3168,3408,3712,4457,4968,4912,4656,4200,3576,2928,2624,2424,2368,2328,2472,2576,2767,3080,3280,3432,2984,2616
0072,2007-11-01T00:00:00Z,2400,2304,2336,2344,2504,2944,3584,3400,3016,2696,2496,2304,2200,2105,2040,2167,2441,2632,3032,3520,3536,3295,2784,2393
0072,2007-11-02T00:00:00Z,2095,2040,2033,2167,2417,3064,3728,3679,3264,3192,2960,2776,2504,2296,2177,2200,2424,2728,3209,3576,3768,3792,3672,3360
0072,2007-11-03T00:00:00Z,3175,3144,3128,3200,3408,3640,4064,4360,4800,4472,3895,3473,3048,2791,2681,2736,2712,2808,3031,3456,3504,3536,3352,3104
0072,2007-11-04T00:00:00Z,2856,2741,2824,2968,3240,3600,4001,4752,4848,4240,3520,2976,2880,2816,2728,2712,2832,3288,3864,3912,3977,3736,3400,3072
0072,2007-11-05T00:00:00Z,2945,3040,3120,3312,3544,4241,5023,4568,3840,3232,2816,2672,2392,2256,2144,2215,2504,3328,3848,3976,3905,3568,3112,2648
0072,2007-11-06T00:00:00Z,2368,2256,2264,2248,2441,2935,3584,3184,2825,2664,2575,2441,2352,2239,2201,2392,2880,3752,4608,4744,4704,4456,4128,3720
0072,2007-11-07T00:00:00Z,3617,3768,3904,4080,4416,5048,5656,5200,4344,3761,3295,2945,2680,2544,2464,2600,3136,3992,4744,4904,5008,4985,4728,4432
0072,2007-11-08T00:00:00Z,4264,4361,4528,4744,4992,5609,6127,5648,5048,4639,4040,3512,3247,2888,2624,2791,3240,4184,4680,4840,4913,4735,4328,3864
0072,2007-11-09T00:00:00Z,3648,3568,3617,3631,3857,4312,4864,4433,4039,3689,3295,3185,2832,2647,2633,2712,3064,3656,4063,4121,3960,3808,3512,3208
0072,2007-11-10T00:00:00Z,2920,2904,2936,3064,3296,3704,3880,4344,4336,4073,3664,3432,3248,3112,2952,3072,3360,3888,4248,4384,4464,4409,4231,4049
0072,2007-11-11T00:00:00Z,3960,4008,4168,4304,4440,4807,5064,5696,5704,5048,4104,3552,3296,3040,2976,2888,3016,3712,4128,4296,4328,4176,3904,3593
0072,2007-11-12T00:00:00Z,3463,3377,3328,3320,3408,3832,3936,3792,3712,3480,3233,2944,2832,2656,2609,2575,2744,3424,3992,4080,3880,3552,3089,2640
0072,2007-11-13T00:00:00Z,2400,2352,2335,2369,2575,3104,3632,3240,2848,2664,2440,2256,2168,2168,2095,2232,2552,3344,3847,3744,3617,3367,2921,2479
0072,2007-11-14T00:00:00Z,2201,2112,2104,2176,2400,2960,3560,3232,2848,2520,2264,2112,2072,2008,1944,2080,2336,3056,3424,3480,3336,3176,2728,2296
0072,2007-11-15T00:00:00Z,1961,1848,1728,1735,1856,2288,2928,2776,2560,2640,2672,2544,2408,2392,2504,2896,3448,4296,4889,4927,4872,4697,4135,3720
0072,2007-11-16T00:00:00Z,3440,3432,3360,3432,3664,4352,4936,4640,4112,3760,3448,3128,2968,2784,2633,2808,3120,3943,4560,4752,4904,4936,4817,4584
0072,2007-11-17T00:00:00Z,4512,4488,4600,4496,4632,5136,5407,5736,5696,4960,4200,3584,3216,3040,3024,3080,3352,3816,3936,3944,4136,4159,3977,3799
0072,2007-11-18T00:00:00Z,3560,3560,3607,3761,3880,4152,4456,4841,5136,4519,3713,3079,2928,2945,2704,2656,2864,3512,3703,3864,3824,3616,3272,2808
0072,2007-11-19T00:00:00Z,2544,2544,2520,2560,2816,3304,4008,3785,3343,3041,2752,2520,2256,2120,2119,2201,2560,3408,3864,4008,3960,3736,3432,3000
0072,2007-11-20T00:00:00Z,2744,2768,2776,2920,3192,3768,4344,4001,3592,3344,2800,2496,2272,2088,2096,2136,2392,3120,3560,3544,3560,3488,3184,2792
0072,2007-11-21T00:00:00Z,2479,2376,2456,2528,2791,3296,3776,3760,3560,3199,2960,2800,2624,2488,2417,2512,2648,3280,3760,3656,3696,3456,3208,2808
0072,2007-11-22T00:00:00Z,2393,2104,1960,1920,1992,2129,2416,2816,3576,4135,4313,4327,3728,3192,2936,2832,2824,2968,3152,3160,3296,3304,3072,2880
0072,2007-11-23T00:00:00Z,2760,2736,2888,3096,3344,3696,4048,4392,4368,3960,3752,3535,3320,3176,3024,3112,3560,4344,4776,5023,5129,5104,4960,4769
0072,2007-11-24T00:00:00Z,4615,4632,4904,5040,5296,5688,6032,6344,6384,5688,4864,4328,3895,3600,3456,3480,3864,4673,4992,5104,5072,4840,4568,4152
0072,2007-11-25T00:00:00Z,3976,3712,3617,3528,3511,3624,3857,4063,4568,4712,4440,4000,3936,3968,3832,3832,4056,4577,4663,4680,4625,4327,3912,3440
0072,2007-11-26T00:00:00Z,3136,3072,2976,2993,3103,3632,4280,3928,3464,3463,3432,3344,3344,3247,3200,3296,3679,4296,4472,4432,4256,3888,3368,2808
0072,2007-11-27T00:00:00Z,2407,2256,2192,2208,2320,2880,3600,3240,3017,2784,2623,2417,2287,2160,2201,2296,2728,3728,4368,4600,4697,4440,4272,4032
0072,2007-11-28T00:00:00Z,3799,3881,3967,4128,4457,5047,5840,5520,4872,4120,3480,2960,2632,2456,2360,2544,2976,3984,4615,4896,4793,4800,4416,4128
0072,2007-11-29T00:00:00Z,4000,3984,4048,4088,4376,4879,5472,4961,4543,4256,3896,3424,2816,2527,2384,2472,2800,3737,4399,4601,4591,4553,4159,3761
0072,2007-11-30T00:00:00Z,3511,3504,3600,3761,4032,4728,5407,4992,4481,3871,3377,3048,2760,2503,2384,2528,2976,3943,4457,4711,4896,4865,4608,4327
0072,2007-12-01T00:00:00Z,4152,4112,4232,4408,4568,4920,5224,5584,5672,5048,4368,3744,3432,3216,3144,3064,3384,4096,4529,4552,4616,4480,4248,3904
0072,2007-12-02T00:00:00Z,3560,3520,3536,3664,3809,4152,4543,4865,5328,5215,4697,4135,4008,3920,3792,3832,3984,4536,4736,4840,4664,4232,3672,3079
0072,2007-12-03T00:00:00Z,2792,2680,2633,2632,2848,3384,4200,3728,3312,3040,2849,2856,2791,2712,2624,2856,3544,4616,5464,5672,5808,5688,5152,4584
0072,2007-12-04T00:00:00Z,4272,4200,4224,4368,4553,5152,5776,5432,4864,4745,4456,4256,4200,4032,3688,3712,4337,5320,5992,5873,5640,5344,4696,4112
0072,2007-12-05T00:00:00Z,3952,3960,3960,4040,4320,4864,5528,5032,4601,4360,4144,4040,3560,3184,2968,3257,3672,4639,5009,5056,5120,4848,4440,4096
0072,2007-12-06T00:00:00Z,3936,3984,4184,4384,4752,5552,6280,6080,5479,4865,4360,3816,3472,3233,3223,3488,4184,5287,6089,6504,6607,6504,6032,5616
0072,2007-12-07T00:00:00Z,5416,5408,5240,5160,5191,5688,6200,5832,5408,5176,4696,4344,4040,3872,3799,4056,4280,5000,5256,5160,5071,4896,4568,4144
0072,2007-12-08T00:00:00Z,3857,3744,3576,3607,3768,4016,4344,4592,4759,4457,4159,3560,3136,2897,2863,3048,3344,3928,3920,3776,3664,3472,3192,2849
0072,2007-12-09T00:00:00Z,2496,2263,2184,2225,2296,2496,2792,3175,3864,3824,3344,2896,2808,2744,2712,2728,2840,3583,3833,3847,3792,3488,2952,2448
0072,2007-12-10T00:00:00Z,2120,2023,1992,2040,2184,2792,3536,3175,2720,2520,2304,2232,2152,2144,2072,2176,2480,3232,3832,3929,3928,3456,2880,2392
0072,2007-12-11T00:00:00Z,2033,1888,1808,1824,1999,2561,3247,2976,2552,2416,2249,2152,2064,2096,2064,2152,2456,3192,3847,3905,3832,3488,2928,2407
0072,2007-12-12T00:00:00Z,2064,1913,1872,1903,2040,2520,3240,2912,2464,2393,2200,2144,2152,2088,2096,2232,2448,3256,3712,3720,3704,3416,2935,2384
0072,2007-12-13T00:00:00Z,1984,1824,1760,1800,1968,2480,3199,3089,2688,2671,2600,2544,2472,2368,2240,2312,2839,3665,4032,4063,3968,3760,3296,2768
0072,2007-12-14T00:00:00Z,2496,2472,2472,2575,2816,3496,4440,4193,3744,3216,2784,2479,2304,2264,2184,2280,2504,3360,3784,3976,4025,4015,3953,3712
0072,2007-12-15T00:00:00Z,3480,3344,3247,3281,3295,3696,4049,4375,4896,5144,4992,4968,4848,4832,5040,5335,5760,6233,6232,6168,5904,5744,5407,4944
0072,2007-12-16T00:00:00Z,4728,4592,4472,4384,4360,4433,4624,5048,5520,5608,4968,4136,4072,4080,3976,4145,4656,5568,6016,6152,6192,6055,5513,5016
0072,2007-12-17T00:00:00Z,4816,4800,4768,4928,5200,5753,6528,6168,5736,5040,4504,4056,3760,3480,3408,3569,4231,5456,6224,6559,6576,6449,5911,5520
0072,2007-12-18T00:00:00Z,5441,5479,5768,6000,6360,7120,7872,7616,6832,5816,4920,4288,3656,3312,3264,3568,4320,5297,5880,6072,6208,5920,5480,5080
0072,2007-12-19T00:00:00Z,4664,4488,4472,4560,4720,5240,5872,5488,5033,4711,4152,3920,3856,3353,2952,3088,3592,4488,5177,5352,5416,5424,5120,4728
0072,2007-12-20T00:00:00Z,4471,4577,4711,4880,5184,5944,6440,6144,5656,4961,4144,3344,2920,2672,2664,2791,3152,4120,4872,4937,4872,4600,4256,3640
0072,2007-12-21T00:00:00Z,3416,3384,3384,3472,3744,4256,4648,4880,4896,4848,4752,4552,4336,4160,4080,4200,4520,5176,5520,5480,5584,5272,4880,4464
0072,2007-12-22T00:00:00Z,4040,3880,3744,3712,3824,3936,4200,4424,4879,5000,4832,4632,4495,4472,4416,4448,4663,5112,5168,5048,4975,4736,4480,3968
0072,2007-12-23T00:00:00Z,3616,3392,3224,3216,3280,3392,3624,4144,4744,4880,4504,4121,4080,3816,3535,3296,3376,3977,4231,4400,4600,4505,4456,4192
0072,2007-12-24T00:00:00Z,3953,3871,3944,3984,4184,4440,4783,5321,5575,5432,5016,4592,4120,3792,3712,3809,3912,4471,4649,4783,5072,5184,5056,4841
0072,2007-12-25T00:00:00Z,4464,4248,4144,4200,4248,4464,4864,5400,5952,5744,5272,4800,4272,3840,3608,3480,3640,4304,4776,4880,4992,4879,4656,4304
0072,2007-12-26T00:00:00Z,3976,3840,3689,3631,3720,4049,4408,4544,4624,4904,4968,4800,4560,4303,3809,3696,3847,4712,5368,5456,5536,5400,5160,4832
0072,2007-12-27T00:00:00Z,4512,4448,4423,4392,4344,4632,4736,4744,4625,4567,4232,3744,3296,3000,2824,2736,3088,3984,4656,4769,4744,4632,4328,4024
0072,2007-12-28T00:00:00Z,3824,3840,3799,3665,3703,3992,4224,4320,4312,4184,4136,4096,3976,3848,3832,4040,4416,4800,4984,4793,4704,4447,4016,3576
0072,2007-12-29T00:00:00Z,3312,3128,3064,3040,3041,3184,3376,3608,3760,3944,4072,4008,3824,3744,3560,3600,3640,4040,4111,4073,3952,3824,3696,3319
0072,2007-12-30T00:00:00Z,3065,2848,2744,2808,2856,2968,3144,3424,4008,4224,4128,3960,4152,4256,4216,4193,4384,4760,4920,4800,4687,4448,4096,3680
0072,2007-12-31T00:00:00Z,3360,3336,3456,3616,3824,4288,4832,4920,5080,4616,4120,3785,3400,3176,3016,3048,3480,4368,5104,5000,5008,4865,4696,4664
0072,2008-01-01T00:00:00Z,4495,4457,4408,4464,4544,4711,4896,5088,5288,5144,4848,4519,4344,4032,3929,3936,4279,5129,5632,5832,5824,5705,5383,5160
0072,2008-01-02T00:00:00Z,5160,5153,5416,5664,6088,6689,7144,6928,6720,6353,6127,5784,5448,5096,5128,5400,5816,7040,7728,7903,7817,7464,7000,6720
0072,2008-01-03T00:00:00Z,6464,6472,6592,6792,7064,7768,8472,8064,7472,6664,6017,5335,4841,4495,4256,4304,4831,6024,6936,7176,7361,7248,6895,6696
0072,2008-01-04T00:00:00Z,6569,6696,6960,7183,7440,8153,8832,8335,7769,6751,5768,5008,4464,4080,3872,3928,4217,5263,5993,6112,6200,6112,5808,5464
0072,2008-01-05T00:00:00Z,5256,5184,5096,5256,5352,5600,5856,6096,6352,6320,6016,5576,4888,4424,3967,4176,4400,4936,5393,5272,5336,5119,4793,4408
0072,2008-01-06T00:00:00Z,4072,3833,3840,3727,3713,3847,3968,4360,4800,4784,4248,3512,3280,3272,3000,2920,3032,3496,4064,4255,4208,3976,3584,3160
0072,2008-01-07T00:00:00Z,2976,2976,3017,3072,3343,4040,4808,4504,4016,3616,3048,2616,2376,2232,2152,2201,2503,3104,3800,3919,3704,3536,3103,2640
0072,2008-01-08T00:00:00Z,2360,2312,2328,2376,2623,3200,4016,3760,3280,3185,2928,2808,2623,2496,2360,2384,2664,3336,4015,4088,3976,3665,3192,2664
0072,2008-01-09T00:00:00Z,2359,2273,2136,2095,2201,2632,3224,2911,2544,2376,2304,2184,2192,2152,2088,2088,2304,2969,3664,3776,3784,3656,3376,2960
0072,2008-01-10T00:00:00Z,2815,2736,2760,2912,3216,3936,4640,4344,3904,3688,3560,3528,3680,3679,3560,3920,4231,4880,5200,5120,5080,4769,4272,3655
0072,2008-01-11T00:00:00Z,3401,3280,3208,3209,3336,3888,4576,4168,3641,3400,3240,2824,2520,2376,2264,2248,2480,2984,3448,3624,3664,3648,3665,3415
0072,2008-01-12T00:00:00Z,3312,3248,3288,3520,3728,4152,4504,4808,5328,5312,4752,4168,3816,3528,3304,3281,3487,3905,4536,4608,4680,4504,4232,4032
0072,2008-01-13T00:00:00Z,3880,3888,4024,4193,4432,4552,4664,4888,5384,5392,4841,4336,4400,4063,3840,3872,3856,4400,5160,5336,5287,5024,4704,4568
0072,2008-01-14T00:00:00Z,4456,4568,4663,4800,4961,5647,6320,5936,5368,4672,4056,3641,3472,3296,3288,3600,4056,5016,5863,6072,5952,5681,5376,5088
0072,2008-01-15T00:00:00Z,4936,5112,5264,5464,5864,6504,7216,6896,6192,5551,4920,4640,4152,3872,3655,3680,4176,5280,6152,6456,6415,6120,5873,5623
0072,2008-01-16T00:00:00Z,5513,5496,5791,5921,6247,6912,7592,7224,6904,6144,5249,4576,4080,3808,3840,4104,4584,5384,5928,5912,5848,5608,5177,4776
0072,2008-01-17T00:00:00Z,4440,4336,4320,4288,4440,5033,5400,5712,5887,5928,6144,6176,6056,5880,5896,5896,5993,6360,6616,6408,6128,5856,5503,5024
0072,2008-01-18T00:00:00Z,4912,4944,4968,5064,5136,5528,5856,6080,6007,5600,5360,5040,4728,4480,4048,3920,4048,4769,5455,5585,5320,5208,4840,4409
0072,2008-01-19T00:00:00Z,4144,4056,4008,3992,4120,4328,4504,4792,5273,5464,5264,5040,4984,4992,5080,5273,5496,5776,6144,5960,5784,5568,5208,5008
0072,2008-01-20T00:00:00Z,4816,4745,4840,4928,5191,5648,6152,6799,7416,7128,6569,6088,5784,5424,5224,5129,5352,6127,6848,7152,7240,7337,7152,6960
0072,2008-01-21T00:00:00Z,6991,7232,7464,7784,8152,8728,8888,8848,8472,7488,6905,5904,5328,4807,4472,4456,4848,5777,6792,6943,7080,6800,6560,6295
0072,2008-01-22T00:00:00Z,6089,5815,5672,5576,5656,6000,6288,6168,5928,5824,5552,5472,5336,5208,5088,5184,5407,5729,6367,6464,6224,5872,5448,4944
0072,2008-01-23T00:00:00Z,4856,4768,4856,4968,5143,5801,6232,6136,5825,5095,4265,3727,3368,3040,2825,2824,3136,3881,4776,4927,5120,5088,4848,4560
0072,2008-01-24T00:00:00Z,4592,4696,4920,5120,5368,6072,6600,6176,5599,5321,4720,3952,3728,3528,3504,3688,4272,5177,6168,6424,6528,6584,6240,6096
0072,2008-01-25T00:00:00Z,6040,6208,6353,6544,6840,7600,8456,8208,7536,6480,5792,5064,4432,4056,3800,3919,4265,5088,6072,6264,6319,6120,5808,5448
0072,2008-01-26T00:00:00Z,5177,5095,4976,4928,4992,5128,5368,5696,5856,5856,5632,5129,4687,4304,4168,4313,4375,4776,5216,5376,5304,5280,5232,4936
0072,2008-01-27T00:00:00Z,4776,4769,4912,5032,5249,5512,5904,6336,6744,5976,4864,4152,3888,3641,3384,3264,3480,3976,4768,5081,5176,5152,4872,4712
0072,2008-01-28T00:00:00Z,4616,4624,4832,4968,5383,6041,6895,6576,5984,5088,4200,3592,3144,2856,2568,2609,2976,3768,4728,4927,5105,4920,4456,3976
0072,2008-01-29T00:00:00Z,3632,3472,3408,3416,3520,4001,4728,4360,4000,3632,3416,3223,3216,2880,2600,2648,3024,3576,4296,4471,4337,4072,3568,3128
0072,2008-01-30T00:00:00Z,2856,2808,2824,2801,2928,3439,4241,4392,4192,3928,3704,3336,3128,2887,2760,2792,3192,3936,4952,5455,5496,5528,5184,4824
0072,2008-01-31T00:00:00Z,4664,4759,4904,5144,5440,6192,6920,6480,5712,5191,4601,3936,3616,3600,3344,3559,4136,4760,5376,5503,5345,4984,4640,4135
0072,2008-02-01T00:00:00Z,3905,3895,4032,4289,4624,5272,5888,5768,5632,5512,5417,5448,5296,4824,4568,4392,4624,4832,5304,5359,5376,5321,5104,4792
0072,2008-02-02T00:00:00Z,4697,4632,4600,4784,4984,5304,5720,6160,6088,5609,4896,4375,3752,3288,3152,3031,3161,3400,4024,4328,4648,4520,4400,4368
0072,2008-02-03T00:00:00Z,4303,4112,4104,4168,4280,4456,4800,5256,5856,5352,4248,3617,3448,3248,3144,3112,3216,3608,4063,4097,4072,3936,3680,3312
0072,2008-02-04T00:00:00Z,2959,2912,3008,3088,3336,3952,4776,4608,4145,3672,3256,2784,2568,2392,2400,2465,3079,3696,4241,4360,4296,3928,3408,3065
0072,2008-02-05T00:00:00Z,2832,2760,2743,2816,2984,3496,4200,3880,3408,3024,2768,2512,2304,2153,2080,2096,2335,2720,3480,3656,3568,3376,2936,2408
0072,2008-02-06T00:00:00Z,2071,1904,1872,1816,1968,2424,3056,2784,2392,2328,2376,2232,2192,2264,2215,2280,2600,3136,3617,3703,3425,3271,2873,2431
0072,2008-02-07T00:00:00Z,2112,2040,2105,2239,2489,3096,3984,3823,3408,2960,2808,2680,2441,2368,2136,2208,2456,2935,3896,4304,4504,4416,4016,3696
0072,2008-02-08T00:00:00Z,3648,3688,3680,3823,4152,4793,5536,5248,4712,4080,3504,2968,2696,2528,2376,2359,2465,2904,3744,4120,4200,4216,4200,3960
0072,2008-02-09T00:00:00Z,3761,3648,3616,3608,3751,3984,4409,4936,5048,4399,3809,3367,3120,2904,2760,2640,2768,3000,3576,3744,3688,3576,3488,3336
0072,2008-02-10T00:00:00Z,3152,3151,3281,3439,3569,3760,4104,4528,4872,4481,3847,3497,3472,3352,3320,3192,3328,3776,4496,4711,4952,4992,4720,4512
0072,2008-02-11T00:00:00Z,4464,4601,4759,4920,5249,5968,6768,6416,5880,5104,4520,3991,3696,3329,2992,3040,3320,4072,5144,5680,5720,5624,5191,4928
0072,2008-02-12T00:00:00Z,4800,4904,4927,5000,4960,5424,5816,5584,5033,4840,4608,4424,4351,4136,4120,4632,5192,5736,6376,6353,6175,5753,5416,5024
0072,2008-02-13T00:00:00Z,4752,4648,4592,4632,4800,5320,5888,5608,5128,5112,4856,4336,4056,3641,3600,3696,4152,4728,5359,5520,5808,5921,5575,5201
0072,2008-02-14T00:00:00Z,4999,4992,5112,5273,5512,6264,6608,6760,6400,5408,4856,4464,4096,3776,3400,3152,3328,3864,4784,5208,5376,5287,4985,4648
0072,2008-02-15T00:00:00Z,4536,4664,4759,4856,5024,5472,5935,5657,5143,4625,3888,3232,2832,2528,2424,2400,2568,2928,3672,3904,3856,3848,3744,3456
0072,2008-02-16T00:00:00Z,3168,3056,3016,3040,3137,3295,3504,3809,4176,4168,3880,3512,3304,3272,3200,3192,3288,3583,4008,4064,4008,3832,3857,3552
0072,2008-02-17T00:00:00Z,3343,3168,3192,3305,3408,3559,3665,4104,4672,4904,4456,4080,4016,4048,3904,3600,3608,3728,4063,4464,4409,4080,3631,3137
0072,2008-02-18T00:00:00Z,2760,2431,2304,2208,2304,2736,3272,3064,2792,2656,2456,2296,2256,2168,2216,2328,2448,2872,3720,4240,4256,4232,3936,3544
0072,2008-02-19T00:00:00Z,3448,3504,3536,3600,4024,4704,5417,4984,4360,3816,3528,3401,3264,3247,3264,3329,3535,4112,4992,5424,5336,5071,4745,4351
0072,2008-02-20T00:00:00Z,4265,4176,4248,4423,4712,5368,6024,5753,4888,4008,3544,3161,2880,2584,2416,2609,2928,3432,4080,4336,4408,4289,3943,3560
0072,2008-02-21T00:00:00Z,3456,3520,3656,3952,4304,4976,5584,5288,4920,4608,4159,3816,3593,3592,3616,3936,4385,5056,5712,5808,5752,5408,4968,4384
0072,2008-02-22T00:00:00Z,4208,4120,4121,4135,4289,4816,5240,5248,5544,5248,5072,5032,4721,4519,4184,4288,4392,4560,5033,5143,5009,4728,4416,4096
0072,2008-02-23T00:00:00Z,3752,3583,3560,3448,3552,3800,3952,4280,4640,4399,3977,3592,3144,3000,2984,2904,2952,3160,3688,4088,4272,4256,4152,3943
0072,2008-02-24T00:00:00Z,3776,3792,3848,4039,4232,4568,4768,5264,5671,5393,4903,4560,4448,4328,4423,4416,4656,5033,5184,5344,5256,4936,4433,4024
0072,2008-02-25T00:00:00Z,3808,3752,3744,3776,3967,4464,5033,4864,4176,3504,3152,2839,2616,2432,2256,2368,2537,2920,3712,4265,4288,4088,3799,3344
0072,2008-02-26T00:00:00Z,3120,3000,2984,3007,3216,3761,4272,3967,3648,3497,3544,3472,3432,3144,3048,3056,3368,3624,4192,4496,4576,4288,4073,3775
0072,2008-02-27T00:00:00Z,3608,3672,3720,3808,4073,4720,5312,5208,4624,4336,4136,3928,3552,3488,3488,3720,4120,5000,5992,6488,6696,6511,6041,5584
0072,2008-02-28T00:00:00Z,5448,5416,5537,5647,5993,6679,7409,6912,5959,5232,4656,4208,3816,3576,3360,3384,3608,4207,5249,5880,6016,5880,5576,5143
0072,2008-02-29T00:00:00Z,5112,5168,5304,5392,5801,6456,7279,6728,5944,5129,4384,3672,3288,2880,2784,2888,3360,3856,4280,4552,4504,4320,4040,3584
0072,2008-03-01T00:00:00Z,3288,3160,3200,3175,3248,3504,3776,4183,4184,3944,3616,3400,3233,3048,2824,2832,2912,3031,3608,3872,3847,3848,3768,3608
0072,2008-03-02T00:00:00Z,3559,3600,3752,3888,4104,4424,4632,5167,5225,4567,3689,3160,2984,2704,2568,2616,2656,2832,3185,3751,3792,3680,3248,2880
0072,2008-03-03T00:00:00Z,2752,2792,2911,3144,3456,4200,4880,4648,3720,3089,2632,2296,2153,2095,2040,2096,2272,2640,3329,3768,3744,3352,2808,2368
0072,2008-03-04T00:00:00Z,2016,1904,1856,1824,1936,2432,3040,2752,2489,2344,2320,2184,2168,2072,2056,2184,2624,2968,3512,3720,3367,2969,2608,2288
0072,2008-03-05T00:00:00Z,2032,1992,2048,2176,2504,3120,3952,3848,3199,2825,2664,2527,2513,2272,2192,2304,2416,2808,3432,4016,4224,4104,3751,3425
0072,2008-03-06T00:00:00Z,3343,3449,3624,3751,4248,4904,5656,5225,4231,3488,3048,2640,2384,2184,2104,2144,2383,2657,3223,3761,3768,3744,3312,2976
0072,2008-03-07T00:00:00Z,2776,2792,2832,2872,3080,3679,4296,3944,3792,3744,3704,3736,3696,3584,3520,3592,3888,4217,4392,4519,4320,4080,3728,3392
0072,2008-03-08T00:00:00Z,3136,3000,2960,2959,2976,3185,3367,3608,3824,3744,3511,3416,3472,3497,3856,3888,3952,4385,5112,5760,5896,5608,5297,5104
0072,2008-03-09T00:00:00Z,4848,NA,4848,4976,5136,5311,5648,5872,6329,5920,5032,4352,4120,3689,3328,3192,3072,3072,3304,3905,4591,4680,4368,4121
0072,2008-03-10T00:00:00Z,3967,4032,4256,4464,4768,5489,6127,6032,5448,4648,3848,3248,2872,2544,2384,2335,2489,2712,3040,3600,4008,3920,3504,2976
0072,2008-03-11T00:00:00Z,2712,2616,2656,2824,3152,3864,4656,4776,4088,3616,3072,2696,2424,2280,2232,2256,2488,2696,3088,3584,4032,3799,3408,2993
0072,2008-03-12T00:00:00Z,2872,2824,2960,3136,3480,4160,4896,4664,4120,3504,3040,2640,2448,2288,2104,2160,2345,2512,2712,3152,3744,3552,3199,2825
0072,2008-03-13T00:00:00Z,2623,2720,2872,3080,3456,4216,5072,4856,4351,3665,3079,2585,2359,2192,2056,2081,2280,2512,2720,3103,3576,3449,2959,2424
0072,2008-03-14T00:00:00Z,2088,1985,1960,2048,2383,2864,3632,3528,3184,3000,2760,2384,2167,2033,2016,2056,2352,2480,2647,2768,3184,3089,2743,2432
0072,2008-03-15T00:00:00Z,2168,2071,2057,2095,2225,2400,2695,3120,3464,3528,3144,2984,2815,2744,2616,2792,3064,3216,3256,3456,3648,3456,3192,2912
0072,2008-03-16T00:00:00Z,2656,2513,2448,2424,2527,2696,2960,3343,3984,4016,3424,3072,2993,2911,2672,2624,2712,2800,2952,3232,3872,3912,3512,3136
0072,2008-03-17T00:00:00Z,2928,2952,3104,3304,3720,4496,5424,5200,4632,3936,3432,3064,2777,2520,2287,2232,2513,2767,3024,3584,4304,4255,3888,3449
0072,2008-03-18T00:00:00Z,3264,3271,3401,3559,3864,4505,5071,4800,4248,3881,3352,3056,2824,2656,2664,2816,3144,3616,3752,4088,4399,4049,3640,3112
0072,2008-03-19T00:00:00Z,2720,2640,2528,2496,2527,2928,3464,3200,2728,2568,2456,2248,2136,2112,2056,2232,2561,2904,3072,3319,3569,3208,2840,2311
0072,2008-03-20T00:00:00Z,1952,1816,1856,1960,2264,2864,3799,3720,3425,3240,3007,2744,2544,2440,2273,2280,2383,2528,2704,3137,3696,3864,3736,3432
0072,2008-03-21T00:00:00Z,3208,3192,3216,3368,3616,4097,4656,4776,4831,4152,3617,3151,2849,2551,2441,2383,2441,2479,2592,2744,3240,3176,3055,2864
0072,2008-03-22T00:00:00Z,2624,2527,2600,2680,2753,2920,3264,3512,3888,3744,3247,2912,2704,2528,2472,2488,2513,2688,2632,2800,3272,3280,3032,2728
0072,2008-03-23T00:00:00Z,2465,2392,2400,2528,2743,3104,3408,3720,4456,4392,3768,3185,3088,2816,2647,2688,2576,2664,2848,3272,3728,3712,3440,3223
0072,2008-03-24T00:00:00Z,3008,3000,3152,3360,3607,4032,4505,4488,4560,4351,3905,3712,3480,3256,3200,3072,3272,3655,3840,4272,4872,4865,4495,4160
0072,2008-03-25T00:00:00Z,4104,4208,4312,4496,4879,5376,5897,5920,5488,4673,3832,3328,3032,2704,2537,2431,2616,2784,3008,3520,4169,4024,3912,3400
0072,2008-03-26T00:00:00Z,3216,3128,3088,3152,3352,3929,4192,4072,3953,3424,3016,2729,2472,2311,2201,2191,2376,2544,2585,2824,3440,3208,2792,2431
0072,2008-03-27T00:00:00Z,2112,2024,2000,2095,2321,2784,3232,3200,3048,2928,2704,2504,2320,2232,2168,2224,2352,2456,2527,2792,3312,3208,2856,2328
0072,2008-03-28T00:00:00Z,1944,1817,1720,1720,1832,2200,2600,2576,2527,2432,2336,2239,2304,2216,2216,2160,2263,2400,2465,2544,3007,2945,2695,2297
0072,2008-03-29T00:00:00Z,2008,1808,1728,1680,1744,1920,2128,2408,2872,3449,3664,3856,3912,3920,3696,3824,3760,3824,3943,4184,4376,4176,3960,3600
0072,2008-03-30T00:00:00Z,3328,3096,3032,3007,3089,3232,3480,3832,4536,4800,4464,4416,4424,4312,4337,4320,4368,4512,4608,4807,5136,4848,4280,3792
0072,2008-03-31T00:00:00Z,3480,3360,3352,3368,3584,4152,4687,4320,4025,3991,3864,3776,3696,3576,3328,3296,3552,3816,3928,4320,4649,4224,3600,3064
0072,2008-04-01T00:00:00Z,2736,2608,2624,2608,2760,3305,3792,3448,3232,3000,2880,2736,2513,2383,2232,2216,2360,2440,2600,2896,3520,3353,2959,2376
0072,2008-04-02T00:00:00Z,1968,1808,1816,1824,2016,2537,3264,3103,2808,2616,2441,2239,2177,2040,1944,2008,2232,2400,2600,2887,3576,3497,3199,2585
0072,2008-04-03T00:00:00Z,2256,2248,2248,2328,2472,3152,3736,3569,3319,3176,3328,3152,3056,3007,3048,3353,3727,4241,4504,4816,5009,4728,4135,3569
0072,2008-04-04T00:00:00Z,3319,3185,3120,3136,3280,3824,4472,4056,3847,3744,3416,3360,3088,2984,2784,2784,2920,3240,3449,3528,3808,3488,3151,2888
0072,2008-04-05T00:00:00Z,2552,2479,2369,2311,2376,2520,2616,2768,3120,3512,3424,3312,3032,2944,2840,2856,2935,3032,3064,3128,3368,3184,2944,2585
0072,2008-04-06T00:00:00Z,2304,2191,2177,2167,2288,2416,2672,3056,3736,3960,3680,3439,3497,3607,3488,3408,3528,3680,3744,3928,4272,4064,3648,3096
0072,2008-04-07T00:00:00Z,2736,2671,2657,2728,2888,3384,4063,3696,3456,3377,3232,2936,2704,2544,2480,2616,2863,3272,3536,3736,4144,4016,3480,2968
0072,2008-04-08T00:00:00Z,2712,2544,2537,2551,2784,3233,3912,3648,3319,3104,2968,2729,2455,2273,2056,2152,2369,2584,2696,3120,3744,3648,3264,2767
0072,2008-04-09T00:00:00Z,2448,2297,2296,2320,2489,3096,3664,3400,2928,2729,2376,2152,2032,1952,1920,1984,2232,2465,2544,2743,3497,3480,2887,2352
0072,2008-04-10T00:00:00Z,1961,1824,1800,1848,2056,2736,3328,3120,2681,2335,2216,2088,2064,2008,2033,2224,2416,2672,2744,2863,3504,3497,2959,2360
0072,2008-04-11T00:00:00Z,1992,1776,1672,1616,1728,2144,2736,2608,2272,2136,2081,2064,2119,2168,2224,2369,2568,2791,2808,2808,3296,3336,2968,2648
0072,2008-04-12T00:00:00Z,2256,2024,1864,1832,1824,1896,1960,1776,2440,2792,2888,2887,2840,2776,2816,2800,2928,2888,2792,2784,3232,3176,2863,2496
0072,2008-04-13T00:00:00Z,2048,1896,1768,1776,1800,1944,2144,2704,3233,3376,3072,2736,2792,2767,2681,2599,2576,2720,2952,3192,3904,3976,3528,3185
0072,2008-04-14T00:00:00Z,3040,3024,3104,3304,3656,4423,5240,4824,4056,3368,3240,3199,3120,3065,2880,2904,3192,3376,3696,3896,4464,4392,3808,3320
0072,2008-04-15T00:00:00Z,3055,3032,3120,3272,3600,4279,4824,4544,3872,3328,2928,2624,2392,2400,2176,2201,2383,2576,2744,3103,3665,3808,3440,3112
0072,2008-04-16T00:00:00Z,3024,3176,3312,3568,3952,4848,5456,5128,4160,3304,2792,2488,2280,2192,2072,2136,2328,2512,2664,2752,3408,3408,3017,2479
0072,2008-04-17T00:00:00Z,2240,2264,2376,2599,2969,3751,4496,4248,3304,2777,2400,2200,2168,2119,2120,2280,2536,2840,2912,2904,3511,3488,2920,2417
0072,2008-04-18T00:00:00Z,1968,1783,1697,1759,1889,2527,3192,3056,2640,2320,2201,2184,2263,2321,2472,2647,2976,3104,3088,2936,3336,3344,3024,2479
0072,2008-04-19T00:00:00Z,2048,1848,1744,1697,1696,1872,1960,2304,2640,2753,2616,2616,2536,2560,2568,2504,2640,2728,2657,2688,3031,2945,2647,2304
0072,2008-04-20T00:00:00Z,2009,1848,1768,1712,1768,1888,1992,2328,2984,3184,2936,2672,2640,2688,2680,2552,2632,2728,2648,2792,3480,3408,2832,2383
0072,2008-04-21T00:00:00Z,2009,1879,1841,1864,1984,2472,2952,2712,2552,2440,2312,2248,2240,2176,2160,2288,2560,2984,3232,3449,3679,3512,2992,2384
0072,2008-04-22T00:00:00Z,2096,2032,1936,1961,2064,2479,2969,2776,2560,2352,2273,2215,2192,2152,2024,2176,2408,2648,2832,2968,3504,3312,2840,2352
0072,2008-04-23T00:00:00Z,1999,1848,1784,1736,1831,2384,2800,2544,2376,2232,2136,2057,2040,2008,2072,2191,2480,2736,2864,2920,3440,3456,2968,2288
0072,2008-04-24T00:00:00Z,1927,1721,1704,1704,1831,2352,2945,2664,2296,2096,2023,2033,2136,2215,2465,2680,2992,3185,3232,3288,3720,3704,3048,2424
0072,2008-04-25T00:00:00Z,1975,1800,1673,1632,1728,2143,2600,2504,2263,2136,2177,2256,2431,2520,2664,2873,3151,3176,3152,3040,3352,3480,3041,2640
0072,2008-04-26T00:00:00Z,2200,1952,1807,1752,1752,1841,1840,2104,2472,2672,2856,3104,3304,3536,3823,3776,3520,3512,3352,3120,3449,3408,3055,2592
0072,2008-04-27T00:00:00Z,2192,1944,1784,1752,1752,1759,1721,2080,2592,2960,2808,2752,2760,2968,2888,2896,2912,3048,3056,3175,3497,3360,2863,2328
0072,2008-04-28T00:00:00Z,1976,1776,1672,1673,1735,2088,2576,2360,2152,2112,2184,2240,2320,2184,2104,2192,2448,2784,2832,3032,3319,3336,2816,2304
0072,2008-04-29T00:00:00Z,1952,1848,1792,1840,2048,2600,3280,3168,2728,2568,2400,2297,2272,2200,2129,2184,2359,2576,2768,3048,3712,3720,3368,3016
0072,2008-04-30T00:00:00Z,2824,2792,2848,2969,3247,4008,4865,4320,3559,2945,2575,2336,2160,2040,1984,2064,2280,2465,2671,2792,3384,3440,2968,2464
0072,2008-05-01T00:00:00Z,2184,2072,2112,2168,2400,3055,3728,3464,2776,2504,2208,2047,2000,2056,2081,2287,2561,2680,2768,2920,3424,3440,2912,2368
0072,2008-05-02T00:00:00Z,1928,1759,1664,1608,1664,2112,2616,2383,2201,2080,2120,2239,2312,2408,2584,2824,3048,3248,3200,3031,3281,3463,3089,2592
0072,2008-05-03T00:00:00Z,2215,1944,1808,1704,1704,1808,1864,2216,2488,2672,2824,2840,2976,3072,3136,3200,3232,3288,3160,3192,3336,3545,3112,2608
0072,2008-05-04T00:00:00Z,2225,1960,1816,1664,1656,1736,1687,1992,2664,2912,2896,2904,3080,3168,3248,3472,3560,3720,3616,3512,3727,3737,3072,2376
0072,2008-05-05T00:00:00Z,1960,1736,1656,1663,1736,2168,2664,2400,2095,2129,2095,2129,2128,2216,2263,2496,2873,3127,3240,3168,3584,3592,2880,2280
0072,2008-05-06T00:00:00Z,1913,1752,1672,1648,1793,2191,2696,2504,2112,2071,2088,2120,2192,2328,2464,2712,3048,3256,3281,3256,3512,3520,3008,2328
0072,2008-05-07T00:00:00Z,1903,1736,1664,1624,1760,2239,2712,2496,2105,1992,2095,2160,2304,2432,2592,2816,3256,3536,3592,3496,3785,3768,3223,2520
0072,2008-05-08T00:00:00Z,2081,1855,1745,1704,1776,2176,2608,2321,2119,2129,2136,2136,2224,2424,2560,2849,3079,3336,3416,3544,3840,3744,2873,2311
0072,2008-05-09T00:00:00Z,2072,1888,1800,1745,1768,2080,2496,2360,2336,2503,2600,2680,2801,2887,3008,3200,3432,3415,3504,3288,3320,3464,3120,2544
0072,2008-05-10T00:00:00Z,2232,1936,1816,1728,1721,1776,1704,2088,2536,2848,2880,2984,3088,3233,3384,3511,3632,3632,3328,3080,3168,3304,2968,2537
0072,2008-05-11T00:00:00Z,2136,1848,1720,1648,1640,1704,1808,2184,2832,3168,2944,2720,2848,2832,2648,2599,2537,2599,2672,2816,3184,3264,2912,2392
0072,2008-05-12T00:00:00Z,2040,1920,1864,1824,1985,2448,2896,2600,2464,2368,2312,2352,2312,2263,2153,2215,2472,2808,2993,3024,3439,3425,3040,2448
0072,2008-05-13T00:00:00Z,2104,2009,1912,1944,2072,2632,3192,2840,2488,2264,2104,2008,2009,2032,2096,2215,2513,2784,2952,3055,3305,3384,2856,2296
0072,2008-05-14T00:00:00Z,1976,1807,1752,1776,1968,2480,2960,2767,2376,2184,2081,1975,1992,1952,2016,2080,2393,2647,2832,2960,3192,3288,2880,2224
0072,2008-05-15T00:00:00Z,1896,1760,1648,1616,1736,2143,2513,2383,2153,2047,2105,2167,2216,2208,2112,2296,2537,2800,2944,3104,3280,3312,2856,2352
0072,2008-05-16T00:00:00Z,1992,1784,1664,1632,1696,2104,2489,2359,2144,2112,2192,2328,2488,2560,2688,2816,2952,3024,3008,2767,2880,3024,2720,2352
0072,2008-05-17T00:00:00Z,2016,1840,1728,1704,1728,1928,1992,2336,2616,2647,2712,2600,2584,2624,2736,2968,3176,3232,3104,2904,2960,3175,2921,2472
0072,2008-05-18T00:00:00Z,2071,1817,1704,1639,1656,1736,1720,2105,2664,2800,2768,2599,2633,2815,2672,2664,2640,2768,2784,2952,3208,3216,2728,2273
0072,2008-05-19T00:00:00Z,1912,1776,1728,1720,1793,2335,2816,2648,2263,2177,2167,2177,2184,2184,2143,2328,2672,3024,3096,3184,3432,3456,2808,2249
0072,2008-05-20T00:00:00Z,1912,1704,1624,1640,1736,2143,2633,2376,2128,2080,2096,2104,2136,2225,2296,2512,2912,3152,3304,3328,3504,3608,2992,2321
0072,2008-05-21T00:00:00Z,1927,1728,1688,1648,1760,2192,2647,2352,2144,2128,2112,2064,2225,2239,2264,2496,2824,3032,3176,3136,3272,3367,2832,2280
0072,2008-05-22T00:00:00Z,1889,1759,1745,1759,1832,2368,2840,2624,2232,2152,2088,2080,2216,2240,2320,2512,2849,3184,3280,3161,3312,3583,3017,2407
0072,2008-05-23T00:00:00Z,1944,1745,1704,1663,1688,2096,2568,2400,2184,2200,2128,2216,2144,2184,2280,2560,2848,3137,3184,2984,3175,3344,2960,2527
0072,2008-05-24T00:00:00Z,2112,1865,1759,1688,1680,1760,1720,1976,2376,2712,2824,2832,2952,2976,3104,3223,3521,3576,3336,3127,3065,3256,2976,2472
0072,2008-05-25T00:00:00Z,2024,1816,1704,1640,1648,1696,1680,2048,2592,2920,2712,2712,2849,2959,3144,3353,3504,3607,3536,3232,3240,3432,3080,2432
0072,2008-05-26T00:00:00Z,2040,1807,1704,1649,1656,1720,1752,1960,2264,2712,2904,3064,3288,3521,3760,3992,4303,4304,4208,4080,4096,4328,3640,2816
0072,2008-05-27T00:00:00Z,2311,2033,1879,1793,1840,2168,2448,2359,2264,2360,2704,3112,3425,3736,3992,4216,4408,4344,4280,4096,4200,4217,3607,2945
0072,2008-05-28T00:00:00Z,2488,2224,2096,2000,2047,2393,2695,2537,2296,2272,2225,2232,2215,2120,2088,2192,2424,2712,2824,2824,3017,3175,2832,2256
0072,2008-05-29T00:00:00Z,1944,1760,1688,1672,1776,2168,2536,2376,2088,2072,2095,2225,2263,2369,2503,2784,3233,3576,3624,3511,3576,3872,3288,2576
0072,2008-05-30T00:00:00Z,2136,1888,1760,1704,1735,2105,2440,2304,2208,2328,2488,2816,3144,3456,3632,3991,4241,4495,4385,4039,3968,4192,3768,3161
0072,2008-05-31T00:00:00Z,2640,2311,2144,2032,2024,2080,2057,2304,2791,3120,3425,3871,4241,4656,4816,5112,5224,5225,4975,4640,4448,4447,4025,3463
0072,2008-06-01T00:00:00Z,2801,2479,2249,2071,1920,1920,1937,2376,3040,3384,3736,3984,4328,4616,4800,4752,4519,4457,4408,4232,4224,4320,3616,2864
0072,2008-06-02T00:00:00Z,2328,2088,1927,1856,1896,2136,2448,2384,2224,2424,2744,3096,3384,3583,3752,3944,4432,4648,4769,4584,4416,4480,3656,2935
0072,2008-06-03T00:00:00Z,2336,2080,1937,1864,1896,2200,2561,2512,2280,2336,2608,2936,3328,3640,3672,3528,3480,3696,3816,3761,3832,4024,3440,2768
0072,2008-06-04T00:00:00Z,2344,2096,1999,1944,1968,2321,2743,2592,2592,2897,3232,3712,4073,4456,4816,5216,5616,5752,5705,5488,5336,5536,4752,3856
0072,2008-06-05T00:00:00Z,3137,2752,2464,2304,2304,2561,2800,2832,2808,3016,3576,4184,4616,4936,5280,5600,5968,6184,6272,6024,5872,5873,5064,4135
0072,2008-06-06T00:00:00Z,3408,3041,2719,2544,2465,2680,2968,3017,3160,3616,4280,4800,5296,5657,5928,6208,6544,6576,6545,6168,5824,5776,5153,4384
0072,2008-06-07T00:00:00Z,3744,3232,2912,2728,2576,2528,2536,2960,3576,4248,4888,5560,6096,6569,6679,6672,6752,6792,6448,6080,5808,5776,5208,4433
0072,2008-06-08T00:00:00Z,3799,3320,3008,2760,2671,2552,2480,2952,3799,4632,5208,5592,6185,6640,6768,6848,6991,7049,6888,6648,6408,6391,5400,4409
0072,2008-06-09T00:00:00Z,3616,3216,2888,2680,2584,2744,3064,3041,3168,3736,4424,5088,5599,6000,6281,6552,6960,7048,7008,6704,6487,6456,5568,4481
0072,2008-06-10T00:00:00Z,3655,3224,2888,2671,2609,2760,3096,3088,3104,3480,4144,4816,5297,5800,6200,6391,6665,6816,6696,6280,5976,5952,5096,4144
0072,2008-06-11T00:00:00Z,3520,3113,2808,2608,2536,2753,2824,2952,3120,3576,4016,4528,4960,5192,5496,5696,5920,6176,6096,5688,5320,5384,4696,3848
0072,2008-06-12T00:00:00Z,3184,2768,2584,2456,2424,2640,2767,2784,2840,3152,3552,4056,4384,4696,4848,5096,5336,5272,5144,4888,4784,4872,4312,3592
0072,2008-06-13T00:00:00Z,2921,2592,2407,2256,2280,2456,2560,2720,2912,3384,3856,4360,4817,5200,5416,5592,5832,5904,5688,5264,4904,4984,4512,3776
0072,2008-06-14T00:00:00Z,3103,2712,2472,2288,2232,2248,2328,2664,3233,3808,4312,4904,5480,5848,6032,6048,5928,4855,4328,3960,3864,4112,3792,3288
0072,2008-06-15T00:00:00Z,2784,2472,2311,2208,2112,2153,2088,2527,3176,3832,4184,4400,4639,5009,5191,5240,5536,5600,5512,5216,4968,5056,4289,3511
0072,2008-06-16T00:00:00Z,2897,2479,2232,2129,2112,2272,2368,2352,2568,2945,3415,3992,4472,4944,5248,5504,5872,6080,6040,5520,5144,5136,4495,3656
0072,2008-06-17T00:00:00Z,3000,2664,2424,2216,2191,2352,2408,2480,2671,3065,3504,3871,4176,4376,4584,4768,5081,5208,5128,4712,4192,4336,3704,2888
0072,2008-06-18T00:00:00Z,2320,2056,1913,1792,1800,2056,2144,2088,2128,2240,2496,2760,3040,3264,3608,3960,4320,4624,4656,4256,3776,3943,3384,2672
0072,2008-06-19T00:00:00Z,2200,1968,1824,1760,1800,2000,2064,2080,2104,2264,2456,2752,3096,3352,3617,3967,4361,4735,4752,4464,4088,4208,3648,2904
0072,2008-06-20T00:00:00Z,2383,2096,1920,1800,1824,2008,2112,2232,2225,2488,2760,3032,3328,3632,3871,4136,4368,4520,4488,4207,3953,4168,3784,3209
0072,2008-06-21T00:00:00Z,2695,2304,2129,1975,1976,1992,1912,2184,2537,2911,3176,3408,3848,4320,4744,5048,5167,5288,5024,4600,4312,4440,3929,3295
0072,2008-06-22T00:00:00Z,2768,2360,2184,2071,2000,1992,1864,2232,2873,3160,3408,3664,4145,4543,4880,5048,4728,4768,4744,4424,4240,4376,3808,3137
0072,2008-06-23T00:00:00Z,2656,2336,2160,2047,2040,2249,2304,2304,2400,2640,3072,3520,4048,4457,4768,4888,4728,4928,5088,4944,4536,4648,3936,3144
0072,2008-06-24T00:00:00Z,2609,2280,2119,1992,1968,2153,2200,2280,2384,2712,3144,3544,3880,4280,4632,4912,5273,5568,5440,5200,4656,4697,3888,3112
0072,2008-06-25T00:00:00Z,2536,2225,2047,1961,1960,2144,2248,2312,2368,2680,3024,3632,4160,4704,5184,5551,5912,6168,6200,5784,5304,5136,4368,3520
0072,2008-06-26T00:00:00Z,2928,2536,2288,2144,2160,2328,2335,2384,2608,2960,3608,4248,4831,5352,5624,5928,5848,5552,4992,4584,4408,4440,3992,3352
0072,2008-06-27T00:00:00Z,2864,2544,2320,2201,2191,2336,2464,2633,2800,3216,3784,4440,4928,5280,5400,5360,5368,5432,5224,4976,4576,4608,4152,3536
0072,2008-06-28T00:00:00Z,2983,2592,2369,2256,2184,2224,2168,2527,3065,3703,4352,5000,5584,6056,6112,5984,6168,5976,5440,5080,4745,4864,4384,3800
0072,2008-06-29T00:00:00Z,3184,2808,2561,2392,2272,2249,2136,2584,3136,3824,4304,4512,4848,5256,5191,5496,5496,5009,4240,4104,3856,3992,3616,2993
0072,2008-06-30T00:00:00Z,2575,2345,2215,2136,2184,2369,2424,2536,2720,3079,3464,3880,4112,4320,4472,4776,5136,5304,5104,4376,4063,4088,3584,2863
0072,2008-07-01T00:00:00Z,2321,2160,1999,1872,1880,2104,2144,2232,2280,2480,2719,3008,3112,3216,3128,3288,3496,3752,3896,3744,3535,3809,3304,2696
0072,2008-07-02T00:00:00Z,2200,1912,1817,1720,1760,2008,2032,2160,2177,2328,2560,2880,3232,3584,3952,4313,4735,5009,4960,4568,4128,4200,3712,2944
0072,2008-07-03T00:00:00Z,2393,2104,1904,1824,1824,2023,2081,2215,2376,2585,2992,3416,3895,4208,4496,4783,5081,5328,5248,4824,4376,4231,3872,3280
0072,2008-07-04T00:00:00Z,2705,2335,2129,1992,1927,1928,1872,2168,2656,3152,3751,4448,4984,5393,5640,5407,4872,4697,4440,4128,3696,3552,3439,3120
0072,2008-07-05T00:00:00Z,2784,2448,2201,2128,2120,2152,2032,2225,2575,2976,3440,3760,3785,3679,3888,4232,4368,4336,4376,4288,4136,4272,3944,3424
0072,2008-07-06T00:00:00Z,2904,2576,2376,2224,2152,2136,2064,2345,2911,3344,3528,3768,4216,4656,4944,4968,4937,4927,4697,4447,4320,4368,3920,3280
0072,2008-07-07T00:00:00Z,2784,2496,2312,2224,2216,2400,2464,2504,2624,2952,3400,3976,4424,4744,4920,5048,5360,5584,5528,5152,4968,5144,4512,3583
0072,2008-07-08T00:00:00Z,3000,2657,2472,2352,2368,2592,2680,2801,2968,3368,3784,3592,3689,3600,3648,4159,4896,5345,5320,4752,4344,4368,3840,3160
0072,2008-07-09T00:00:00Z,2681,2416,2232,2128,2184,2432,2584,2585,2632,2896,3384,3953,4504,4960,5352,5561,5032,4648,4409,4120,3936,4224,3720,3176
0072,2008-07-10T00:00:00Z,2743,2456,2296,2192,2216,2424,2464,2520,2704,2825,3120,3432,3616,3728,3943,4169,4312,4616,4728,4560,4392,4600,4136,3424
0072,2008-07-11T00:00:00Z,2792,2520,2359,2249,2232,2424,2479,2561,2656,3104,3672,4264,4680,5016,5296,5496,5753,5944,5824,5489,4975,5033,4408,3816
0072,2008-07-12T00:00:00Z,3216,2816,2527,2336,2224,2264,2136,2416,2969,3631,4352,4984,5480,5872,6065,6247,6401,6424,6304,6000,5520,5472,4928,4264
0072,2008-07-13T00:00:00Z,3569,3136,2784,2592,2424,2368,2232,2609,3400,4192,4544,4992,5560,6008,6144,6240,6208,5808,5129,4728,4552,4592,4135,3488
0072,2008-07-14T00:00:00Z,2928,2656,2448,2384,2392,2616,2760,2640,2808,3128,3584,4080,4368,4687,5000,5240,5536,5712,5664,5400,5032,5088,4304,3480
0072,2008-07-15T00:00:00Z,2864,2455,2280,2153,2136,2287,2345,2424,2599,2825,3271,3848,4280,4552,4760,5016,5407,5640,5609,5215,4896,4920,4224,3353
0072,2008-07-16T00:00:00Z,2736,2368,2160,2080,2072,2288,2376,2376,2520,2887,3360,3857,4248,4567,4841,5143,5456,5728,5657,5160,4776,4752,4048,3272
0072,2008-07-17T00:00:00Z,2632,2320,2136,2000,2024,2215,2304,2360,2496,2840,3256,3792,4288,4656,5120,5456,5743,5976,5873,5431,5040,4985,4303,3392
0072,2008-07-18T00:00:00Z,2728,2417,2200,2064,2056,2249,2328,2352,2464,2872,3353,3960,4432,4904,5296,5656,5969,6232,6144,5608,5120,5120,4608,3904
0072,2008-07-19T00:00:00Z,3328,2928,2609,2407,2369,2424,2344,2592,3032,3535,4169,4783,5057,5200,5328,5552,5671,5696,5336,5095,4937,4992,4519,4040
0072,2008-07-20T00:00:00Z,3408,3048,2808,2616,2520,2504,2455,2744,3408,4072,4568,5128,5729,6192,6360,6544,6688,6728,6520,6248,5944,5880,5088,4280
0072,2008-07-21T00:00:00Z,3600,3200,2935,2729,2664,2736,2784,2760,3031,3560,4344,5056,5688,6032,6352,6608,7000,7001,7024,7000,6504,6312,5417,4488
0072,2008-07-22T00:00:00Z,3744,3304,3048,2824,2768,2880,2864,2983,3200,3720,4344,4960,5489,5839,6104,6368,6688,6944,6775,6041,5671,5496,4656,3912
0072,2008-07-23T00:00:00Z,3425,3055,2777,2623,2576,2752,2832,2768,2968,3216,3608,3944,4120,4440,4960,5376,5753,6024,5272,4600,4385,4528,3888,3208
0072,2008-07-24T00:00:00Z,2624,2320,2153,2040,2040,2263,2352,2321,2400,2712,3040,3480,3816,4160,4423,4760,5136,5424,5344,4913,4552,4664,3952,3208
0072,2008-07-25T00:00:00Z,2609,2280,2104,2008,2024,2264,2335,2312,2320,2609,2808,3247,3576,3761,4200,4488,4656,4744,4664,4480,4336,4392,3984,3401
0072,2008-07-26T00:00:00Z,2911,2544,2345,2224,2176,2208,2136,2472,2856,3296,3880,4464,4760,5168,5352,5647,5681,5808,5527,5120,4952,4944,4416,3856
0072,2008-07-27T00:00:00Z,3296,2959,2712,2513,2416,2392,2264,2552,3168,3832,4496,5023,5600,5928,6088,6288,6449,6496,6328,5960,5784,5552,4768,3920
0072,2008-07-28T00:00:00Z,3280,2824,2528,2336,2296,2448,2424,2368,2552,2952,3544,4112,4600,4976,5448,5728,6137,6304,6160,6048,5873,5608,4776,4048
0072,2008-07-29T00:00:00Z,3384,3017,2800,2616,2584,2760,2784,2753,3016,3464,4063,4632,5160,5592,5864,6152,6391,6648,6704,6336,5960,5896,5248,4280
0072,2008-07-30T00:00:00Z,3640,3224,2944,2753,2688,2863,2928,2904,3072,3536,3976,4320,4937,5568,5944,6312,6752,6943,6872,6176,5632,5472,4784,4063
0072,2008-07-31T00:00:00Z,3456,3072,2840,2672,2616,2839,2864,2800,3065,3559,4376,4984,5393,4831,4128,4025,4351,4944,5240,4992,4936,4832,4200,3504
0072,2008-08-01T00:00:00Z,3016,2681,2431,2321,2304,2536,2576,2599,2840,3328,3857,4392,4840,5320,5561,5760,6144,6288,6256,5992,5489,5359,4769,4072
0072,2008-08-02T00:00:00Z,3456,3032,2791,2561,2440,2440,2432,2656,3192,3704,4208,4879,5225,4296,4368,4272,4720,4824,4552,4440,4361,4440,4024,3424
0072,2008-08-03T00:00:00Z,2945,2616,2431,2297,2191,2168,2072,2424,3112,3832,4232,4560,4920,5184,5504,5880,6136,6144,5912,5455,5129,5064,4327,3456
0072,2008-08-04T00:00:00Z,2825,2455,2288,2200,2168,2408,2440,2432,2455,2840,3280,3912,4488,4928,5464,5657,5928,6247,6185,6031,5904,5520,4704,3905
0072,2008-08-05T00:00:00Z,3223,2873,2623,2432,2400,2600,2671,2585,2736,3031,3648,4248,4793,5280,5496,5784,6040,5704,5384,5392,5345,5208,4504,3736
0072,2008-08-06T00:00:00Z,3128,2784,2560,2432,2408,2640,2695,2681,2928,3223,3864,4392,4824,5129,5320,5584,5904,6113,5848,5696,5704,5344,4632,3824
0072,2008-08-07T00:00:00Z,3248,2887,2688,2520,2496,2760,2897,2815,2816,2912,3312,3928,4504,5033,5248,5144,5224,5120,5311,5033,4816,4848,4224,3456
0072,2008-08-08T00:00:00Z,2904,2568,2328,2184,2176,2369,2440,2384,2512,2888,3400,3904,4272,4472,4688,4912,5216,5184,4968,4543,4248,4184,3696,3072
0072,2008-08-09T00:00:00Z,2568,2224,2024,1904,1888,1960,1961,2104,2432,2815,3041,3432,3888,4231,4409,4711,5064,5216,4896,4408,4361,4207,3833,3304
0072,2008-08-10T00:00:00Z,2832,2464,2273,2136,2080,2096,2056,2240,2839,3353,3511,3744,4400,4912,5240,5488,5672,5688,5416,5016,4752,4601,3928,3232
0072,2008-08-11T00:00:00Z,2657,2335,2144,2000,2040,2191,2264,2208,2352,2656,3032,3384,3624,3872,4207,4481,4776,4912,4768,4416,4200,4241,3456,2760
0072,2008-08-12T00:00:00Z,2256,2023,1832,1776,1840,2064,2129,2080,2184,2296,2465,2800,3176,3511,3864,4248,4649,4927,4736,4472,4608,4360,3736,3048
0072,2008-08-13T00:00:00Z,2585,2280,2095,2024,2064,2328,2520,2344,2369,2407,2561,2736,2743,2744,2704,2720,2920,3200,3408,3384,3520,3600,3128,2560
0072,2008-08-14T00:00:00Z,2168,1960,1841,1792,1872,2112,2232,2184,2240,2392,2624,3079,3552,3920,4120,3713,3384,3552,3664,3584,3799,3833,3319,2801
0072,2008-08-15T00:00:00Z,2328,2088,1927,1848,1872,2105,2191,2216,2272,2592,2912,3376,3792,4265,4471,3984,3864,3936,3785,3736,3776,3768,3448,2992
0072,2008-08-16T00:00:00Z,2568,2288,2136,1952,1927,1968,2009,2128,2632,3128,3488,3847,4176,4464,4769,5023,5112,5192,4840,4344,4272,4176,3632,3120
0072,2008-08-17T00:00:00Z,2648,2287,2081,1960,1936,1952,1936,2105,2632,3032,3000,2944,3184,3377,3736,4208,4552,4688,4480,4336,4385,4255,3560,2944
0072,2008-08-18T00:00:00Z,2489,2208,2032,1944,1952,2184,2440,2304,2240,2496,2952,3384,3823,4241,4639,4961,5328,5568,5416,5104,5088,4760,3968,3232
0072,2008-08-19T00:00:00Z,2680,2417,2200,2080,2120,2360,2527,2369,2455,2744,3264,3864,4360,4784,5056,5273,5704,5912,5856,5407,5249,4927,4064,3240
0072,2008-08-20T00:00:00Z,2720,2400,2184,2040,2080,2328,2472,2400,2400,2680,3056,3472,3888,4280,4584,5080,5448,5633,5407,5000,5024,4896,4144,3512
0072,2008-08-21T00:00:00Z,3048,2767,2544,2376,2424,2681,2832,2728,2664,2792,3088,3336,3568,3968,4280,4591,4889,5071,4889,4576,4712,4600,3904,3257
0072,2008-08-22T00:00:00Z,2688,2383,2192,2016,2024,2256,2424,2335,2321,2455,2729,3007,3281,3568,3976,4376,4840,5033,4680,4312,4248,4088,3592,3024
0072,2008-08-23T00:00:00Z,2616,2288,2152,2016,1968,2056,2081,2215,2561,2887,3041,3463,3881,4264,4592,4888,5160,5160,4928,4536,4543,4344,3888,3209
0072,2008-08-24T00:00:00Z,2695,2345,2176,2016,1944,1968,1952,2152,2792,3352,3640,3920,4424,4840,5160,5296,5448,5456,5304,5088,5200,4817,4063,3257
0072,2008-08-25T00:00:00Z,2728,2408,2232,2128,2168,2512,3000,2552,2488,2680,3065,3568,3992,4495,4776,4952,5032,5024,4896,4768,5105,4711,3977,3240
0072,2008-08-26T00:00:00Z,2760,2488,2304,2240,2239,2544,3120,2744,2568,2664,2672,2704,2688,2616,2488,2561,2824,3168,3456,3624,3760,3545,3079,2480
0072,2008-08-27T00:00:00Z,2240,1975,1928,1896,1976,2344,2952,2656,2328,2393,2392,2456,2431,2448,2465,2527,2816,3000,3192,3304,3528,3320,2808,2344
0072,2008-08-28T00:00:00Z,2088,1872,1793,1759,1824,2201,2791,2408,2224,2240,2248,2256,2297,2320,2408,2608,2952,3224,3487,3545,3991,3872,3296,2728
0072,2008-08-29T00:00:00Z,2328,2080,1976,1912,1952,2248,2801,2536,2392,2537,2904,3240,3624,3928,4208,4488,4800,5119,4985,4567,4601,4255,3800,3272
0072,2008-08-30T00:00:00Z,2760,2440,2248,2112,2081,2088,2095,2273,2704,3184,3656,4272,4816,5208,5576,5832,5968,5825,5527,5120,5088,4776,4120,3552
0072,2008-08-31T00:00:00Z,3024,2681,2440,2280,2184,2168,2184,2400,3096,3720,4144,4360,4673,5119,5376,5592,5640,5544,5153,4800,4903,4553,4032,3472
0072,2008-09-01T00:00:00Z,3040,2681,2536,2440,2360,2368,2345,2344,2768,3312,3648,4087,4592,4848,5128,5417,5560,5552,5287,4944,5088,4640,3936,3152
0072,2008-09-02T00:00:00Z,2608,2272,2112,2040,2081,2407,2864,2456,2320,2472,2744,3168,3600,3919,4289,4648,5120,5248,5264,4831,5040,4584,3696,2936
0072,2008-09-03T00:00:00Z,2432,2176,2008,1920,1961,2320,2848,2441,2256,2416,2696,3127,3689,4072,4536,4912,5384,5656,5489,5088,5191,4817,3904,3104
0072,2008-09-04T00:00:00Z,2616,2304,2112,2023,2033,2352,2824,2424,2296,2504,2864,3271,3800,4168,4568,4984,5384,5568,5432,4975,5192,4728,3944,3216
0072,2008-09-05T00:00:00Z,2688,2368,2184,2040,2056,2321,2800,2504,2407,2472,2808,3137,3415,3641,3976,3960,3984,3976,3888,3800,4000,3816,3504,3024
0072,2008-09-06T00:00:00Z,2633,2472,2344,2272,2280,2273,2239,2273,2719,3168,3504,3864,4176,4505,4920,5392,5624,5688,5304,4951,4968,4673,4063,3456
0072,2008-09-07T00:00:00Z,2904,2520,2280,2177,2080,2104,2112,2273,2880,3328,3648,4032,4568,4992,5344,5520,5720,5752,5552,5184,5335,4841,4072,3280
0072,2008-09-08T00:00:00Z,2712,2448,2249,2112,2119,2472,2945,2551,2472,2753,3144,3736,4320,4672,4937,5256,5623,5729,5656,5448,5624,4984,4072,3353
0072,2008-09-09T00:00:00Z,2904,2664,2472,2359,2360,2624,3151,2849,2656,2680,2897,3288,3528,3672,3864,4080,4183,4416,4368,4457,4752,4423,3761,3055
0072,2008-09-10T00:00:00Z,2648,2368,2249,2184,2208,2520,3144,2776,2528,2527,2592,2664,2544,2456,2360,2479,2744,3072,3168,3384,3600,3392,2896,2416
0072,2008-09-11T00:00:00Z,2081,1951,1856,1792,1889,2263,2864,2440,2232,2168,2192,2248,2232,2296,2336,2440,2712,3000,3168,3488,3840,3576,3160,2664
0072,2008-09-12T00:00:00Z,2264,2056,1944,1904,1944,2328,2888,2647,2393,2383,2489,2640,2760,2920,3184,3689,4207,4440,4520,4288,4352,4024,3728,3240
0072,2008-09-13T00:00:00Z,2792,2479,2256,2168,2112,2192,2256,2383,2873,3568,4160,4720,5288,5695,5960,6160,6392,6264,5792,5368,5472,4992,4456,3896
0072,2008-09-14T00:00:00Z,3336,3000,2760,2584,2480,2464,2448,2609,3376,4128,4544,4840,5256,5448,5592,5912,5983,5921,5568,5448,5584,5112,4360,3680
0072,2008-09-15T00:00:00Z,3168,2848,2648,2560,2576,2872,3464,3112,2912,3024,3384,3744,3976,4280,4600,4728,4952,5112,4976,4864,4984,4320,3600,2864
0072,2008-09-16T00:00:00Z,2424,2168,2071,2016,2072,2376,2864,2584,2344,2369,2368,2392,2417,2376,2263,2393,2623,2904,3128,3416,3624,3280,2776,2312
0072,2008-09-17T00:00:00Z,2008,1904,1792,1752,1824,2240,2776,2369,2167,2168,2280,2400,2544,2744,2784,3024,3384,3648,3648,3648,3823,3600,3056,2456
0072,2008-09-18T00:00:00Z,2056,1912,1808,1760,1824,2184,2728,2416,2208,2201,2280,2496,2671,2936,3160,3353,3688,3736,3696,3744,4016,3672,3048,2472
0072,2008-09-19T00:00:00Z,2152,1920,1793,1752,1831,2192,2728,2376,2168,2136,2192,2232,2287,2360,2496,2632,2849,2928,2920,2920,3120,2912,2696,2368
0072,2008-09-20T00:00:00Z,2064,1840,1752,1697,1744,1856,1992,2064,2368,2584,2648,2688,2760,2816,2791,2984,3096,3136,3041,3192,3367,3072,2792,2424
0072,2008-09-21T00:00:00Z,2112,1848,1744,1688,1712,1792,1872,2120,2671,2864,2680,2568,2720,2904,2984,2983,3128,3168,3160,3408,3840,3480,2936,2336
0072,2008-09-22T00:00:00Z,2016,1824,1759,1752,1800,2201,2767,2441,2200,2200,2352,2528,2720,2808,3031,3281,3544,3736,3593,3688,3968,3511,2928,2352
0072,2008-09-23T00:00:00Z,2009,1792,1696,1673,1776,2136,2680,2400,2152,2160,2153,2208,2191,2249,2359,2576,2928,3120,3088,3368,3704,3319,2792,2216
0072,2008-09-24T00:00:00Z,1896,1752,1687,1673,1776,2167,2784,2441,2136,2191,2160,2112,2153,2152,2240,2400,2695,2936,2984,3256,3536,3223,2760,2225
0072,2008-09-25T00:00:00Z,1927,1784,1720,1712,1832,2176,2776,2441,2280,2152,2144,2143,2232,2216,2224,2232,2561,2848,3080,3504,3568,3168,2728,2225
0072,2008-09-26T00:00:00Z,1960,1816,1769,1752,1855,2208,2729,2560,2280,2344,2369,2304,2320,2288,2232,2368,2544,2688,2880,3168,3144,2944,2609,2320
0072,2008-09-27T00:00:00Z,2048,1831,1769,1735,1752,1865,1999,2081,2431,2688,2897,2904,2887,2921,2832,2863,2840,2928,2960,3160,3264,3112,2825,2488
0072,2008-09-28T00:00:00Z,2160,1960,1841,1792,1792,1824,1937,2136,2671,2960,3000,3056,3256,3456,3504,3544,3824,3848,3712,4088,4048,3688,3104,2584
0072,2008-09-29T00:00:00Z,2112,1896,1784,1728,1808,2143,2729,2376,2104,2200,2384,2544,2848,3056,3240,3432,3760,3968,3824,3967,3977,3568,3048,2424
0072,2008-09-30T00:00:00Z,2032,1832,1728,1688,1776,2143,2688,2393,2152,2144,2071,2201,2344,2616,2800,3008,3280,3408,3425,3895,3912,3449,2959,2369
0072,2008-10-01T00:00:00Z,2032,1888,1784,1736,1800,2160,2743,2441,2128,2112,2136,2104,2192,2232,2272,2480,2752,2864,2896,3344,3504,3256,2784,2304
0072,2008-10-02T00:00:00Z,1992,1896,1848,1865,2016,2520,3208,2912,2695,2513,2328,2344,2248,2160,2081,2191,2472,2744,2816,3247,3560,3304,2928,2465
0072,2008-10-03T00:00:00Z,2152,2008,2009,2023,2168,2736,3520,3168,2825,2647,2424,2225,2191,2088,2160,2304,2424,2640,2729,3040,3104,3000,2743,2376
0072,2008-10-04T00:00:00Z,2177,1984,1896,1904,2008,2208,2448,2600,2935,2928,2825,2728,2696,2656,2736,2904,3120,3152,2952,3288,3384,3144,2776,2424
0072,2008-10-05T00:00:00Z,2120,1912,1808,1783,1808,1992,2112,2328,2944,3176,2912,2824,2960,3192,3304,3504,3632,3600,3463,3816,3888,3464,2896,2312
0072,2008-10-06T00:00:00Z,2000,1807,1745,1752,1840,2248,2928,2616,2321,2215,2249,2296,2336,2536,2744,2983,3336,3488,3512,3832,3768,3296,2848,2312
0072,2008-10-07T00:00:00Z,1975,1808,1744,1712,1792,2168,2776,2520,2208,2201,2208,2143,2144,2224,2321,2479,2729,2928,3136,3624,3640,3257,2752,2288
0072,2008-10-08T00:00:00Z,1936,1784,1720,1712,1816,2264,2839,2592,2256,2240,2192,2208,2136,2119,2192,2256,2568,2912,3120,3528,3504,3160,2728,2256
0072,2008-10-09T00:00:00Z,1961,1824,1768,1760,1855,2280,2832,2585,2344,2296,2256,2240,2240,2215,2208,2288,2536,2832,3137,3664,3608,3288,2856,2383
0072,2008-10-10T00:00:00Z,2024,1880,1792,1760,1831,2168,2760,2536,2264,2248,2312,2352,2352,2336,2344,2464,2744,2920,3017,3280,3208,3000,2801,2472
0072,2008-10-11T00:00:00Z,2143,1920,1800,1769,1783,1928,2096,2263,2576,2808,2816,2815,2904,2945,3040,3064,3017,2983,2912,3288,3328,3216,2816,2456
0072,2008-10-12T00:00:00Z,2224,2000,1872,1864,1872,1992,2168,2424,2976,3264,2983,2729,2776,2848,2856,2993,3175,3168,3216,3672,3704,3296,2760,2328
0072,2008-10-13T00:00:00Z,2023,1856,1840,1841,1975,2441,3120,2832,2503,2513,2416,2304,2368,2417,2568,2760,3031,3320,3384,3784,3696,3312,2849,2376
0072,2008-10-14T00:00:00Z,1992,1848,1807,1808,1896,2440,3089,2743,2489,2368,2336,2239,2264,2424,2616,2808,3096,3320,3288,3847,3816,3473,2904,2328
0072,2008-10-15T00:00:00Z,1984,1840,1784,1760,1879,2360,3032,2688,2320,2200,2153,2311,2456,2712,2928,3208,3584,3760,3704,4056,3840,3520,2984,2488
0072,2008-10-16T00:00:00Z,2081,1920,1800,1759,1880,2256,2896,2544,2225,2184,2176,2376,2640,2888,3072,3223,3392,3488,3592,4160,4063,3704,3096,2552
0072,2008-10-17T00:00:00Z,2176,1992,1912,1832,1888,2201,2800,2840,2440,2416,2417,2359,2441,2383,2384,2584,2753,3064,3224,3504,3424,3232,2969,2671
0072,2008-10-18T00:00:00Z,2393,2248,2136,2088,2168,2392,2600,2815,3185,3384,3295,3144,2904,2760,2729,2712,2880,2976,3256,3568,3545,3576,3271,3104
0072,2008-10-19T00:00:00Z,2904,2712,2696,2719,2888,3096,3376,3896,4392,4312,3792,3336,3089,3000,2872,2728,2832,3048,3384,4016,4216,4040,3608,3256
0072,2008-10-20T00:00:00Z,3184,3185,3264,3384,3720,4375,5256,4856,4488,3976,3353,3000,2736,2488,2320,2408,2672,2863,3257,3904,3936,3712,3281,2880
0072,2008-10-21T00:00:00Z,2671,2609,2632,2712,2928,3536,4296,3784,3448,3024,2696,2480,2344,2256,2144,2248,2440,2792,3080,3727,3824,3520,3192,2792
0072,2008-10-22T00:00:00Z,2640,2624,2776,2928,3256,4160,4976,4591,4160,3728,3223,2888,2712,2512,2345,2464,2728,2952,3272,4120,4289,4255,3792,3497
0072,2008-10-23T00:00:00Z,3352,3344,3391,3545,3816,4464,5376,4944,4600,4080,3488,3064,2768,2647,2448,2496,2681,3055,3545,4279,4464,4265,3991,3641
0072,2008-10-24T00:00:00Z,3223,3080,3024,3056,3144,3688,4320,3992,3576,3456,3264,3223,3104,2864,2784,2856,3127,3353,3487,3720,3624,3488,3184,2856
0072,2008-10-25T00:00:00Z,2537,2320,2248,2201,2304,2400,2512,2728,3041,3312,3312,3240,3192,2983,2936,2952,2840,2776,2936,3391,3312,3264,3072,2856
0072,2008-10-26T00:00:00Z,2616,2561,2608,2672,2832,3096,3415,4056,4592,4448,3640,3096,2968,2873,2776,2840,2815,2976,3192,3744,3737,3535,3152,2704
0072,2008-10-27T00:00:00Z,2496,2456,2488,2576,2792,3400,4168,3881,3511,3552,3497,3384,3343,3065,3007,2936,3064,3521,4207,4889,4968,4600,4240,3864
0072,2008-10-28T00:00:00Z,3696,3713,3856,3920,4183,4776,5465,5056,4512,4056,3608,3352,3016,2952,2792,2904,3280,3800,4400,4992,5208,4944,4512,4104
0072,2008-10-29T00:00:00Z,3744,3744,3792,3871,4056,4608,5352,5000,4504,4097,3664,3312,3152,2848,2752,2720,2912,3264,3799,4424,4552,4512,4200,3840
0072,2008-10-30T00:00:00Z,3744,3776,3960,4176,4520,5224,6000,5816,5224,4632,3800,3232,2904,2624,2464,2384,2592,2904,3360,3976,4088,4231,4056,3848
0072,2008-10-31T00:00:00Z,3752,3720,3919,4064,4392,5000,5488,5488,5280,4544,3840,3400,3024,2736,2624,2536,2552,2616,2808,3168,3344,3400,3360,3216
0072,2008-11-01T00:00:00Z,3104,3072,3112,3208,3392,3704,4072,4392,4768,4385,3816,3328,3040,2832,2720,2680,2705,2887,3000,3401,3336,3216,3072,2872
0072,2008-11-02T00:00:00Z,2648,2624,2656,2777,2952,3264,3568,4288,4481,3904,3264,2880,2824,2777,2743,2753,2887,3192,3552,3497,3432,3136,2776,2424
0072,2008-11-03T00:00:00Z,2192,2088,2064,2096,2208,2656,3048,2936,2815,2880,2840,2776,2712,2504,2400,2520,2816,3448,3944,3960,3751,3464,2992,2624
0072,2008-11-04T00:00:00Z,2288,2200,2192,2191,2328,2753,3151,2945,2752,2816,2752,2752,2672,2488,2496,2568,2945,3552,4039,4056,3824,3336,2800,2513
0072,2008-11-05T00:00:00Z,2287,2153,2143,2120,2264,2760,3319,2921,2575,2480,2304,2256,2200,2184,2112,2216,2368,3000,3504,3576,3480,3288,2888,2520
0072,2008-11-06T00:00:00Z,2304,2248,2321,2455,2609,3216,3912,3472,2880,2528,2352,2176,2112,2064,2048,2184,2400,2904,3456,3520,3424,3152,2872,2432
0072,2008-11-07T00:00:00Z,2152,2105,2112,2239,2456,3128,3856,3488,2968,2632,2441,2256,2152,2136,2136,2200,2465,2848,3288,3176,3040,2920,2696,2432
0072,2008-11-08T00:00:00Z,2160,1975,1848,1865,1879,2088,2280,2576,2808,2944,2856,2801,2719,2616,2664,2576,2776,3080,3352,3320,3392,3312,3088,3000
0072,2008-11-09T00:00:00Z,2896,2904,2984,3088,3360,3761,4080,4768,4864,4289,3487,3113,3031,3152,3016,2969,3247,3816,4280,4440,4408,4184,3832,3560
0072,2008-11-10T00:00:00Z,3544,3497,3727,4001,4368,5008,5760,5288,4488,3832,3184,2928,2808,2513,2376,2448,2671,3632,4272,4560,4544,4447,4328,4024
0072,2008-11-11T00:00:00Z,3953,3936,4039,4265,4552,5104,5496,5417,4879,4280,3752,3408,3127,2993,2904,2959,3296,4024,4448,4536,4528,4193,3679,3288
0072,2008-11-12T00:00:00Z,2993,2959,2984,3200,3448,4024,4568,4032,3864,3600,3312,3160,2768,2584,2528,2496,2968,3864,4376,4424,4303,4056,3545,3192
0072,2008-11-13T00:00:00Z,2824,2776,2777,2791,2960,3480,4024,3728,3512,3480,3535,3320,3424,3240,3065,3088,3384,4016,4344,4231,4241,3808,3304,2904
0072,2008-11-14T00:00:00Z,2609,2407,2424,2369,2488,2984,3552,3280,2896,2784,2744,2680,2657,2623,2585,2719,2993,3376,3584,3576,3400,3240,2992,2609
0072,2008-11-15T00:00:00Z,2328,2136,2032,2016,2048,2191,2312,2432,2800,3016,3041,2976,2944,2856,2784,2768,2968,3296,3576,3504,3544,3544,3344,3200
0072,2008-11-16T00:00:00Z,3064,3048,3104,3160,3312,3528,3760,4256,4680,4576,3936,3528,3593,3415,3384,3440,3672,4520,5064,5208,5320,5168,4816,4336
0072,2008-11-17T00:00:00Z,4232,4328,4351,4625,4975,5720,6304,5688,5208,4752,4385,4008,3808,3664,3488,3728,4096,5048,5503,5585,5488,5416,4968,4520
0072,2008-11-18T00:00:00Z,4408,4320,4433,4560,4896,5551,6288,5825,5296,4832,4456,4208,4168,3816,3768,4072,4889,5824,6400,6536,6592,6336,5801,5431
0072,2008-11-19T00:00:00Z,5225,5239,5345,5560,5904,6552,7264,6713,6016,5376,4608,4136,3960,3576,3480,3871,4280,5224,5816,5688,5656,5552,5064,4592
0072,2008-11-20T00:00:00Z,4423,4520,4608,4792,5040,5816,6472,5897,5239,4337,3751,3288,2960,2816,2743,2808,3281,4272,5095,5184,5153,4912,4464,3928
0072,2008-11-21T00:00:00Z,3768,3689,3823,4064,4368,5008,5712,5472,4865,4663,4361,4240,4272,4152,4128,4360,4968,6048,6608,6592,6560,6424,6056,5864
0072,2008-11-22T00:00:00Z,5776,5720,5968,6080,6352,6672,6984,7328,7024,6272,5647,5168,4664,4552,4432,4656,4736,5472,5704,5712,5760,5705,5400,5064
0072,2008-11-23T00:00:00Z,4783,4697,4687,4664,4872,5224,5705,6424,6656,5776,4864,4208,3960,3864,3512,3480,3832,4728,5152,5513,5712,5608,5280,4816
0072,2008-11-24T00:00:00Z,4784,4808,4872,5128,5344,5936,6528,6240,5504,4920,4560,4224,4104,4111,4121,4144,4504,5321,5568,5520,5320,4872,4272,3752
0072,2008-11-25T00:00:00Z,3415,3329,3312,3448,3752,4608,5440,5320,4728,4224,3713,3799,3584,3488,3456,3576,3960,4951,5576,5784,5752,5640,5321,4824
0072,2008-11-26T00:00:00Z,4615,4520,4576,4776,5016,5600,6144,6048,5696,5104,4480,4128,3761,3415,3401,3367,3737,4696,5320,5480,5744,5728,5496,5248
0072,2008-11-27T00:00:00Z,5064,4968,5009,5152,5312,5767,6041,6544,6872,6463,5840,5096,4207,3440,3144,3096,3120,3464,3720,3967,4121,4240,4136,3943
0072,2008-11-28T00:00:00Z,3800,3840,3944,4056,4135,4337,4464,4504,4560,4344,3856,3608,3144,2872,2856,2888,3064,3792,4176,4121,4168,4064,3823,3656
0072,2008-11-29T00:00:00Z,3456,3320,3288,3328,3408,3568,3768,4008,4433,4608,4552,4440,4320,4176,4256,4224,4360,4928,4960,5024,4960,4824,4576,4169
0072,2008-11-30T00:00:00Z,3952,3784,3696,3816,3881,4000,4224,4608,5184,5512,5273,5104,5208,5248,5232,5096,5232,5680,5616,5528,5416,4976,4568,4032
0072,2008-12-01T00:00:00Z,3720,3576,3592,3568,3816,4320,4928,4552,4265,4159,4097,3984,3952,3904,4008,4224,4880,5560,5912,5936,6024,5608,5264,4944
0072,2008-12-02T00:00:00Z,4783,4760,4880,5152,5496,6168,6872,6559,5936,5112,4480,4040,3976,3864,3888,3840,4409,5383,6065,6256,6448,6257,6000,5512
0072,2008-12-03T00:00:00Z,5408,5527,5640,5840,6224,6912,7632,7272,6391,5448,4536,3816,3368,3144,3000,3104,3520,4640,5287,5513,5743,5528,5120,4807
0072,2008-12-04T00:00:00Z,4520,4384,4385,4399,4640,5208,5912,5647,5144,4616,3888,3520,3408,3280,3048,3152,3512,4447,4721,4840,4776,4592,4128,3648
0072,2008-12-05T00:00:00Z,3448,3456,3584,3864,4312,4992,5992,5720,5192,4495,4001,3568,3312,3096,3016,3216,3776,4768,5360,5560,5633,5608,5536,5328
0072,2008-12-06T00:00:00Z,5249,4999,4896,4913,5040,5160,5472,5880,6160,5856,5480,5080,4992,4696,4745,4896,5208,5680,5800,5808,5912,5744,5416,5112
0072,2008-12-07T00:00:00Z,4984,4913,4912,4888,4800,4937,5167,5600,6296,6040,5312,4704,4591,4440,4328,4376,4744,5872,6425,6727,6896,6688,6216,5849
0072,2008-12-08T00:00:00Z,5832,5839,5912,6104,6456,7152,7687,7112,6432,5952,5176,5064,4976,4768,4584,4769,5160,6048,6544,6776,6847,6473,5928,5416
0072,2008-12-09T00:00:00Z,5120,5040,4888,4768,4856,5336,5815,5328,4889,4711,4409,4063,3857,3544,3288,3344,3799,4608,5120,5104,4928,4696,4193,3568
0072,2008-12-10T00:00:00Z,3160,2960,2792,2791,2888,3264,3832,3233,2832,2743,2576,2568,2600,2560,2560,2640,3113,3880,4064,4048,4000,3768,3113,2688
0072,2008-12-11T00:00:00Z,2263,2144,2064,2088,2192,2616,3343,3104,2776,2729,2743,2672,2672,2551,2568,2688,3176,3904,4184,4240,4184,3976,3576,3144
0072,2008-12-12T00:00:00Z,2849,2712,2760,2896,3208,4025,4872,4656,4255,3776,3464,3232,3080,2863,2808,3080,3568,4616,5248,5480,5632,5736,5561,5383
0072,2008-12-13T00:00:00Z,5120,5152,5256,5465,5743,6072,6408,6761,6960,6336,5503,4680,4088,3664,3497,3624,4183,5120,5520,5568,5536,5513,5256,5040
0072,2008-12-14T00:00:00Z,4728,4504,4616,4759,5000,5296,5561,6048,6432,6144,5232,4576,4464,4480,4368,4481,4624,5272,5352,5369,5272,4872,4384,3888
0072,2008-12-15T00:00:00Z,3536,3400,3432,3344,3552,4072,4704,4376,3840,3728,3528,3232,2944,2856,2736,2744,3232,4097,4375,4520,4320,4096,3497,2968
0072,2008-12-16T00:00:00Z,2616,2432,2400,2440,2568,3024,3696,3592,3185,3319,3305,3456,3424,3496,3624,3848,4424,5088,5280,5392,5472,5152,4601,4111
0072,2008-12-17T00:00:00Z,3672,3528,3552,3584,3752,4312,4928,4552,4112,4111,3864,3569,3463,3288,3176,3296,3736,4584,4728,4640,4591,4409,3808,3272
0072,2008-12-18T00:00:00Z,2928,2848,2864,2944,3152,3751,4424,4176,3824,3607,3432,3353,3328,3120,3080,3175,3552,4337,4672,4640,4615,4272,3888,3240
0072,2008-12-19T00:00:00Z,2840,2712,2688,2688,2792,3240,3856,3600,3360,3312,3184,2976,2712,2681,2695,2744,2864,3448,3760,3689,3631,3552,3264,2873
0072,2008-12-20T00:00:00Z,2568,2472,2359,2376,2489,2736,3064,3320,3823,3968,4016,3912,3720,3616,3624,3568,3840,4352,4448,4536,4440,4327,4016,3688
0072,2008-12-21T00:00:00Z,3512,3312,3280,3296,3432,3624,3848,4336,4912,5016,4337,3840,3808,3680,3688,4000,4352,5048,5680,5864,6151,6089,5911,5729
0072,2008-12-22T00:00:00Z,5575,5664,5873,6192,6600,7111,7688,7696,7584,7008,6336,5816,5408,5040,4711,4745,5248,6416,7135,7361,7536,7536,7200,7000
0072,2008-12-23T00:00:00Z,6840,6744,6656,6544,6536,6880,7136,7255,7232,6560,5959,5288,4832,4432,4176,4184,4704,5784,5968,6008,5968,5800,5424,4920
0072,2008-12-24T00:00:00Z,4520,4352,4152,4135,4337,4480,4776,5032,5256,5393,5191,5120,5000,4768,4768,4880,4872,5040,5080,4880,4856,4759,4512,4032
0072,2008-12-25T00:00:00Z,3560,3192,3064,3000,3008,3184,3449,4072,4584,4552,4289,4063,3689,3256,2984,2887,2969,3415,3848,4016,4255,4280,4304,4183
0072,2008-12-26T00:00:00Z,4121,4152,4264,4344,4536,4808,4999,5129,5287,5393,5296,5248,5057,4576,4432,4409,4399,4961,5176,5096,4855,4728,4464,4097
0072,2008-12-27T00:00:00Z,3768,3568,3520,3473,3487,3608,3784,3968,4256,4464,4456,4208,3808,3528,3400,3425,3576,4000,4128,4064,4080,3760,3568,3168
0072,2008-12-28T00:00:00Z,2816,2600,2560,2432,2455,2417,2527,2681,3208,3512,3319,3176,3240,3200,3055,3113,3223,3617,3744,3703,3641,3487,3176,2824
0072,2008-12-29T00:00:00Z,2544,2472,2448,2520,2657,3064,3384,3544,3656,3528,3320,3072,2968,2832,2664,2720,2983,3761,4536,4648,4648,4560,4256,3936
0072,2008-12-30T00:00:00Z,3648,3552,3584,3664,3792,4160,4528,4648,4616,4152,3712,3312,2976,2777,2664,2592,2776,3632,4336,4392,4424,4360,4096,3776
0072,2008-12-31T00:00:00Z,3552,3464,3487,3680,3904,4265,4567,4584,4344,4248,4049,3912,3919,3800,3720,3864,4776,5816,6232,6120,5992,5952,5888,5696
0072,2009-01-01T00:00:00Z,5616,5616,5640,5767,5976,6240,6593,6952,7056,6472,6056,5488,4976,4504,4208,4144,4368,5232,5856,6041,6192,6160,6032,5479
0072,2009-01-02T00:00:00Z,5064,4952,4928,4968,5176,5344,5592,5537,5584,5808,5880,5904,5632,5184,4673,4375,4440,5040,5513,5592,5680,5608,5328,5136
0072,2009-01-03T00:00:00Z,4904,4792,4784,4920,5064,5192,5296,5584,5792,5312,4639,4097,3624,3391,3248,3352,3440,4016,4423,4544,4552,4352,4168,3776
0072,2009-01-04T00:00:00Z,3560,3391,3248,3256,3272,3312,3512,3847,4400,4712,4416,4080,3936,3864,3544,3392,3400,3952,4424,4472,4528,4256,3720,3136
0072,2009-01-05T00:00:00Z,2784,2624,2520,2512,2688,3192,3736,3464,3016,2952,2976,2952,2825,2536,2328,2336,2656,3392,3976,3936,3920,3648,3208,2688
0072,2009-01-06T00:00:00Z,2376,2288,2224,2280,2568,3200,3904,3896,3664,3904,4040,4312,4376,4512,4600,4832,5200,5849,6120,6103,6041,5671,5216,4808
0072,2009-01-07T00:00:00Z,4536,4432,4504,4505,4656,5064,5695,5288,4704,4520,4312,4072,3792,3584,3416,3648,4480,4880,5544,5656,5576,5376,4992,4656
0072,2009-01-08T00:00:00Z,4320,4231,4248,4400,4576,5216,5856,5688,5184,4808,4279,4184,3952,3600,3401,3487,3896,4768,5688,5753,5968,5800,5441,5064
0072,2009-01-09T00:00:00Z,4824,4848,4960,5184,5504,6184,6936,6568,6128,5416,4848,4320,3912,3528,3209,3208,3600,4408,5216,5312,5448,5448,5128,4928
0072,2009-01-10T00:00:00Z,4639,4584,4577,4624,4808,5112,5320,5560,5616,5408,4768,4176,3857,3640,3768,3880,4136,4360,4424,4384,4232,4016,3768,3424
0072,2009-01-11T00:00:00Z,3080,2872,2752,2736,2849,3024,3280,3656,4327,4472,3960,3584,3504,3544,3544,3728,3976,4664,5064,5256,5144,5047,4721,4471
0072,2009-01-12T00:00:00Z,4328,4496,4648,4872,5368,6089,6784,6544,6113,5184,4440,3888,3559,3240,3032,3168,3592,4536,5376,5537,5575,5480,5176,4896
0072,2009-01-13T00:00:00Z,4793,4824,4999,5232,5648,6304,7008,6761,6312,5952,5623,5208,4872,4616,4352,4432,4560,5256,5984,6031,6137,5808,5584,5000
0072,2009-01-14T00:00:00Z,4728,4711,4913,5095,5480,6168,6928,6728,6168,5648,5064,4456,4008,3752,3520,3776,4224,5071,5976,6128,6304,6104,5752,5345
0072,2009-01-15T00:00:00Z,5104,5168,5112,5328,5608,6152,6888,6576,5911,5360,4952,4591,4361,4159,3977,4303,5024,6184,7128,7472,7760,7632,7320,7015
0072,2009-01-16T00:00:00Z,6953,7183,7440,7728,8168,8872,9368,9000,8616,8080,7304,6616,6104,5712,5344,5448,6192,6864,7688,7872,8000,8112,8023,7937
0072,2009-01-17T00:00:00Z,8167,8496,8792,9240,9608,10000,10240,10592,10488,9608,8616,7488,6703,6248,5936,6079,6456,6944,7144,6992,6840,6616,6281,5944
0072,2009-01-18T00:00:00Z,5592,5328,5248,5184,5160,5249,5359,5696,6192,6032,5767,5408,5320,5184,5168,4896,4816,5273,5808,5976,6072,5992,5624,5311
0072,2009-01-19T00:00:00Z,5168,5016,5184,5200,5304,5760,5928,5888,5928,5672,5280,4960,4344,4112,4080,4264,4456,5232,5784,5928,5873,5464,5080,4728
0072,2009-01-20T00:00:00Z,4560,4704,4904,5176,5585,6064,6440,6511,6672,6600,6665,6120,5680,5224,4880,4840,5297,6367,7304,7640,7672,7336,6953,6624
0072,2009-01-21T00:00:00Z,6600,6768,6904,7136,7423,8129,8935,8753,8184,7015,6240,5513,4920,4567,4232,4192,4568,5520,6480,6952,6968,6832,6377,6048
0072,2009-01-22T00:00:00Z,6000,6136,6208,6440,6752,7255,8057,7624,7024,6056,5056,4392,3776,3448,3305,3328,3672,4288,5232,5561,5791,5585,5191,4872
0072,2009-01-23T00:00:00Z,4800,4817,4992,5136,5527,6137,6936,6600,5968,5152,4416,3737,3352,2976,2712,2640,2912,3439,4073,4159,4104,4080,3833,3528
0072,2009-01-24T00:00:00Z,3360,3232,3224,3175,3209,3384,3544,3832,3992,4200,4256,3775,3368,3152,3048,3055,3401,3928,4672,4976,5208,5344,5216,5016
0072,2009-01-25T00:00:00Z,4712,4608,4600,4712,4744,4952,5208,5551,6257,6424,5776,5208,4937,4680,4192,4000,4488,4976,5760,6048,6072,5848,5280,4824
0072,2009-01-26T00:00:00Z,4632,4472,4416,4512,4680,5128,5777,5472,5136,5016,4984,4760,4176,3672,3568,3824,4255,4760,5224,5280,5096,4856,4423,4001
0072,2009-01-27T00:00:00Z,3840,3880,4072,4256,4480,4856,5216,4984,4896,4960,5016,5105,4975,4832,4880,5064,5368,5744,6096,6055,5768,5512,4952,4504
0072,2009-01-28T00:00:00Z,4256,4240,4296,4400,4672,5168,5840,5599,5088,4896,4769,4687,4481,4336,4136,4104,4296,4528,5008,5160,5105,5104,4712,4392
0072,2009-01-29T00:00:00Z,4296,4392,4584,4896,5328,6055,6848,6760,6176,5256,4432,3800,3432,3072,2824,2873,3184,3784,4841,5311,5496,5576,5280,4984
0072,2009-01-30T00:00:00Z,4913,4992,5191,5384,5736,6064,6872,6592,5945,5095,4440,4080,3816,3584,3440,3624,4039,4856,5608,5705,5752,5768,5503,5273
0072,2009-01-31T00:00:00Z,5248,5176,5208,5384,5648,5815,6161,6568,6680,6096,5599,4952,4520,4104,3840,3808,4024,4457,5256,5479,5633,5688,5488,5160
0072,2009-02-01T00:00:00Z,4888,4736,4784,4840,4912,5096,5400,5824,6216,5561,4720,3840,3624,3448,3257,3208,3232,3560,4056,4248,4384,4304,4136,3847
0072,2009-02-02T00:00:00Z,3608,3592,3713,3928,4288,4976,5864,5520,4920,4248,3640,3144,2872,2640,2489,2455,2825,3631,4416,4688,4792,4697,4456,4184
0072,2009-02-03T00:00:00Z,3960,4000,4264,4472,4888,5633,6055,6048,5585,5064,4624,4168,3896,3584,3583,3896,4496,5056,5760,5912,6007,5928,5609,5239
0072,2009-02-04T00:00:00Z,5040,4985,4984,5288,5728,6496,7344,7265,6775,6305,5743,5321,4896,4600,4544,4783,5321,6168,7183,7640,7744,7712,7168,6864
0072,2009-02-05T00:00:00Z,6720,6977,7096,7256,7696,8344,8921,8664,8016,7303,6569,5791,5288,4872,4464,4320,4784,5671,6713,7096,7272,7216,6809,6432
0072,2009-02-06T00:00:00Z,6367,6449,6720,6928,7240,3680,0,1408,4592,10288,7400,5504,4423,3752,3416,3312,3424,3920,4711,5072,5136,5088,4888,4640
0072,2009-02-07T00:00:00Z,4416,4432,4536,4673,4912,5104,5376,5792,5712,5112,4304,3648,3295,3008,2832,2864,2920,3088,3593,3655,3632,3680,3448,3232
0072,2009-02-08T00:00:00Z,3017,2976,3064,3184,3329,3520,3728,4200,4567,4224,3488,3024,2928,2768,2688,2503,2576,2904,3472,3696,3752,3560,3208,2896
0072,2009-02-09T00:00:00Z,2744,2752,2897,3112,3488,4176,5119,4961,4303,3560,3032,2704,2448,2328,2216,2200,2472,3000,3736,3816,3785,3544,3168,2856
0072,2009-02-10T00:00:00Z,2656,2592,2633,2656,2840,3360,4096,3728,3312,2904,2551,2352,2225,2152,2048,2071,2321,2736,3367,3689,3631,3408,2945,2544
0072,2009-02-11T00:00:00Z,2224,2160,2160,2184,2400,2968,3608,3344,2959,2720,2528,2320,2184,2128,2184,2240,2464,2801,3424,3504,3496,3257,2887,2369
0072,2009-02-12T00:00:00Z,2176,2088,2120,2191,2400,2897,3648,3432,3048,2776,2544,2416,2304,2208,2120,2184,2344,2792,3536,3895,4104,3953,3592,3128
0072,2009-02-13T00:00:00Z,2952,2896,2912,2992,3264,3856,4592,4280,3679,3168,2880,2657,2407,2192,2160,2208,2440,2753,3240,3376,3384,3368,3240,2959
0072,2009-02-14T00:00:00Z,2753,2680,2672,2743,2912,3136,3440,3904,4232,4208,3952,3376,3096,2832,2712,2705,2839,2993,3312,3487,3497,3496,3312,3208
0072,2009-02-15T00:00:00Z,3104,3088,3209,3391,3656,3904,4088,4528,5033,4824,4104,3511,3224,3056,2887,2856,3032,3304,4169,4576,4464,4296,3904,3521
0072,2009-02-16T00:00:00Z,3376,3448,3641,3864,4128,4711,5520,5456,5048,4608,4032,3799,3896,3480,3248,3360,3727,4520,5616,5952,6032,5839,5441,5263
0072,2009-02-17T00:00:00Z,5072,5176,5336,5544,5896,6689,7528,7280,6295,5280,4472,3936,3424,3024,2777,2920,3168,3808,4808,5448,5424,5016,4464,4056
0072,2009-02-18T00:00:00Z,3712,3624,3608,3656,3864,4375,5120,4840,4505,4408,4288,4097,3912,3895,3888,3992,4240,4368,4673,4656,4567,4337,3760,3256
0072,2009-02-19T00:00:00Z,3008,2944,2904,3048,3344,3936,4720,4488,3977,3672,3487,3248,3136,2976,2864,2992,3377,4104,5184,5632,5920,5825,5512,5168
0072,2009-02-20T00:00:00Z,5200,5096,5232,5431,5753,6448,7104,6824,6000,5527,5048,4488,4112,3904,3576,3448,3728,4240,5120,5456,5680,5704,5520,5216
0072,2009-02-21T00:00:00Z,5128,5184,5336,5488,5784,6128,6472,7049,6648,5680,4904,4272,3775,3480,3336,3288,3257,3592,4336,4697,4776,4776,4615,4400
0072,2009-02-22T00:00:00Z,3984,3816,3696,3640,3728,3864,4016,4423,5096,5400,4736,4063,4008,3896,3888,3920,4087,4745,5760,6192,6240,6160,5720,5416
0072,2009-02-23T00:00:00Z,5336,5296,5400,5512,5705,6256,6904,6624,6041,5455,4848,4481,4128,3871,3560,3576,3848,4528,5592,6288,6408,6264,5928,5568
0072,2009-02-24T00:00:00Z,5424,5440,5544,5768,6256,6936,7776,7560,6480,5480,4824,4216,3833,3439,3120,3024,3288,3929,4960,5608,6008,5936,5568,5191
0072,2009-02-25T00:00:00Z,5105,5248,5360,5544,5736,6216,6751,6336,5576,4720,3992,3552,3056,2808,2671,2825,3223,3809,4495,4832,4744,4625,4144,3720
0072,2009-02-26T00:00:00Z,3520,3401,3448,3664,3977,4608,5368,4960,4328,3704,3103,2768,2432,2272,2256,2176,2408,2728,3264,3785,3696,3463,2984,2600
0072,2009-02-27T00:00:00Z,2328,2191,2216,2232,2408,2928,3559,3336,3017,2928,2887,2897,2784,2776,2760,2856,3128,3415,3768,3785,3616,3440,3175,2936
0072,2009-02-28T00:00:00Z,2696,2488,2512,2520,2592,2744,2984,3304,3808,4112,4160,4207,4136,4240,4344,4584,4848,5009,5328,5488,5432,5352,5088,4951
0072,2009-03-01T00:00:00Z,4776,4649,4704,4735,4904,4968,5168,5680,6336,6336,6224,5952,6031,6120,6200,6168,6376,6425,6751,6665,6271,6017,5647,5408
0072,2009-03-02T00:00:00Z,5152,4928,5136,5208,5576,6112,6440,6703,6528,6216,5801,5464,5288,4872,4864,4904,5311,6128,7080,7488,7424,7128,6799,6696
0072,2009-03-03T00:00:00Z,6776,6952,7232,7488,7904,8407,8744,8960,8040,6984,6343,5768,5320,4865,4567,4464,4584,5192,6160,6848,7024,6792,6536,6344
0072,2009-03-04T00:00:00Z,6208,6280,6521,6760,7208,7920,8376,8215,7232,5728,4841,4360,4080,3848,3648,3607,3984,4560,5288,5840,5856,5815,5328,5024
0072,2009-03-05T00:00:00Z,4976,5023,5192,5384,5728,6328,6864,6440,5272,4544,3952,3449,3168,2791,2592,2520,2648,3088,3800,4448,4648,4448,4000,3664
0072,2009-03-06T00:00:00Z,3344,3296,3432,3520,3720,4200,4760,4536,3912,3415,2984,2664,2408,2224,2064,2112,2264,2496,2872,3152,3168,3103,2873,2496
0072,2009-03-07T00:00:00Z,2320,2136,2152,2184,2336,2512,2768,3088,3216,3224,3032,2880,2767,2633,2520,2647,2784,2873,2959,3336,3240,3017,2632,2328
0072,2009-03-08T00:00:00Z,2048,NA,1816,1752,1720,1776,1913,2215,2696,3008,2863,2633,2671,2688,2696,2704,2760,2729,2767,3120,3656,3440,2920,2424
0072,2009-03-09T00:00:00Z,1976,1792,1688,1632,1744,2072,2656,2528,2184,2167,2112,2112,2160,2168,2176,2288,2576,2743,2897,3208,3752,3384,2839,2297
0072,2009-03-10T00:00:00Z,1951,1760,1720,1760,1880,2368,3000,2992,2648,2448,2280,2240,2160,2080,2072,2104,2296,2544,2720,3160,3552,3296,2928,2424
0072,2009-03-11T00:00:00Z,2064,1936,1889,1864,1936,2369,2992,2792,2400,2191,2177,2071,2033,2071,2129,2200,2480,2632,2792,3103,3552,3281,2791,2288
0072,2009-03-12T00:00:00Z,2008,1856,1864,1928,2168,2736,3528,3520,3184,3272,3264,3184,3128,3064,3000,3200,3528,3784,3960,4400,4632,4352,4024,3488
0072,2009-03-13T00:00:00Z,3223,3096,3056,3096,3272,3823,4512,4337,4063,4032,4193,4111,4073,3960,4024,4184,4471,4656,4680,5000,5064,4880,4632,4327
0072,2009-03-14T00:00:00Z,3977,3856,3808,3864,3920,4120,4296,4584,4865,5328,5232,5256,5112,4840,4720,4553,4663,4632,4560,4817,4831,4664,4264,4064
0072,2009-03-15T00:00:00Z,3704,3520,3448,3456,3464,3600,3792,4128,4776,4848,4624,4337,4432,4408,4184,4000,3929,3952,3992,4264,4584,4360,3816,3401
0072,2009-03-16T00:00:00Z,3031,2928,2897,2944,3136,3569,4159,3992,3632,3664,3544,3464,3416,3319,3320,3448,3713,4008,4192,4448,4560,4296,3847,3353
0072,2009-03-17T00:00:00Z,3031,2960,2952,2912,3048,3559,4160,4016,3600,3448,3304,3224,3112,2912,2528,2488,2656,2784,3017,3391,3881,3864,3688,3248
0072,2009-03-18T00:00:00Z,3016,2984,3072,3112,3296,3760,4304,4080,3655,3305,2911,2681,2392,2192,2176,2136,2264,2479,2616,2976,3473,3384,2911,2528
0072,2009-03-19T00:00:00Z,2232,2184,2224,2304,2592,3089,3760,3696,3184,2744,2504,2263,2225,2119,2033,2064,2232,2544,2839,3288,3672,3456,3096,2736
0072,2009-03-20T00:00:00Z,2520,2537,2656,2848,3216,3848,4688,4600,4104,3544,3137,2863,2600,2392,2360,2312,2464,2576,2656,2968,3584,3656,3520,3344
0072,2009-03-21T00:00:00Z,3264,3271,3360,3536,3744,4168,4664,5168,5280,4840,4184,3696,3343,3056,2856,2888,2928,3096,3088,3272,3952,4104,4064,3936
0072,2009-03-22T00:00:00Z,3832,3824,3976,4192,4433,4783,5096,5608,6024,5192,4064,3367,3048,2825,2592,2527,2513,2688,2736,3016,3720,3560,3120,2680
0072,2009-03-23T00:00:00Z,2560,2528,2656,2904,3233,3799,4752,4640,4072,3368,3008,2728,2472,2256,2144,2152,2328,2576,2743,3161,3703,3488,3008,2608
0072,2009-03-24T00:00:00Z,2424,2432,2551,2753,3048,3727,4481,4543,4169,3688,3256,3000,2696,2488,2336,2336,2359,2736,3056,3520,3984,3936,3617,3280
0072,2009-03-25T00:00:00Z,2984,2880,2824,2872,3072,3600,4272,4088,3736,3737,3552,3568,3624,3560,3511,3864,4248,4536,4793,5056,5176,4880,4352,3832
0072,2009-03-26T00:00:00Z,3552,3496,3473,3472,3656,4080,4720,4592,4272,4207,4136,4056,3864,3840,3536,3544,3784,3960,4056,4152,4385,4159,3569,3175
0072,2009-03-27T00:00:00Z,2849,2728,2672,2728,2920,3336,4032,3816,3512,3296,3040,2720,2568,2488,2608,2729,3064,3192,3320,3439,3672,3456,3233,2944
0072,2009-03-28T00:00:00Z,2624,2440,2376,2384,2383,2528,2760,2912,3288,3544,3712,3728,3528,3424,3344,3328,3449,3400,3344,3472,3744,3472,3176,2744
0072,2009-03-29T00:00:00Z,2440,2160,2144,2119,2120,2176,2297,2544,3016,3112,2768,2696,2728,2616,2632,2480,2600,2760,2983,3128,3800,3784,3432,3056
0072,2009-03-30T00:00:00Z,2784,2695,2712,2849,3040,3584,4351,4097,3768,3328,2944,2705,2424,2311,2153,2143,2312,2600,2712,2952,3696,3487,3032,2648
0072,2009-03-31T00:00:00Z,2488,2552,2688,2959,3368,4104,4896,4768,4088,3344,2856,2400,2239,2153,2023,2112,2360,2464,2696,3208,3696,3521,3007,2528
0072,2009-04-01T00:00:00Z,2272,2136,2144,2160,2312,2688,3319,3041,2728,2664,2768,2712,2551,2417,2472,2455,2736,2952,3168,3353,3712,3520,3065,2632
0072,2009-04-02T00:00:00Z,2288,2136,2104,2136,2256,2664,3208,3072,2801,2767,2801,2776,2632,2672,2680,2784,2984,3112,3264,3656,3840,3400,2969,2544
0072,2009-04-03T00:00:00Z,2239,2016,1937,1936,2000,2407,2952,2696,2352,2280,2160,2144,2095,2024,2024,2119,2273,2344,2424,2528,3040,3040,2873,2551
0072,2009-04-04T00:00:00Z,2400,2321,2368,2440,2544,2832,3104,3440,3535,3368,3088,2921,2719,2616,2480,2456,2527,2609,2575,2648,3160,3144,2808,2544
0072,2009-04-05T00:00:00Z,2256,2024,2032,2112,2249,2512,2808,3264,3768,3520,2928,2504,2432,2416,2416,2408,2544,2648,2743,2784,3216,3120,2760,2345
0072,2009-04-06T00:00:00Z,1968,1776,1680,1663,1736,1960,2280,2273,2248,2320,2408,2376,2376,2304,2224,2256,2400,2624,2888,3151,3632,3592,3305,3016
0072,2009-04-07T00:00:00Z,2872,2784,2760,2856,3120,3569,4056,4159,4104,4016,3784,3545,3408,3336,3336,3624,3696,3856,4056,4256,4968,4800,4488,4048
0072,2009-04-08T00:00:00Z,3816,3824,3912,4024,4240,4728,5177,5056,4592,4104,3640,3368,3136,2832,2600,2544,2680,2920,3056,3176,3864,3856,3768,3272
0072,2009-04-09T00:00:00Z,2952,2760,2760,2791,2945,3408,3864,3936,3511,3072,2801,2551,2336,2168,2152,2136,2192,2352,2407,2592,3240,3233,2896,2576
0072,2009-04-10T00:00:00Z,2296,2144,2208,2280,2416,2720,3040,3304,3408,3240,2856,2609,2464,2480,2455,2384,2536,2544,2657,2896,3168,3056,2832,2479
0072,2009-04-11T00:00:00Z,2177,2047,1944,1968,2024,2176,2321,2503,2904,2976,2808,2777,2592,2472,2488,2512,2552,2584,2585,2688,3328,3336,3136,2849
0072,2009-04-12T00:00:00Z,2688,2544,2592,2760,3016,3416,3696,4272,4495,4073,3472,3008,2832,2664,2536,2424,2400,2496,2544,2768,3360,3312,2983,2576
0072,2009-04-13T00:00:00Z,2320,2273,2376,2431,2688,3128,3688,3656,3384,3432,3408,3120,3008,2632,2432,2503,2705,3199,3512,3744,4064,3784,3240,2800
0072,2009-04-14T00:00:00Z,2576,2424,2424,2464,2657,3048,3576,3367,3113,3064,3064,2945,2880,2640,2479,2528,2880,3136,3281,3568,3864,3696,3176,2704
0072,2009-04-15T00:00:00Z,2384,2311,2232,2256,2448,2912,3440,3256,2784,2568,2504,2392,2304,2176,2120,2128,2321,2623,2784,2969,3456,3400,3072,2664
0072,2009-04-16T00:00:00Z,2408,2328,2383,2513,2736,3328,4048,3896,3360,2936,2599,2376,2201,2176,2096,2071,2304,2480,2544,2736,3344,3376,2984,2544
0072,2009-04-17T00:00:00Z,2304,2368,2472,2672,3072,3664,4480,4361,3559,3048,2585,2320,2144,2080,2064,2136,2240,2440,2520,2544,3040,3056,2776,2352
0072,2009-04-18T00:00:00Z,2072,1920,1904,1896,2016,2320,2560,2984,3080,2832,2616,2592,2527,2592,2696,2736,2896,3056,2968,2880,3264,3200,2856,2424
0072,2009-04-19T00:00:00Z,2072,1807,1745,1696,1672,1769,1840,2120,2800,3008,2736,2496,2503,2528,2456,2472,2551,2760,2888,2896,3408,3200,2776,2264
0072,2009-04-20T00:00:00Z,1936,1752,1704,1704,1841,2232,2719,2489,2280,2296,2352,2272,2273,2176,2160,2200,2496,2720,2872,2993,3408,3216,2704,2168
0072,2009-04-21T00:00:00Z,1872,1711,1664,1712,1848,2335,3000,2873,2464,2256,2176,2129,2104,2024,1984,2088,2264,2400,2488,2864,3223,3209,2832,2304
0072,2009-04-22T00:00:00Z,2071,2000,1984,2072,2352,2944,3497,3415,2897,2767,2768,2608,2568,2552,2440,2384,2456,2688,2824,2920,3456,3680,3312,2856
0072,2009-04-23T00:00:00Z,2648,2680,2672,2808,2976,3552,4183,3857,3103,2561,2320,2168,2112,2032,1952,2112,2335,2585,2640,2719,3353,3336,2880,2280
0072,2009-04-24T00:00:00Z,1936,1792,1712,1800,1960,2448,3137,2976,2448,2176,2080,2057,2136,2224,2440,2696,3080,3328,3400,3264,3497,3504,3064,2600
0072,2009-04-25T00:00:00Z,2208,1927,1793,1680,1696,1760,1783,2105,2464,2720,2935,3233,3600,3912,4048,4264,4368,4457,4279,3992,4032,4000,3521,2968
0072,2009-04-26T00:00:00Z,2480,2143,1976,1840,1784,1776,1760,2064,2791,3161,3336,3607,3864,4193,4399,4592,4832,4824,4672,4408,4464,4280,3464,2760
0072,2009-04-27T00:00:00Z,2248,1952,1816,1736,1783,2105,2520,2376,2280,2287,2489,2832,3079,3368,3624,3912,4280,4615,4481,4200,4384,4112,3312,2680
0072,2009-04-28T00:00:00Z,2200,1913,1768,1696,1728,2088,2504,2376,2152,2112,2328,2465,2695,2888,3160,3425,3784,4032,4040,3912,4144,4008,3288,2512
0072,2009-04-29T00:00:00Z,2024,1816,1712,1672,1721,2040,2503,2328,2009,2016,2088,2263,2489,2656,2880,3136,3392,3640,3497,3456,3832,3728,3127,2417
0072,2009-04-30T00:00:00Z,1975,1793,1672,1616,1711,2040,2537,2431,2177,2088,2080,2120,2119,2040,1928,2024,2200,2376,2536,2744,3248,3400,2808,2264
0072,2009-05-01T00:00:00Z,1888,1712,1632,1624,1672,2016,2552,2392,2144,2160,2240,2215,2216,2256,2416,2753,3072,3319,3408,3185,3280,3400,3032,2608
0072,2009-05-02T00:00:00Z,2201,1936,1784,1696,1664,1768,1856,2104,2408,2712,2752,2768,2832,2976,3016,3280,3312,3353,3072,2983,3272,3336,3008,2536
0072,2009-05-03T00:00:00Z,2136,1904,1752,1687,1680,1712,1720,2024,2624,2839,2801,2719,2816,2976,2952,2936,3007,3152,3280,3336,3737,3367,3000,2513
0072,2009-05-04T00:00:00Z,2056,1832,1735,1688,1736,2056,2456,2311,2144,2208,2320,2496,2736,2777,2815,2928,3120,3353,3439,3464,3664,3425,2920,2328
0072,2009-05-05T00:00:00Z,1952,1776,1672,1608,1696,2000,2464,2489,2232,2263,2280,2321,2352,2311,2009,2184,2623,2888,3064,3144,3200,3232,2792,2296
0072,2009-05-06T00:00:00Z,1992,1808,1760,1768,1864,2201,2767,2576,2296,2225,2263,2249,2256,2160,2119,2192,2488,2729,2880,2863,3312,3200,2808,2280
0072,2009-05-07T00:00:00Z,1920,1760,1680,1624,1704,2064,2512,2345,2215,2208,2304,2489,2640,2743,2873,3088,3480,3624,3640,3408,3696,3881,3319,2657
0072,2009-05-08T00:00:00Z,2152,1880,1711,1649,1711,2057,2472,2376,2143,2120,2072,2160,2208,2248,2304,2520,2928,3160,3168,3080,3272,3432,3072,2712
0072,2009-05-09T00:00:00Z,2344,2096,1944,1855,1841,1944,1903,2232,2736,3272,3528,3840,4128,4392,4616,4759,4568,4296,3808,3464,3488,3583,3305,2839
0072,2009-05-10T00:00:00Z,2345,2023,1880,1760,1720,1768,1752,2216,2768,3024,2872,2776,2912,3120,3264,3504,3600,3704,3528,3360,3640,3744,3144,2520
0072,2009-05-11T00:00:00Z,2056,1848,1752,1712,1760,2064,2488,2368,2144,2200,2312,2360,2376,2311,2273,2352,2608,2768,2911,2993,3280,3432,2944,2408
0072,2009-05-12T00:00:00Z,2112,1984,1968,1976,2104,2568,3096,2984,2512,2297,2152,2112,2064,2056,2129,2383,2720,2984,3064,3144,3248,3328,2816,2311
0072,2009-05-13T00:00:00Z,1937,1768,1712,1687,1808,2208,2712,2664,2296,2064,2000,2056,2057,2095,2129,2311,2640,2888,2960,3024,3295,3449,2944,2288
0072,2009-05-14T00:00:00Z,1944,1768,1648,1592,1704,2032,2408,2320,2040,2064,2057,2160,2232,2392,2568,2848,3176,3488,3640,3520,3800,4040,3360,2704
0072,2009-05-15T00:00:00Z,2256,1968,1848,1768,1817,2136,2599,2520,2312,2344,2480,2656,2832,3000,3144,3416,3648,3640,3473,3319,3440,3488,3192,2743
0072,2009-05-16T00:00:00Z,2321,2040,1879,1769,1783,1872,1832,2088,2424,2832,3104,3384,3559,3752,4096,4361,4528,4552,4128,3785,3816,3888,3432,2952
0072,2009-05-17T00:00:00Z,2520,2191,2009,1872,1840,1864,1808,2120,2680,2848,2801,2767,2832,2753,2608,2584,2712,2832,2888,3000,3232,3161,2752,2280
0072,2009-05-18T00:00:00Z,1960,1800,1712,1728,1864,2273,2719,2609,2280,2359,2352,2184,2201,2095,2105,2136,2376,2623,2777,2904,3168,3367,2880,2480
0072,2009-05-19T00:00:00Z,2216,2104,2064,2104,2360,2912,3504,3280,2728,2496,2249,2191,2136,2048,1992,2072,2376,2647,2849,2944,3104,3295,2904,2360
0072,2009-05-20T00:00:00Z,2032,1920,1880,1920,2112,2648,3376,3072,2512,2280,2184,2040,2064,2081,2088,2344,2712,2896,3032,3064,3192,3344,2904,2312
0072,2009-05-21T00:00:00Z,1920,1735,1697,1680,1800,2136,2616,2407,2129,2056,2032,2168,2296,2465,2671,2936,3312,3552,3600,3592,3680,3840,3232,2561
0072,2009-05-22T00:00:00Z,2071,1817,1696,1656,1688,1999,2432,2416,2144,2232,2328,2504,2752,2952,3144,3424,3864,3960,3792,3608,3384,3576,3152,2632
0072,2009-05-23T00:00:00Z,2288,1968,1816,1736,1720,1768,1784,2040,2464,2816,3040,3329,3607,3848,4056,4296,4400,4336,3968,3688,3624,3752,3312,2952
0072,2009-05-24T00:00:00Z,2496,2167,1992,1880,1816,1800,1784,2160,2752,3192,3336,3257,3280,3320,3415,3425,3432,3720,3535,3384,3425,3535,3137,2688
0072,2009-05-25T00:00:00Z,2320,2032,1904,1816,1793,1840,1784,1951,2400,2712,3024,3288,3552,3816,4064,4448,4632,4687,4376,4088,4072,4088,3496,2888
0072,2009-05-26T00:00:00Z,2383,2096,1944,1888,1944,2208,2600,2512,2352,2432,2544,2848,3089,3120,3144,3391,3696,3809,3864,3856,4000,3944,3360,2728
0072,2009-05-27T00:00:00Z,2336,2064,1968,1856,1936,2152,2561,2488,2280,2416,2513,2656,2872,2969,3096,3271,3704,3976,3977,3808,3896,3847,3401,2784
0072,2009-05-28T00:00:00Z,2344,2120,1999,1904,1920,2200,2585,2472,2344,2448,2584,2777,3031,3320,3680,4056,3976,3720,3640,3528,3608,3864,3344,2695
0072,2009-05-29T00:00:00Z,2225,1984,1872,1800,1872,2176,2537,2472,2287,2441,2736,3103,3521,3808,4088,4159,4280,4408,4032,3696,3593,3751,3360,2856
0072,2009-05-30T00:00:00Z,2336,2024,1831,1745,1704,1792,1832,2056,2416,2705,2944,3216,3592,3984,4232,4392,4432,4577,4351,4169,3792,3960,3583,3041
0072,2009-05-31T00:00:00Z,2503,2096,1920,1816,1769,1807,1712,1984,2576,3000,3168,3352,3680,4104,4368,4648,4896,4872,4824,4529,4303,4368,3680,2864
0072,2009-06-01T00:00:00Z,2335,2000,1848,1776,1816,2064,2369,2320,2184,2288,2496,2688,2856,3096,3408,3856,4344,4704,4776,4632,4408,4512,3809,2976
0072,2009-06-02T00:00:00Z,2383,2105,1951,1856,1880,2143,2441,2416,2344,2624,3064,3521,3984,4447,4704,5129,5520,5800,5680,5328,5105,5047,4320,3432
0072,2009-06-03T00:00:00Z,2792,2448,2232,2120,2112,2376,2640,2656,2608,2864,3232,3665,4183,4577,4888,4776,4336,4361,4495,4193,4128,4128,3592,2848
0072,2009-06-04T00:00:00Z,2400,2184,2024,1952,1975,2280,2585,2592,2455,2552,2824,3032,3232,3401,3576,3679,3600,3704,3688,3545,3631,3665,3151,2585
0072,2009-06-05T00:00:00Z,2191,1985,1855,1824,1880,2136,2472,2424,2240,2224,2240,2296,2248,2232,2256,2424,2712,2921,3040,2960,2935,3176,2960,2584
0072,2009-06-06T00:00:00Z,2224,1961,1840,1768,1745,1824,1848,2160,2440,2728,3017,3264,3352,3640,3824,3984,4272,4320,4192,3848,3552,3704,3400,2824
0072,2009-06-07T00:00:00Z,2376,2072,1880,1768,1720,1712,1696,2105,2640,3048,3144,3304,3736,4040,4328,4584,4888,4976,4920,4648,4424,4552,3824,3040
0072,2009-06-08T00:00:00Z,2464,2153,1968,1864,1912,2112,2432,2424,2360,2688,3072,3480,3967,4328,4616,4927,5240,5408,5407,5264,5112,5000,4224,3408
0072,2009-06-09T00:00:00Z,2815,2448,2225,2095,2112,2360,2624,2568,2560,2992,3521,3928,4408,4776,5096,5280,5256,5272,5088,4745,4552,4672,3920,3256
0072,2009-06-10T00:00:00Z,2712,2352,2081,1951,1961,2191,2480,2480,2440,2680,3152,3576,3864,4152,4336,4536,4664,4776,4784,4512,4216,4256,3727,3032
0072,2009-06-11T00:00:00Z,2504,2200,2024,1951,1985,2232,2520,2544,2392,2528,2776,3168,3720,3544,3288,3728,4376,4584,4608,4056,4096,4080,3520,2880
0072,2009-06-12T00:00:00Z,2408,2160,1992,1912,1944,2216,2512,2489,2440,2560,2801,3192,3616,4136,4552,4816,5184,5352,5201,4744,4448,4536,4135,3384
0072,2009-06-13T00:00:00Z,2952,2537,2296,2104,2033,2023,2024,2432,2944,3536,3792,4192,4536,4808,5080,5384,5527,5592,5384,4912,4656,4625,4111,3536
0072,2009-06-14T00:00:00Z,2984,2551,2304,2120,2040,2016,1920,2344,3041,3664,3824,4024,4264,4616,4776,5016,5120,5143,4889,4648,4400,4536,3928,3328
0072,2009-06-15T00:00:00Z,2753,2407,2192,2096,2128,2280,2384,2503,2576,2728,2928,3168,3384,3488,3840,4328,4752,4528,4216,4025,3936,4024,3616,2945
0072,2009-06-16T00:00:00Z,2503,2249,2136,2032,1720,1632,1800,1841,2200,2504,2584,2656,2624,2568,2552,2632,2856,3040,3185,3247,3305,3439,3024,2576
0072,2009-06-17T00:00:00Z,2200,2009,1896,1831,1865,2104,2240,2224,2248,2360,2520,2584,2664,2672,2656,2760,2921,3216,3295,3257,3271,3512,3232,2736
0072,2009-06-18T00:00:00Z,2312,2096,1992,1944,1999,2201,2344,2416,2616,2984,3488,3895,4248,4553,4776,5112,5320,5368,5016,4784,4640,4680,4152,3391
0072,2009-06-19T00:00:00Z,2825,2479,2273,2112,2080,2152,2321,2464,2512,2672,2976,3352,3920,4416,4744,4968,5369,5599,5777,5656,5264,5248,4792,4128
0072,2009-06-20T00:00:00Z,3696,3233,2928,2712,2592,2560,2424,2848,3384,3960,4337,4776,4888,5072,5464,5792,6016,6136,5952,5489,5032,5080,4625,3904
0072,2009-06-21T00:00:00Z,3328,2912,2640,2464,2376,2312,2208,2568,3096,3424,3425,3415,3624,3920,4168,4440,4728,4808,4608,4400,4296,4360,3840,3120
0072,2009-06-22T00:00:00Z,2672,2287,2129,1999,2016,2136,2240,2368,2496,2864,3304,3800,4064,4360,4616,4944,5359,5576,5496,5208,4832,4879,4296,3512
0072,2009-06-23T00:00:00Z,2832,2480,2263,2112,2072,2232,2352,2408,2575,3024,3377,3768,4168,4528,4841,5104,5464,5712,5576,5224,4841,4975,4265,3520
0072,2009-06-24T00:00:00Z,2936,2584,2416,2273,2239,2352,2432,2560,2736,3104,3584,4015,4472,4776,4936,5304,5633,5856,5784,5455,5016,4937,4296,3487
0072,2009-06-25T00:00:00Z,2904,2496,2240,2128,2096,2184,2264,2392,2576,2896,3376,3905,4336,4680,5056,5417,5760,5872,5744,5424,4975,5072,4320,3528
0072,2009-06-26T00:00:00Z,2944,2537,2280,2176,2152,2273,2311,2441,2632,2960,3384,4104,4632,5032,5320,5561,5904,6127,5784,5201,4840,4928,4456,3824
0072,2009-06-27T00:00:00Z,3256,2880,2576,2416,2304,2280,2248,2585,3168,3847,4416,5000,5392,5657,5872,6056,6232,6064,5633,5239,4776,4776,4184,3528
0072,2009-06-28T00:00:00Z,2952,2528,2263,2088,2009,1968,1896,2272,2896,3512,3808,4056,4529,5064,5320,5592,5600,5623,5465,5232,5064,5095,4584,3809
0072,2009-06-29T00:00:00Z,3232,2840,2568,2376,2287,2345,2383,2528,2824,3272,3616,4025,4399,4616,4928,5167,5480,5712,5624,5263,4784,4720,4064,3328
0072,2009-06-30T00:00:00Z,2720,2336,2095,1976,2000,2128,2160,2352,2528,2784,3184,3608,4048,4304,4615,4488,5096,5480,5455,5081,4735,4784,4136,3328
0072,2009-07-01T00:00:00Z,2752,2400,2120,2000,1999,2105,2191,2280,2360,2736,3136,3576,4080,4368,4769,5047,5544,5801,5536,5088,4784,4831,4280,3576
0072,2009-07-02T00:00:00Z,2888,2479,2232,2048,2016,2144,2176,2400,2520,2864,3288,3672,3952,4160,4312,4560,4760,4920,4872,4624,4296,4400,3895,3233
0072,2009-07-03T00:00:00Z,2647,2297,2056,1936,1913,1912,1904,2136,2512,2824,3192,3569,3688,3856,4152,4280,4632,4632,4528,4256,3816,3864,3504,2952
0072,2009-07-04T00:00:00Z,2528,2191,1976,1880,1864,1808,1768,1992,2376,2920,3560,3992,4255,4472,4744,4920,5009,4944,4576,4176,3840,3840,3592,3296
0072,2009-07-05T00:00:00Z,2848,2528,2344,2201,2128,2136,2024,2239,2664,2969,3024,2968,3056,3136,3112,3096,3096,3240,3209,3184,3272,3583,3264,2808
0072,2009-07-06T00:00:00Z,2400,2192,2072,1999,1961,2128,2248,2264,2344,2585,2736,3103,3432,3560,3808,4160,4528,4856,4848,4552,4280,4456,3872,3048
0072,2009-07-07T00:00:00Z,2552,2208,2032,1880,1879,2088,2081,2200,2352,2632,3072,3521,3936,4288,4600,4896,5336,5576,5488,5128,4712,4768,4080,3272
0072,2009-07-08T00:00:00Z,2672,2311,2112,2000,1968,2136,2200,2225,2376,2680,3104,3688,4160,4408,4696,4952,5304,5552,5416,5016,4664,4759,4128,3368
0072,2009-07-09T00:00:00Z,2816,2464,2216,2064,2112,2256,2352,2376,2407,2705,2928,3199,3521,3823,4097,4224,4432,4568,4416,4192,4168,4320,3768,3144
0072,2009-07-10T00:00:00Z,2648,2304,2144,2023,2009,2176,2256,2352,2392,2552,2776,3017,3223,3449,3688,3976,4392,4385,4279,4080,3888,4152,3737,3199
0072,2009-07-11T00:00:00Z,2753,2488,2312,2176,2112,2144,2047,2297,2647,3152,3632,4104,4615,5064,5304,5528,5632,5576,5072,4704,4552,4488,4032,3584
0072,2009-07-12T00:00:00Z,2992,2680,2496,2400,2328,2336,2224,2528,3144,3872,4216,4688,5224,5600,5767,6008,6048,6224,6055,5777,5400,5320,4720,4008
0072,2009-07-13T00:00:00Z,3320,2968,2712,2520,2456,2624,2640,2680,2648,2839,3048,3480,4025,4288,4672,5168,5584,5888,5720,5200,4832,4864,4272,3408
0072,2009-07-14T00:00:00Z,2832,2408,2152,2032,1985,2104,2144,2239,2369,2608,2936,3319,3761,4120,4392,4736,5215,5552,5504,4951,4464,4520,3840,3136
0072,2009-07-15T00:00:00Z,2544,2184,1944,1880,1904,2056,2088,2160,2240,2383,2537,2928,3528,3984,4384,4880,5296,5392,5273,4927,4680,4808,4248,3592
0072,2009-07-16T00:00:00Z,3080,2744,2520,2392,2392,2600,2680,2705,2839,3144,3240,3281,3367,3488,4152,4768,5256,5729,5808,5448,5088,5191,4568,3856
0072,2009-07-17T00:00:00Z,3272,2936,2712,2568,2503,2664,2672,2752,3008,3264,3968,4344,4591,4920,5288,5720,5952,6127,5969,5536,5136,5192,4648,3936
0072,2009-07-18T00:00:00Z,3448,3008,2720,2416,2312,2272,2128,2328,2816,3288,3688,4032,4328,4448,4696,4920,5088,5064,4808,4320,3952,4088,3703,3113
0072,2009-07-19T00:00:00Z,2640,2239,1992,1928,1864,1896,1808,2056,2657,3024,3264,3384,3696,4008,4264,4448,4648,4720,4697,4303,4056,4104,3632,2896
0072,2009-07-20T00:00:00Z,2448,2160,1985,1903,1904,2160,2304,2200,2192,2304,2456,2647,2984,3064,3296,3488,3703,3905,3792,3720,3655,3896,3408,2880
0072,2009-07-21T00:00:00Z,2440,2208,1985,1912,1920,2104,2288,2312,2287,2393,2568,2608,2784,2888,3160,3624,4168,4632,4721,4408,4248,4256,3727,3056
0072,2009-07-22T00:00:00Z,2576,2272,2104,2009,2032,2224,2312,2392,2513,2832,3232,3664,4176,4520,4856,5152,5528,5743,5696,5200,4808,4880,4320,3600
0072,2009-07-23T00:00:00Z,3064,2736,2504,2368,2360,2488,2568,2624,2767,3072,3512,4048,4568,4720,4776,4968,5472,5561,5352,5119,4952,4880,4176,3424
0072,2009-07-24T00:00:00Z,2944,2585,2368,2192,2160,2320,2408,2440,2576,3024,3496,3952,4352,4672,4865,5047,5288,5512,5369,4944,4584,4536,4032,3496
0072,2009-07-25T00:00:00Z,2928,2544,2264,2112,2023,2057,1975,2225,2664,3168,3840,4632,5064,5464,5792,6031,6161,6175,5969,5656,5184,5072,4447,3840
0072,2009-07-26T00:00:00Z,3329,2848,2576,2335,2225,2191,2040,2345,3072,3727,4232,4776,5344,5832,5760,5856,6032,5944,5760,5304,5177,5088,4456,3816
0072,2009-07-27T00:00:00Z,3232,2856,2616,2456,2440,2544,2672,2696,2784,3216,3720,4375,4968,5288,5480,5376,5752,5760,5512,5312,5232,5152,4457,3679
0072,2009-07-28T00:00:00Z,3144,2825,2536,2384,2352,2512,2544,2584,2808,3216,3816,4416,4992,5352,5657,5904,6007,6248,6144,5760,5568,5424,4792,4073
0072,2009-07-29T00:00:00Z,3496,3088,2760,2592,2513,2680,2760,2720,2712,2824,2968,3200,3328,3480,3680,4024,4512,4817,4735,4520,4368,4416,3928,3312
0072,2009-07-30T00:00:00Z,2801,2512,2352,2200,2208,2384,2440,2465,2664,2992,3264,3584,4279,4913,5152,5384,5464,5288,5080,4680,4568,4528,3984,3464
0072,2009-07-31T00:00:00Z,3007,2760,2568,2465,2472,2647,2729,2728,2880,3080,3400,3832,4200,4400,4368,4424,4591,4745,4711,4512,4368,4481,4048,3552
0072,2009-08-01T00:00:00Z,3024,2688,2456,2311,2280,2328,2264,2448,2912,3511,4193,4807,5249,5472,5800,6072,6328,6416,6080,5551,5424,5336,4776,4176
0072,2009-08-02T00:00:00Z,3696,3248,2959,2784,2616,2592,2609,2824,3352,3680,3632,3703,4032,4241,3880,3864,4608,4720,4769,4687,4592,4648,4121,3504
0072,2009-08-03T00:00:00Z,2928,2616,2424,2296,2248,2376,2465,2503,2672,3096,3656,4128,4480,4824,5064,5312,5616,5935,5856,5504,5144,5032,4272,3448
0072,2009-08-04T00:00:00Z,2897,2472,2239,2105,2112,2296,2408,2376,2527,2960,3400,4016,4576,4985,5263,5561,5784,5872,5648,5359,5288,5184,4384,3641
0072,2009-08-05T00:00:00Z,3112,2800,2592,2441,2383,2568,2729,2680,2824,3344,3936,4624,5105,5455,5792,6168,6440,6559,6120,5336,4992,4792,4169,3480
0072,2009-08-06T00:00:00Z,3007,2696,2480,2392,2352,2536,2720,2608,2592,2808,3216,3600,3864,3977,4327,4673,5040,5232,5239,4985,4816,4704,4032,3368
0072,2009-08-07T00:00:00Z,2791,2441,2200,2056,2024,2248,2360,2336,2464,2792,3336,3871,4304,4536,4792,5072,5336,5416,5168,4848,4768,4760,4144,3472
0072,2009-08-08T00:00:00Z,3017,2656,2400,2296,2225,2248,2224,2384,2672,2968,3448,3848,4504,5016,5448,5720,5952,5992,5816,5376,5088,5016,4464,3792
0072,2009-08-09T00:00:00Z,3208,2912,2664,2528,2407,2408,2368,2561,3336,4087,4616,5064,5672,6151,6488,6648,6776,6823,6624,6248,6000,5808,5016,4224
0072,2009-08-10T00:00:00Z,3624,3168,2896,2672,2568,2680,2777,2800,3080,3768,4488,5256,5832,6208,6464,6607,6672,6816,6672,6392,6312,5992,5201,4344
0072,2009-08-11T00:00:00Z,3792,3376,3088,2856,2777,2880,2904,2944,3152,3655,4313,4975,5576,5888,5935,6041,5160,4960,4840,4640,4752,4568,4024,3472
0072,2009-08-12T00:00:00Z,2969,2640,2440,2328,2328,2544,2712,2656,2592,2664,2840,3008,3343,3536,3608,3760,3992,4384,4480,4320,4320,4368,3824,3144
0072,2009-08-13T00:00:00Z,2712,2408,2215,2105,2071,2280,2432,2456,2584,2824,3048,3432,3953,4360,4704,5088,5344,5456,5336,4960,4800,4736,4087,3368
0072,2009-08-14T00:00:00Z,2904,2576,2352,2191,2192,2296,2456,2416,2561,2920,3312,3824,4216,4624,4968,5232,5552,5672,5448,5023,4776,4721,4144,3504
0072,2009-08-15T00:00:00Z,2984,2623,2424,2297,2232,2248,2232,2320,2688,3080,3312,3632,4207,4680,5064,5472,5760,5784,5537,5104,4920,4656,4000,3401
0072,2009-08-16T00:00:00Z,2863,2552,2352,2224,2136,2088,2048,2296,2928,3425,3727,4073,4552,5120,5472,5776,5912,5983,5624,5296,5232,5033,4351,3608
0072,2009-08-17T00:00:00Z,3088,2729,2520,2359,2345,2479,2585,2568,2800,3280,3857,4519,5105,5383,5576,5824,6048,6240,5921,5424,5383,5160,4409,3696
0072,2009-08-18T00:00:00Z,3175,2849,2599,2424,2369,2623,2777,2640,2856,3240,3856,4480,5057,5536,5824,6096,6288,6353,6175,5849,5808,5503,4800,3992
0072,2009-08-19T00:00:00Z,3368,3055,2849,2704,2640,2824,2936,2840,3016,3496,4049,4696,5248,5600,6008,6103,5616,5609,5647,5328,5352,5112,4544,3848
0072,2009-08-20T00:00:00Z,3312,2983,2792,2624,2575,2705,2896,2816,3000,3360,3799,4368,4848,5273,5424,5496,5488,5624,5527,5153,5208,5088,4416,3832
0072,2009-08-21T00:00:00Z,3352,3048,2825,2608,2640,2768,2959,2832,2912,3368,4104,4768,5216,5455,5792,6096,6328,6329,6144,5767,5640,5456,4712,4056
0072,2009-08-22T00:00:00Z,3583,3224,2952,2744,2584,2608,2537,2704,3096,3432,3696,3728,3888,4288,4712,4792,4688,4680,4584,4240,4400,4408,4008,3488
0072,2009-08-23T00:00:00Z,3007,2672,2480,2376,2287,2249,2191,2417,3072,3696,3919,4169,4488,4800,4975,5208,5328,5288,4928,4536,4720,4408,3800,3160
0072,2009-08-24T00:00:00Z,2712,2441,2296,2160,2176,2369,2575,2480,2576,2904,3192,3544,3840,3936,4168,4448,4904,5080,5112,4808,4968,4687,3864,3161
0072,2009-08-25T00:00:00Z,2664,2376,2200,2096,2080,2384,2880,2616,2584,2832,3128,3583,3960,4352,4672,4952,5392,5592,5456,5128,5288,4968,4112,3336
0072,2009-08-26T00:00:00Z,2832,2520,2328,2208,2215,2513,2928,2608,2528,2863,3401,3952,4504,4913,5191,5561,5959,6120,5960,5600,5592,5335,4337,3520
0072,2009-08-27T00:00:00Z,2944,2633,2440,2280,2296,2552,2936,2680,2648,2928,3400,4016,4608,5047,5288,5464,5856,6072,5952,5624,5800,5448,4592,3776
0072,2009-08-28T00:00:00Z,3312,2992,2800,2657,2616,2839,3320,3072,2856,2856,2872,2976,3240,3368,3512,4032,4416,4600,4360,4112,4240,4064,3784,3272
0072,2009-08-29T00:00:00Z,2864,2608,2416,2304,2240,2272,2352,2456,2856,3248,3936,4423,5000,5240,5488,5480,5680,5808,5432,4944,5032,4656,4168,3593
0072,2009-08-30T00:00:00Z,3031,2664,2456,2304,2216,2215,2249,2464,3008,3552,3871,4097,4672,5000,5280,5496,5608,5632,5480,5048,5160,4792,4056,3312
0072,2009-08-31T00:00:00Z,2784,2504,2304,2184,2167,2432,2912,2575,2352,2417,2407,2432,2504,2575,2537,2752,3136,3312,3408,3425,3808,3608,2959,2432
0072,2009-09-01T00:00:00Z,2040,1904,1776,1720,1784,2136,2592,2239,2096,2136,2296,2336,2472,2728,2832,3152,3592,3824,3688,3552,3936,3600,3008,2504
0072,2009-09-02T00:00:00Z,2088,1872,1800,1720,1760,2071,2592,2273,2064,2095,2184,2336,2448,2656,2816,3136,3504,3824,3808,3560,3896,3568,3016,2417
0072,2009-09-03T00:00:00Z,2032,1840,1760,1696,1769,2071,2561,2287,2136,2184,2208,2345,2472,2760,2928,3271,3689,3943,3848,3680,3960,3736,3120,2472
0072,2009-09-04T00:00:00Z,2096,1896,1824,1752,1800,2128,2608,2376,2249,2256,2424,2608,2864,3223,3569,4032,4408,4600,4337,3960,4048,3712,3296,2800
0072,2009-09-05T00:00:00Z,2369,2136,2023,1920,1880,1960,2009,2047,2480,2920,3360,3840,4361,4720,5056,5328,5456,5448,4944,4544,4648,4368,3808,3248
0072,2009-09-06T00:00:00Z,2776,2448,2201,2040,1944,2016,2032,2160,2768,3319,3521,3856,4144,4553,4831,4920,4856,4752,4440,4264,4433,4120,3528,3024
0072,2009-09-07T00:00:00Z,2616,2280,2088,1992,1936,1952,2008,2105,2496,2839,3336,3713,3984,4264,4344,4512,4576,4488,4433,4368,4735,4280,3448,2808
0072,2009-09-08T00:00:00Z,2456,2224,2129,2056,2096,2352,2832,2527,2376,2472,2648,2776,2912,3048,3152,3624,4056,4312,4200,4016,4384,4016,3328,2712
0072,2009-09-09T00:00:00Z,2312,2071,1944,1872,1904,2240,2728,2352,2232,2288,2544,2824,3144,3296,3384,3583,3785,3976,3928,3848,4176,3936,3336,2768
0072,2009-09-10T00:00:00Z,2335,2088,1928,1872,1928,2215,2760,2441,2239,2168,2240,2328,2352,2392,2464,2552,2720,2968,3048,3208,3593,3439,2873,2335
0072,2009-09-11T00:00:00Z,2016,1865,1768,1712,1800,2071,2585,2328,2176,2192,2232,2440,2624,2887,3176,3544,3840,4064,3904,3737,3936,3583,3192,2760
0072,2009-09-12T00:00:00Z,2336,2064,1928,1831,1800,1904,1960,2081,2424,2872,3144,3536,3792,4015,4217,4399,4625,4584,4288,4040,4063,3720,3257,2784
0072,2009-09-13T00:00:00Z,2344,2056,1913,1816,1768,1808,1896,2056,2640,2952,3104,3336,3640,3929,4200,4464,4720,4768,4601,4368,4504,4080,3344,2736
0072,2009-09-14T00:00:00Z,2263,2040,1913,1848,1879,2208,2657,2335,2216,2336,2568,2935,3305,7478,3773,3808,4768,5033,4864,4680,4840,4241,3496,2768
0072,2009-09-15T00:00:00Z,2383,2129,1936,1888,1889,2248,2672,2352,2239,2384,2608,2993,3439,3864,4160,4544,4944,5064,4824,4711,4880,4320,3680,3007
0072,2009-09-16T00:00:00Z,2544,2264,2152,2040,2105,2440,2896,2736,2424,2360,2456,2592,2944,3136,3248,3440,3559,3680,3696,3808,4080,3768,3305,2695
0072,2009-09-17T00:00:00Z,2369,2136,2008,1920,1992,2328,2752,2568,2336,2320,2369,2383,2417,2376,2376,2479,2744,3016,3176,3488,3703,3528,3032,2560
0072,2009-09-18T00:00:00Z,2184,1992,1904,1848,1896,2208,2720,2544,2287,2352,2384,2448,2488,2504,2504,2568,2824,3080,3064,3152,3439,3312,3008,2576
0072,2009-09-19T00:00:00Z,2215,2033,1888,1840,1841,1912,2056,2129,2392,2856,3008,3088,3176,3136,3096,3080,3096,3112,3008,3175,3416,3280,3008,2656
0072,2009-09-20T00:00:00Z,2312,2112,1976,1903,1856,1952,2008,2136,2576,2920,2880,3000,3256,3392,3536,3624,3744,3864,3751,3809,4120,3600,3096,2504
0072,2009-09-21T00:00:00Z,2143,1937,1848,1816,1856,2136,2680,2376,2112,2224,2312,2384,2608,2768,3007,3312,3552,3617,3720,3912,4104,3727,3192,2568
0072,2009-09-22T00:00:00Z,2144,1960,1793,1720,1808,2119,2633,2392,2168,2215,2232,2336,2400,2440,2465,2647,2921,3120,3295,3665,3967,3704,3200,2664
0072,2009-09-23T00:00:00Z,2287,2088,2009,1936,1984,2321,2863,2672,2360,2335,2448,2513,2584,2752,3017,3504,4096,4464,4392,4376,4447,4056,3464,2896
0072,2009-09-24T00:00:00Z,2424,2168,2040,1968,1976,2304,2824,2568,2360,2527,2952,3312,3800,4224,4608,4960,5129,5328,4999,4992,5184,4736,4008,3264
0072,2009-09-25T00:00:00Z,2776,2472,2312,2208,2200,2520,3008,2816,2616,2656,2640,2720,2760,2719,2657,2752,2872,2960,2912,3096,3064,2952,2752,2424
0072,2009-09-26T00:00:00Z,2120,1920,1792,1752,1760,1832,1999,2048,2448,2736,2848,2880,2888,2816,2800,2752,2897,2887,2880,3224,3208,2976,2616,2393
0072,2009-09-27T00:00:00Z,2095,1880,1752,1712,1711,1760,1896,2112,2584,2880,2808,2816,3008,3256,3424,3552,3713,3679,3512,3704,3871,3521,2952,2407
0072,2009-09-28T00:00:00Z,2016,1824,1728,1697,1768,2104,2657,2400,2104,2136,2208,2200,2304,2496,2760,3128,3448,3504,3392,3712,3833,3360,2872,2336
0072,2009-09-29T00:00:00Z,1984,1800,1712,1672,1768,2192,2752,2465,2191,2192,2144,2047,2120,2080,2120,2224,2393,2671,2744,3160,3473,3288,2767,2264
0072,2009-09-30T00:00:00Z,1960,1889,1816,1800,1912,2376,2976,2681,2344,2240,2167,2129,2095,2081,2080,2232,2456,2719,2832,3120,3392,3248,2743,2304
0072,2009-10-01T00:00:00Z,2016,1904,1864,1889,2040,2512,3168,2840,2512,2408,2239,2153,2191,2136,2096,2240,2488,2672,2695,3137,3424,3272,2752,2272
0072,2009-10-02T00:00:00Z,2033,1888,1832,1831,1913,2280,2863,2760,2441,2368,2320,2273,2176,2088,2072,2136,2296,2480,2496,2848,3008,2848,2664,2376
0072,2009-10-03T00:00:00Z,2096,1872,1783,1745,1759,1904,2072,2136,2464,2616,2616,2712,2784,2880,2936,3048,3096,3151,2984,3184,3216,3048,2712,2384
0072,2009-10-04T00:00:00Z,2104,1896,1832,1832,1831,1961,2200,2472,3104,3264,2983,2744,2640,2712,2704,2729,2728,2872,3056,3456,3520,3144,2681,2232
0072,2009-10-05T00:00:00Z,1936,1816,1728,1736,1824,2160,2776,2576,2240,2239,2312,2328,2296,2280,2201,2248,2520,2792,2968,3416,3496,3304,2849,2320
0072,2009-10-06T00:00:00Z,2000,1840,1776,1760,1872,2239,2784,2600,2360,2256,2287,2336,2272,2240,2200,2280,2561,2767,3000,3536,3632,3295,2760,2273
0072,2009-10-07T00:00:00Z,2008,1872,1784,1752,1840,2208,2704,2552,2240,2224,2360,2320,2424,2424,2616,2760,2968,3200,3160,3456,3576,3360,2777,2320
0072,2009-10-08T00:00:00Z,2016,1872,1816,1824,1968,2465,3055,2928,2592,2441,2280,2208,2239,2249,2287,2393,2632,2816,2839,3368,3416,3304,2896,2369
0072,2009-10-09T00:00:00Z,2023,1889,1807,1769,1903,2225,2776,2568,2368,2336,2256,2224,2264,2432,2592,2800,3016,3216,3257,3568,3560,3415,3185,2839
0072,2009-10-10T00:00:00Z,2504,2248,2088,2064,2048,2104,2304,2441,2791,3017,3232,3272,3400,3264,3208,3200,3120,3040,3008,3360,3288,3112,2808,2417
0072,2009-10-11T00:00:00Z,2143,1961,1840,1768,1769,1840,2008,2232,2784,3072,2945,2743,2705,2688,2608,2560,2705,2920,3048,3576,3552,3160,2729,2304
0072,2009-10-12T00:00:00Z,2047,1928,1848,1864,1961,2407,2952,2873,2520,2656,2648,2632,2680,2753,2752,2976,3280,3641,3744,4056,4080,3655,3137,2623
0072,2009-10-13T00:00:00Z,2297,2191,2168,2160,2288,2743,3368,3072,2768,2479,2424,2288,2280,2264,2256,2368,2592,2864,2944,3440,3624,3360,2935,2360
0072,2009-10-14T00:00:00Z,2016,1888,1793,1800,1944,2344,3032,2776,2568,2664,2776,2801,2839,2873,2968,3224,3559,4001,4255,4512,4409,4224,3624,3184
0072,2009-10-15T00:00:00Z,2912,2784,2752,2768,2896,3336,4024,3800,3496,3377,3256,3192,3096,3032,3024,3007,3344,3664,3905,4303,4193,4063,3593,3055
0072,2009-10-16T00:00:00Z,2825,2664,2544,2575,2672,3072,3712,3440,3176,3127,3032,2976,2744,2680,2608,2705,2920,3080,3319,3680,3600,3528,3384,2920
0072,2009-10-17T00:00:00Z,2705,2575,2528,2536,2616,2808,3089,3256,3632,3768,3744,3607,3456,3320,3240,3216,3264,3432,3592,4025,4183,4104,3809,3592
0072,2009-10-18T00:00:00Z,3440,3336,3343,3473,3640,3840,4088,4495,5040,4928,4408,3888,3680,3520,3504,3600,3672,3912,4320,4752,4752,4496,4088,3727
0072,2009-10-19T00:00:00Z,3552,3576,3704,3904,4184,4920,5648,5400,4975,4368,3744,3216,2928,2688,2504,2528,2776,3040,3360,4049,4120,4032,3704,3424
0072,2009-10-20T00:00:00Z,3256,3200,3360,3528,3832,4361,5112,5047,4488,3864,3209,2815,2552,2408,2263,2321,2592,2832,3160,3680,3727,3497,3120,2656
0072,2009-10-21T00:00:00Z,2440,2393,2448,2568,2784,3456,4176,4120,3560,3136,2784,2456,2352,2311,2280,2432,2688,2880,3096,3528,3504,3384,2888,2448
0072,2009-10-22T00:00:00Z,2215,2105,2104,2176,2369,3007,3728,3568,3264,3008,2808,2512,2297,2167,2129,2191,2400,2624,2880,3520,3528,3336,2912,2472
0072,2009-10-23T00:00:00Z,2128,2016,1985,1975,2088,2552,3208,2993,2680,2568,2512,2393,2272,2216,2200,2240,2440,2648,2784,3232,3112,3032,2808,2480
0072,2009-10-24T00:00:00Z,2215,2016,1913,1864,1848,1920,2152,2328,2568,2888,3008,3048,2944,2888,2815,2952,3017,2968,2968,3360,3192,3032,2752,2448
0072,2009-10-25T00:00:00Z,2136,1992,1896,1856,1904,2040,2263,2664,3320,3488,3144,2944,2816,2896,2696,2704,2760,2944,3128,3744,3816,3592,3176,2792
0072,2009-10-26T00:00:00Z,2632,2488,2489,2520,2695,3216,3977,3744,3400,3160,2936,2848,2592,2424,2249,2328,2647,3065,3544,3904,3864,3608,3048,2536
0072,2009-10-27T00:00:00Z,2249,2143,2081,2128,2264,2695,3305,3072,2680,2536,2504,2424,2376,2416,2393,2488,2896,3288,3689,3904,3872,3544,2984,2527
0072,2009-10-28T00:00:00Z,2216,2104,2081,2064,2128,2544,3032,2920,2592,2528,2392,2200,2112,2105,2191,2280,2528,2656,2880,3272,3208,3089,2704,2288
0072,2009-10-29T00:00:00Z,2016,1896,1888,1936,2112,2520,3041,3040,2848,2696,2528,2352,2287,2192,2176,2216,2344,2489,2872,3392,3336,3151,2768,2416
0072,2009-10-30T00:00:00Z,2072,1936,1872,1841,1927,2264,2680,2648,2576,2551,2600,2536,2496,2345,2359,2336,2376,2592,2976,3104,3064,3000,2800,2513
0072,2009-10-31T00:00:00Z,2248,2080,1952,1920,1928,2040,2208,2407,2633,2992,2992,3041,2896,2824,2801,2959,2969,2743,2688,2904,2904,2880,2705,2440
0072,2009-11-01T00:00:00Z,2176,2013,1951,1976,2056,2273,2575,2984,3672,3784,3425,3264,3360,3391,3432,3401,3552,3991,4296,4136,3992,3736,3240,2904
0072,2009-11-02T00:00:00Z,2640,2544,2552,2599,2768,3264,3832,3408,3104,2832,2672,2488,2376,2256,2128,2177,2496,3016,3696,3848,3816,3631,3264,3041
0072,2009-11-03T00:00:00Z,2832,2839,2921,3096,3343,3953,4512,4200,3592,2984,2575,2321,2184,2064,2071,2129,2359,2960,3568,3680,3664,3488,3192,2936
0072,2009-11-04T00:00:00Z,2752,2840,3040,3312,3744,4464,5264,4864,4184,3384,2976,2664,2448,2296,2264,2368,2576,3168,3943,4193,4216,4112,3664,3304
0072,2009-11-05T00:00:00Z,3144,3176,3224,3400,3656,4399,5081,4672,3888,3240,2792,2503,2345,2224,2192,2280,2616,3343,3960,4025,4200,4183,3872,3480
0072,2009-11-06T00:00:00Z,3360,3376,3497,3712,4008,4704,5368,5040,4248,3488,3112,2760,2465,2328,2287,2304,2657,3192,3679,3888,4008,4112,3960,3888
0072,2009-11-07T00:00:00Z,3832,3816,3912,4080,4304,4632,4880,5088,4720,4088,3600,3175,2945,2695,2609,2664,2815,3192,3504,3569,3568,3456,3232,3041
0072,2009-11-08T00:00:00Z,2880,2767,2736,2825,2848,3056,3288,3808,4064,3792,3192,2815,2696,2568,2584,2624,2664,3120,3552,3576,3472,3192,2729,2431
0072,2009-11-09T00:00:00Z,2216,2200,2216,2376,2640,3240,3968,3664,3160,2849,2520,2287,2177,2104,2112,2200,2537,3175,3624,3648,3608,3232,2760,2384
0072,2009-11-10T00:00:00Z,2152,2024,1992,2024,2191,2648,3272,2920,2736,2632,2585,2575,2681,2647,2633,2752,3016,3689,3840,3823,3617,3343,3008,2656
0072,2009-11-11T00:00:00Z,2360,2312,2256,2287,2441,2736,3079,3032,3168,3416,3576,3631,3576,3584,3560,3760,4176,4680,5016,4920,4744,4440,3905,3487
0072,2009-11-12T00:00:00Z,3281,3247,3216,3312,3545,3888,4183,3936,3704,4080,4024,3792,3809,3712,3560,3751,4080,4553,4888,4800,4744,4568,4040,3432
0072,2009-11-13T00:00:00Z,3184,2968,2904,2864,3016,3512,3968,3616,3328,3224,3128,3031,2681,2383,2288,2456,2664,3232,3544,3425,3432,3360,3000,2656
0072,2009-11-14T00:00:00Z,2376,2280,2216,2191,2240,2424,2568,2880,3048,2984,2928,2800,2712,2624,2584,2656,2784,3137,3336,3312,3223,3032,2784,2544
0072,2009-11-15T00:00:00Z,2248,2201,2215,2232,2376,2640,2904,3392,3832,3737,3088,2728,2640,2585,2647,2640,2657,3096,3544,3520,3392,3192,2888,2520
0072,2009-11-16T00:00:00Z,2352,2239,2328,2465,2767,3392,4104,3840,3256,2856,2576,2376,2232,2168,2143,2216,2440,3048,3593,3607,3504,3344,2952,2528
0072,2009-11-17T00:00:00Z,2335,2321,2328,2448,2704,3328,4049,3616,3264,3024,2864,2752,2552,2520,2448,2695,3089,3592,4088,4063,4112,3944,3439,3000
0072,2009-11-18T00:00:00Z,2720,2584,2544,2513,2712,3184,3776,3408,3184,3176,3151,3056,3056,3072,3072,3184,3512,4096,4296,4232,4104,3799,3288,2801
0072,2009-11-19T00:00:00Z,2536,2392,2360,2336,2479,2904,3528,3264,3017,2920,2760,2704,2616,2561,2416,2536,2849,3376,3640,3816,3792,3560,3096,2744
0072,2009-11-20T00:00:00Z,2503,2441,2472,2656,2872,3464,4192,4008,3480,3089,2824,2512,2345,2280,2191,2232,2496,3185,3583,3689,3703,3680,3528,3400
0072,2009-11-21T00:00:00Z,3240,3296,3384,3512,3624,3943,4200,4577,4504,4136,3816,3456,3103,2864,2736,2720,2944,3592,3872,4000,4136,4072,3953,3744
0072,2009-11-22T00:00:00Z,3552,3583,3713,3847,4016,4336,4656,5057,5479,4880,4056,3512,3280,3272,3367,3408,3696,4088,4256,4303,4232,3960,3488,3112
0072,2009-11-23T00:00:00Z,2856,2712,2744,2736,2911,3384,4008,3888,3584,3528,3512,3487,3377,3312,3295,3281,3720,4408,4624,4536,4433,4096,3688,3080
0072,2009-11-24T00:00:00Z,2768,2599,2624,2624,2856,3304,3840,3680,3319,3072,2825,2503,2360,2256,2200,2328,2720,3328,3632,3720,3768,3568,3248,2712
0072,2009-11-25T00:00:00Z,2424,2328,2280,2232,2392,2744,3160,3185,3175,3257,3232,3176,3031,2768,2656,2696,2888,3679,4160,4168,4217,4111,3896,3656
0072,2009-11-26T00:00:00Z,3319,3176,3176,3208,3384,3608,3976,4480,4856,4944,4752,4456,3864,3272,3024,3040,3137,3463,3680,3760,3912,3840,3593,3408
0072,2009-11-27T00:00:00Z,3295,3224,3216,3440,3624,3864,4152,4176,4272,4152,4008,3679,3432,3240,3168,3056,3376,4160,4688,4720,4816,4913,4704,4567
0072,2009-11-28T00:00:00Z,4457,4456,4624,4656,4745,4888,5016,5128,5201,4704,4248,3664,3336,3024,2816,2832,3048,3640,3944,4096,4288,4313,4015,3728
0072,2009-11-29T00:00:00Z,3528,3456,3528,3560,3664,3904,4136,4584,4944,4576,3792,3216,3048,2880,2720,2728,3024,3608,3840,3896,3895,3624,3209,2784
0072,2009-11-30T00:00:00Z,2464,2408,2344,2400,2632,3017,3688,3432,3168,3056,3151,3144,3056,2920,2936,3152,3559,4265,4711,4985,4872,4840,4328,3991
0072,2009-12-01T00:00:00Z,3816,3936,4112,4376,4704,5368,6152,5863,5225,4471,3704,3232,2936,2720,2512,2688,3216,4168,4704,5040,5072,4880,4303,3864
0072,2009-12-02T00:00:00Z,3560,3488,3544,3600,3784,4169,4759,4608,4112,4072,4080,4008,4032,3944,3912,3968,4368,4975,5112,4856,4544,4279,3608,3016
0072,2009-12-03T00:00:00Z,2672,2488,2441,2479,2672,3176,3840,3607,3209,2824,2672,2496,2392,2184,2184,2360,2928,3775,4400,4640,4879,4920,4553,4111
0072,2009-12-04T00:00:00Z,4049,4048,4272,4480,4760,5384,6088,5856,5384,4848,4231,3953,3552,3288,3271,3392,3752,4512,4735,4721,4600,4488,4232,3856
0072,2009-12-05T00:00:00Z,3496,3336,3264,3288,3360,3617,3775,4121,4440,4656,4848,4840,4912,4856,4752,4904,5104,5432,5688,5896,5936,5896,5688,5416
0072,2009-12-06T00:00:00Z,5232,5225,5248,5488,5784,6024,6329,6775,7056,6353,5320,4592,4399,4433,4207,4344,4728,5648,6024,6176,6376,6040,5592,5072
0072,2009-12-07T00:00:00Z,4912,4865,5248,5424,5792,6480,7240,6952,6240,5600,4784,4192,3768,3528,3664,3728,4248,5112,5640,5824,6048,5945,5551,5057
0072,2009-12-08T00:00:00Z,4912,4904,4872,4951,5192,5672,6343,5832,5160,4808,4432,4160,4056,4064,4159,4385,4831,5585,5839,5768,5856,5544,4952,4528
0072,2009-12-09T00:00:00Z,4160,4159,4121,4207,4392,4832,5536,5240,4784,4488,4303,4136,3928,3929,3696,3544,3624,4584,5112,5048,4984,4832,4248,3712
0072,2009-12-10T00:00:00Z,3408,3304,3384,3521,3768,4327,5153,5040,4576,4264,3905,3688,3456,3336,3224,3391,4032,5249,5952,6280,6352,6240,5729,5344
0072,2009-12-11T00:00:00Z,5152,5280,5408,5584,5825,6448,7240,6888,6536,6144,5552,5448,5119,4937,4855,4856,5176,6104,6744,6872,6928,6912,6560,6280
0072,2009-12-12T00:00:00Z,6056,6120,6264,6456,6832,7152,7648,7841,8119,7721,6808,6192,5328,4776,4720,4961,5232,5832,6112,6104,6127,5840,5432,5032
0072,2009-12-13T00:00:00Z,4688,4519,4577,4735,4920,5192,5448,5792,6232,6448,6288,5864,5936,5656,5432,5064,5071,5624,5752,5712,5600,5352,4880,4312
0072,2009-12-14T00:00:00Z,4128,4040,4128,4399,4793,5376,6136,5864,5488,4920,4400,3816,3208,2928,2928,2992,3296,4344,4768,4889,4864,4672,4128,3545
0072,2009-12-15T00:00:00Z,3151,3048,2945,2928,3144,3583,4184,4008,3672,3552,3240,3072,2768,2671,2616,2808,3224,4080,4528,4688,4776,4704,4248,3776
0072,2009-12-16T00:00:00Z,3568,3600,3696,3928,4265,4975,5760,5633,4975,4592,4128,3664,3329,3184,3088,3176,3816,5064,5760,6080,6304,6192,5832,5296
0072,2009-12-17T00:00:00Z,5112,5168,5304,5424,5752,6408,7193,6912,6343,5496,4640,4072,3689,3295,3137,3208,3744,4752,5552,5896,6024,5944,5688,5201
0072,2009-12-18T00:00:00Z,4951,4880,4952,4960,5184,5712,6336,6096,5568,5376,5240,5136,5232,5424,5983,6360,6840,7601,7680,7560,7423,7136,6832,6296
0072,2009-12-19T00:00:00Z,5760,5712,5616,5584,5576,5728,5816,6104,6448,6624,6496,6048,5648,5744,5776,5712,5968,6384,6560,6552,6264,5912,5575,5249
0072,2009-12-20T00:00:00Z,4992,4888,4968,5112,5264,5464,5600,5784,6151,6128,5608,5184,4697,4471,4361,4519,4896,5592,6024,6072,5928,5681,5431,4985
0072,2009-12-21T00:00:00Z,4792,4696,4673,4824,5064,5616,6064,6184,6128,5480,4879,4457,4128,3991,4169,4320,4711,5400,5976,6008,6016,5633,5160,4680
0072,2009-12-22T00:00:00Z,4488,4375,4440,4601,4975,5504,6032,6199,5984,5336,4840,4216,3848,3664,3464,3568,4049,5016,5616,5928,6168,6192,5832,5424
0072,2009-12-23T00:00:00Z,5128,5152,5232,5384,5744,6247,6761,6864,6712,6120,5352,4664,4135,3761,3727,3864,4352,5208,5584,5729,5928,6120,5976,5424
0072,2009-12-24T00:00:00Z,5136,4927,4944,5072,5320,5672,6120,6616,6872,6280,5624,5184,4640,4384,4336,4512,4889,5536,5792,5832,5896,6096,5896,5441
0072,2009-12-25T00:00:00Z,5119,4841,4831,4920,5081,5448,5896,6256,6737,7048,6960,6880,6521,5959,5664,5513,5551,5705,5832,5784,5728,5464,5081,4696
0072,2009-12-26T00:00:00Z,4264,4136,4056,4024,4121,4296,4567,5040,5520,5472,5016,4760,4560,4184,4104,4272,4360,5064,5600,5608,5752,5552,5352,5168
0072,2009-12-27T00:00:00Z,4920,4903,5105,5239,5513,5767,6128,6640,7200,6497,5376,4543,4032,3816,3560,3552,3784,4577,5167,5360,5552,5616,5263,4800
0072,2009-12-28T00:00:00Z,4464,4433,4408,4488,4776,5144,5488,5544,5320,5144,4864,4577,4296,4144,4024,4289,4824,5808,6520,6392,6528,6192,5664,5239
0072,2009-12-29T00:00:00Z,5033,4999,5024,5144,5464,5880,6280,6432,6152,5688,5248,4880,4456,4224,4056,4136,4640,5784,6496,6616,6689,6472,6168,5928
0072,2009-12-30T00:00:00Z,5768,5824,5856,5936,6192,6552,6928,6848,6592,6432,6152,5479,5129,4519,4184,4280,4783,5672,6048,6032,5920,5736,5240,4816
0072,2009-12-31T00:00:00Z,4584,4600,4625,4704,4920,5167,5448,5616,5600,5560,5273,4824,4495,4568,4536,4720,4944,5489,5656,5496,5272,4944,4745,4584
0072,2010-01-01T00:00:00Z,4303,4208,4136,4176,4279,4664,4848,5064,5328,5360,4999,4968,4736,4472,4255,4217,4480,5272,5736,5960,5928,5888,5815,5712
0072,2010-01-02T00:00:00Z,5672,5720,5800,5944,6161,6472,6688,6977,7168,7072,6857,6712,6504,6296,5983,5849,6304,7192,7712,7736,7768,7688,7504,7352
0072,2010-01-03T00:00:00Z,7264,7264,7424,7544,7735,7904,8264,8560,8784,8168,7440,6991,6408,6096,5993,6223,6704,7240,7817,7879,8040,7640,7304,7104
0072,2010-01-04T00:00:00Z,6991,6912,7008,7064,7304,7864,8504,8560,8096,7152,6511,5897,5407,5064,4937,4999,5489,6784,7480,7632,7656,7520,6968,6655
0072,2010-01-05T00:00:00Z,6648,6833,6936,6895,7001,7375,8040,7649,7008,6528,6007,5705,5359,5000,4848,4840,5424,6536,7296,7488,7560,7368,6848,6535
0072,2010-01-06T00:00:00Z,6329,6480,6456,6648,6984,7528,8296,8096,7464,6512,5832,5352,5008,4720,4560,4712,5392,6368,7088,7207,7193,7063,6689,6415
0072,2010-01-07T00:00:00Z,6233,6384,6616,6872,7255,7928,8808,8560,8024,6960,5888,5215,4760,4264,3984,4304,4808,5560,6040,6096,6192,5873,5239,4793
0072,2010-01-08T00:00:00Z,4512,4488,4495,4625,4927,5648,6360,6784,6872,6496,6312,5945,5752,5440,5321,5512,6048,7072,7721,8023,7944,7889,7704,7560
0072,2010-01-09T00:00:00Z,7456,7520,7648,7792,8081,8400,8695,9104,9032,8280,7327,6521,6031,5552,5416,5304,5816,6656,7144,7168,7289,7255,6824,6744
0072,2010-01-10T00:00:00Z,6672,6600,6688,6881,7048,7424,7704,8263,8681,7879,6920,6080,5656,5360,5104,4848,5240,5935,6800,7008,7280,7152,6799,6608
0072,2010-01-11T00:00:00Z,6632,6864,7063,7376,7840,8640,9512,9184,8633,7552,6336,5616,5032,4568,4280,4576,5088,5800,6456,6464,6336,6072,5568,5056
0072,2010-01-12T00:00:00Z,4784,4736,4800,4951,5232,5753,6424,6208,5760,5496,5136,5033,4704,4440,4176,4320,4831,5936,6672,6880,7049,6871,6473,6079
0072,2010-01-13T00:00:00Z,5936,6168,6312,6504,6824,7495,8288,8224,7520,6512,5592,4816,4168,3776,3432,3544,3896,4864,5912,5936,6288,6376,5864,5503
0072,2010-01-14T00:00:00Z,5376,5424,5528,5664,6032,6744,7464,7320,6751,5976,4992,4176,3545,3103,2904,2976,3360,3992,4944,5280,5448,5312,5071,4848
0072,2010-01-15T00:00:00Z,4800,4896,5024,5240,5640,6192,6991,6872,6328,5384,4552,3720,3296,2952,2728,2633,2880,3480,4279,4361,4495,4697,4591,4440
0072,2010-01-16T00:00:00Z,4328,4344,4480,4656,4865,5104,5464,5760,6024,5864,5408,4687,4056,3696,3593,3688,3832,4193,4600,4600,4496,4328,4087,3824
0072,2010-01-17T00:00:00Z,3528,3408,3448,3440,3520,3680,3768,4136,4704,5095,4712,4520,4528,4520,4480,4456,4592,4784,5064,4951,4793,4504,4248,3928
0072,2010-01-18T00:00:00Z,3560,3464,3432,3607,3744,4272,4560,4488,4616,4352,3895,3528,3281,2944,2736,2744,2920,3496,4320,4505,4567,4472,4136,3895
0072,2010-01-19T00:00:00Z,3824,3976,4145,4255,4440,5136,5784,5609,5016,4320,3552,3096,2719,2576,2368,2408,2728,3377,4056,4279,4304,4208,3775,3504
0072,2010-01-20T00:00:00Z,3344,3360,3472,3593,3808,4232,4824,4615,4136,4104,3880,3432,3104,3080,3120,3295,3809,4312,4840,4865,4680,4560,4128,3712
0072,2010-01-21T00:00:00Z,3632,3664,3800,4072,4288,4904,5656,5496,5273,5335,5424,5352,5360,5448,5480,5671,6168,6504,6848,6832,6584,6160,5576,5120
0072,2010-01-22T00:00:00Z,4936,4864,4769,4792,4864,5352,5880,5616,5192,5000,4872,4744,4512,4352,4224,4375,4640,4872,5192,5104,5024,4831,4488,4224
0072,2010-01-23T00:00:00Z,4001,3912,3967,3920,4000,4160,4352,4663,4896,4824,4481,4111,3905,3720,3456,3624,4032,4456,4832,4944,5071,5016,4832,4584
0072,2010-01-24T00:00:00Z,4432,4248,4097,4056,4104,4159,4416,4824,5352,5681,5359,5208,5249,5095,5072,5064,5104,5369,5472,5248,4944,4328,3760,3024
0072,2010-01-25T00:00:00Z,2664,2440,2288,2128,2249,2616,2992,3056,3136,3104,3055,2921,2728,2608,2568,2633,2872,3560,4168,4432,4616,4624,4320,3944
0072,2010-01-26T00:00:00Z,3800,3792,3919,4088,4384,5009,5872,5672,5119,4584,4145,3816,3744,3504,3511,3617,3991,4896,5712,5904,5760,5664,5096,4624
0072,2010-01-27T00:00:00Z,4385,4368,4488,4615,5024,5704,6569,6192,5671,5256,4889,4351,4025,3895,3761,3816,4303,4769,5568,5800,5864,5904,5448,5152
0072,2010-01-28T00:00:00Z,4976,4951,4872,4760,4936,5513,6240,6000,5560,4848,4080,3616,3209,2863,2648,2672,2896,3464,4392,4663,4952,4784,4423,4121
0072,2010-01-29T00:00:00Z,3943,3872,3912,4016,4384,5024,5776,5816,5296,4808,4296,4015,3977,4159,4193,4447,4680,5297,5848,5904,5960,5832,5671,5513
0072,2010-01-30T00:00:00Z,5296,5296,5489,5736,5872,6016,6408,6816,7337,7783,7968,7952,7904,7848,7591,7560,7800,8016,8376,8136,7760,7464,6968,6696
0072,2010-01-31T00:00:00Z,6511,6600,6776,7000,7448,7704,8088,8400,8520,7704,6800,6031,5456,5064,4704,4640,4783,5528,6416,6544,6440,6295,6032,5784
0072,2010-02-01T00:00:00Z,5720,5760,5959,6065,6376,6872,7144,7376,7312,6552,5760,5000,4504,4168,3953,3823,4136,4968,5848,5993,6072,5712,5440,5208
0072,2010-02-02T00:00:00Z,5208,5200,5184,5168,5288,5623,5832,5888,6000,5984,5808,5680,5600,5544,5383,5537,5815,6192,6704,6616,6257,6103,5513,5191
0072,2010-02-03T00:00:00Z,5016,5000,4960,5120,5296,5849,6127,6192,6017,5248,4752,4192,3720,3416,3320,3223,3528,4208,5280,5672,5664,5776,5480,5080
0072,2010-02-04T00:00:00Z,4904,4944,5047,5168,5528,6127,6569,6664,6472,5705,4848,4192,4040,4080,4087,4304,4592,4855,5633,5815,5873,5608,5216,4735
0072,2010-02-05T00:00:00Z,4520,4632,4704,4816,5064,5393,5616,5784,6103,6233,6424,6200,5767,5792,5592,4728,4528,4817,5760,4039,2664,2888,2816,5448
0072,2010-02-06T00:00:00Z,4399,3992,3720,3336,3048,4128,5336,5080,5368,5336,5304,5368,5184,5201,5128,5272,5504,5816,6096,6120,6024,5767,5568,5256
0072,2010-02-07T00:00:00Z,5009,4920,5128,5120,5167,5513,5824,6184,6569,6088,5416,4968,4752,4544,4240,4056,4248,4856,5688,5912,6175,6104,6080,5671
0072,2010-02-08T00:00:00Z,5496,5528,5560,5672,5768,6151,6600,6600,6528,5801,5248,5016,4744,4272,3960,4056,4361,4888,5824,6281,6256,6024,5584,5072
0072,2010-02-09T00:00:00Z,4832,4680,4704,4744,4968,5440,6152,6048,5600,5392,5208,5024,4896,4936,5016,5200,5609,5935,6360,6456,6416,6216,5664,5224
0072,2010-02-10T00:00:00Z,4896,4817,4792,4952,5832,6880,7552,7512,7217,6624,6360,5944,5560,5256,5112,5321,6103,6392,7240,7280,7176,6904,6416,5896
0072,2010-02-11T00:00:00Z,5657,5592,5640,5671,5936,6448,7200,6888,6305,5479,5033,4576,4152,3840,3624,3656,4207,5033,6016,6408,6584,6520,6168,5784
0072,2010-02-12T00:00:00Z,5664,5560,5609,5791,6080,6736,7448,7280,6816,6256,5584,4952,4576,4481,4600,4872,5104,5576,6048,6016,5952,5840,5576,5191
0072,2010-02-13T00:00:00Z,5000,5080,5216,5328,5536,5672,5888,6168,6376,6088,5681,5095,4697,4416,4144,4168,4392,4952,5776,6120,6264,6281,6079,5945
0072,2010-02-14T00:00:00Z,5839,5736,5753,5896,6120,6440,6751,7104,7400,6752,5728,4968,4656,4320,4008,3960,3928,4320,5112,5648,6008,5815,5568,5192
0072,2010-02-15T00:00:00Z,5008,4968,5081,5200,5432,6064,6816,6512,6079,5801,5743,5729,5344,5016,4888,4769,4687,5264,6064,6401,6679,6512,5864,5592
0072,2010-02-16T00:00:00Z,5320,5392,5657,5743,6113,6640,7408,7200,6704,5992,5496,5168,4984,4656,4400,4488,4944,5568,6600,7000,7016,6768,6232,5825
0072,2010-02-17T00:00:00Z,5640,5664,5767,5921,6192,6784,7544,7360,6488,5592,4944,4759,4800,4736,4712,4855,5424,5736,6464,6672,6680,6583,5873,5328
0072,2010-02-18T00:00:00Z,5112,4999,5168,5328,5624,6208,6976,6632,5696,5023,4553,4000,3712,3416,3192,3232,3504,4128,5177,5784,6024,5872,5488,5144
0072,2010-02-19T00:00:00Z,5016,4984,5129,5311,5688,6392,7128,6776,5887,5057,4399,3881,3463,3144,2880,2825,3048,3408,4384,4760,5088,5224,5112,4912
0072,2010-02-20T00:00:00Z,4937,5056,5200,5304,5568,5873,6232,6608,6376,5480,4528,4088,3655,3368,3120,3056,3223,3408,4032,4352,4496,4663,4577,4519
0072,2010-02-21T00:00:00Z,4344,4457,4576,4752,4992,5352,5600,6232,6192,5408,4336,3624,3328,3104,2928,2848,2904,3120,3648,4289,4327,4217,3976,3752
0072,2010-02-22T00:00:00Z,3600,3616,3776,3936,4200,4752,5400,5104,4648,4625,4480,4408,4056,4032,3857,3840,4111,4481,5016,5184,5152,4872,4400,3919
0072,2010-02-23T00:00:00Z,3672,3617,3592,3648,3888,4352,4999,4848,4241,3720,3240,2872,2680,2633,2736,2896,3272,3696,4368,4776,4735,4472,4152,3656
0072,2010-02-24T00:00:00Z,3424,3352,3392,3496,3761,4240,5008,4752,4488,4560,4704,4872,4865,4759,4616,4656,5016,5464,5744,5904,5768,5520,5200,4848
0072,2010-02-25T00:00:00Z,4632,4648,4712,4776,5056,5552,6288,6104,5808,5344,4800,4384,4112,3912,3984,4088,4440,5143,6281,6720,6847,6648,6216,5768
0072,2010-02-26T00:00:00Z,5496,5472,5544,5608,5832,6329,6928,6680,5959,5441,5008,4608,4256,3864,3672,3688,3920,4264,5008,5336,5424,5424,5224,4865
0072,2010-02-27T00:00:00Z,4584,4519,4448,4432,4536,4712,4912,5352,5576,5664,5648,5392,4832,4320,4152,4032,4216,4600,5153,5608,5768,5592,5248,4944
0072,2010-02-28T00:00:00Z,4600,4448,4496,4632,4927,5177,5344,5848,5856,5456,4752,4240,4104,4016,4016,3888,3984,4303,5064,5489,5512,5376,4968,4608
0072,2010-03-01T00:00:00Z,4448,4543,4736,5032,5408,6104,6976,6760,5744,4864,4112,3632,3232,2960,2839,2952,3432,3912,4841,5176,5264,4912,4528,4152
0072,2010-03-02T00:00:00Z,4049,4000,4048,4200,4433,5008,5712,5496,4976,4759,4664,4576,4584,4856,5144,5344,5904,6400,6689,6792,6559,6089,5647,5040
0072,2010-03-03T00:00:00Z,4872,4712,4816,4808,5096,5479,5856,5928,5744,5336,5016,4848,4528,4344,4272,4232,4512,4944,5592,5983,6041,5872,5464,5048
0072,2010-03-04T00:00:00Z,4840,4856,4784,4704,4927,5408,6096,6008,5088,4519,3977,3672,3432,3160,2936,3007,3192,3833,4711,5441,5656,5648,5248,4928
0072,2010-03-05T00:00:00Z,4720,4776,4976,5047,5408,6048,6696,6432,5496,4680,4224,3800,3496,3120,2896,2849,3144,3583,4376,4912,4985,5071,4848,4601
0072,2010-03-06T00:00:00Z,4480,4472,4632,4888,5128,5513,5736,6096,5695,5136,4409,3856,3512,3112,2912,2863,2928,3128,3656,4312,4416,4608,4480,4361
0072,2010-03-07T00:00:00Z,4432,4504,4649,4912,5096,5496,5872,6392,6055,5256,4232,3560,3199,3152,2872,2753,2752,3008,3504,4128,4224,4183,3872,3664
0072,2010-03-08T00:00:00Z,3713,3823,4016,4160,4288,4720,5297,5040,4288,3464,3007,2696,2464,2369,2256,2191,2400,2640,3240,3752,3872,3768,3336,3096
0072,2010-03-09T00:00:00Z,3007,3104,3256,3545,3943,4616,5416,5232,4208,3408,2888,2527,2273,2119,1985,2047,2328,2561,3016,3632,3528,3456,2983,2504
0072,2010-03-10T00:00:00Z,2184,2144,2160,2224,2400,2936,3607,3504,3144,2849,2527,2393,2184,2128,2184,2240,2544,2976,3343,3768,3680,3456,3032,2599
0072,2010-03-11T00:00:00Z,2345,2272,2256,2304,2456,2904,3520,3416,3064,2920,2753,2416,2352,2288,2248,2344,2736,3128,3640,3848,3704,3439,2912,2384
0072,2010-03-12T00:00:00Z,2176,2088,2056,2024,2160,2568,3128,3007,2681,2599,2585,2431,2321,2280,2152,2312,2472,2760,3175,3144,3128,2944,2744,2432
0072,2010-03-13T00:00:00Z,2136,2071,2040,2064,2136,2360,2520,2816,3088,3064,2936,2848,2777,2680,2624,2560,2984,3199,3416,3656,3624,3559,3161,2920
0072,2010-03-14T00:00:00Z,2704,NA,2609,2568,2584,2744,3000,3304,3920,3960,3528,3112,2992,2856,2832,2712,2744,2992,3176,3568,3912,3912,3704,3248
0072,2010-03-15T00:00:00Z,2928,2791,2768,2816,3016,3544,4272,4152,3704,3192,2880,2856,2688,2464,2376,2376,2609,2944,3520,3944,4296,4192,3696,3216
0072,2010-03-16T00:00:00Z,2928,2777,2776,2768,2976,3400,4064,3904,3608,3504,3432,3256,3016,2744,2712,2792,2976,3264,3535,3936,4337,4128,3784,3296
0072,2010-03-17T00:00:00Z,3103,3152,3304,3456,3816,4457,5287,5232,4568,3864,3152,2719,2424,2264,2184,2184,2384,2719,2960,3240,3768,3760,3368,2888
0072,2010-03-18T00:00:00Z,2608,2504,2544,2599,2801,3391,4128,3992,3632,3312,3048,2695,2393,2224,2088,2056,2201,2328,2575,2960,3640,3497,3160,2696
0072,2010-03-19T00:00:00Z,2455,2480,2584,2744,3008,3679,4520,4400,4048,3440,2832,2496,2256,2119,2064,2136,2184,2321,2431,2552,3104,3055,2801,2464
0072,2010-03-20T00:00:00Z,2200,2129,2200,2328,2488,2897,3271,3800,4072,3768,3216,2873,2664,2496,2431,2489,2568,2599,2600,2680,3096,3041,2784,2472
0072,2010-03-21T00:00:00Z,2056,1904,1864,1888,1952,2136,2368,2681,3424,3496,3113,2719,2672,2640,2664,2544,2656,2960,3064,3320,3552,3384,2856,2392
0072,2010-03-22T00:00:00Z,2000,1896,1800,1800,1912,2201,2839,2808,2561,2527,2432,2344,2249,2200,2192,2296,2544,2952,3432,3936,4376,4144,3680,3295
0072,2010-03-23T00:00:00Z,3137,3088,3120,3240,3424,3944,4656,4440,4112,3912,3703,3473,3136,2800,2520,2441,2647,2832,3041,3408,4048,3960,3616,3216
0072,2010-03-24T00:00:00Z,3008,2960,2968,3104,3288,3840,4624,4328,3672,3199,2744,2480,2256,2112,2056,2120,2328,2520,2592,2815,3368,3328,2816,2368
0072,2010-03-25T00:00:00Z,2057,1903,1913,1992,2208,2800,3632,3511,3200,2928,2720,2560,2400,2216,2160,2224,2480,2719,2888,3184,3648,3464,3048,2544
0072,2010-03-26T00:00:00Z,2192,2088,2056,2000,2143,2585,3240,3048,2784,2520,2400,2328,2200,2216,2304,2536,2904,3192,3584,3880,4192,4056,3824,3576
0072,2010-03-27T00:00:00Z,3480,3592,3776,4000,4176,4592,4944,5392,5448,4880,4304,3864,3496,3168,2808,2768,2688,2767,2864,3120,3712,3848,3736,3536
0072,2010-03-28T00:00:00Z,3368,3223,3248,3288,3320,3424,3632,3952,4648,4817,4440,4080,4176,4200,4248,4207,4193,4303,4193,4240,4040,3832,3584,3184
0072,2010-03-29T00:00:00Z,2944,2816,2776,2760,2864,3216,3608,3600,3487,3480,3272,2992,2624,2480,2431,2408,2640,2928,2968,3209,3751,3641,3247,2816
0072,2010-03-30T00:00:00Z,2568,2480,2496,2503,2681,3160,3600,3592,3185,2976,2736,2551,2369,2280,2191,2177,2352,2479,2592,2840,3408,3344,3079,2648
0072,2010-03-31T00:00:00Z,2400,2400,2408,2455,2768,3192,3672,3768,3328,2945,2632,2432,2320,2192,2143,2240,2448,2712,2744,2704,3288,3232,2897,2424
0072,2010-04-01T00:00:00Z,2056,1848,1824,1888,2057,2527,2984,3064,2904,2681,2407,2256,2225,2160,2280,2407,2568,2840,2904,2920,3320,3224,2872,2384
0072,2010-04-02T00:00:00Z,1999,1832,1736,1672,1752,1960,2184,2417,2640,2640,2560,2568,2600,2680,2840,3127,3377,3559,3545,3408,3664,3512,3064,2576
0072,2010-04-03T00:00:00Z,2200,1856,1752,1687,1697,1768,1912,2064,2448,2640,2648,2712,2768,2880,3024,3079,3113,3208,3128,3112,3552,3416,3160,2688
0072,2010-04-04T00:00:00Z,2224,1937,1768,1696,1704,1824,1913,2088,2680,3096,2944,2904,3008,3224,3367,3528,3552,3617,3504,3391,3809,3576,3040,2432
0072,2010-04-05T00:00:00Z,1968,1800,1687,1632,1736,1976,2503,2312,2184,2184,2272,2424,2648,2856,3032,3504,3967,4217,4279,2369,2455,2240,1872,1512
0072,2010-04-06T00:00:00Z,1304,2440,1904,1783,1832,2120,2584,2488,2208,2304,2480,2712,3032,3304,3656,3976,4408,4601,4576,4368,4696,4368,3689,2880
0072,2010-04-07T00:00:00Z,2335,2064,1889,1792,1808,2128,2640,2440,2201,2232,2376,2656,2984,3280,3576,3800,4087,4169,4096,3872,4351,4136,3424,2729
0072,2010-04-08T00:00:00Z,2232,1968,1831,1736,1784,2104,2568,2448,2232,2232,2424,2512,2561,2536,2504,2560,2712,2832,2888,3000,3160,3184,2648,2184
0072,2010-04-09T00:00:00Z,1912,1745,1639,1616,1680,2096,2736,2632,2392,2360,2376,2256,2112,2016,2000,2080,2264,2352,2431,2456,3072,3088,2864,2512
0072,2010-04-10T00:00:00Z,2352,2208,2208,2192,2392,2760,3008,3408,3552,3392,3088,2696,2575,2465,2479,2480,2648,2800,2664,2632,3161,3120,2832,2496
0072,2010-04-11T00:00:00Z,2239,2088,2120,2256,2312,2536,2832,3408,3744,3488,2983,2624,2584,2633,2592,2688,2856,3055,3065,3000,3544,3432,2896,2345
0072,2010-04-12T00:00:00Z,1951,1800,1721,1728,1864,2312,2992,2976,2504,2280,2224,2160,2176,2177,2272,2464,2688,3048,3000,3008,3528,3424,2888,2296
0072,2010-04-13T00:00:00Z,1872,1736,1664,1680,1776,2224,2896,2720,2384,2184,2112,2064,2080,2120,2280,2584,2808,3024,3096,3120,3600,3400,2840,2264
0072,2010-04-14T00:00:00Z,1912,1744,1697,1704,1855,2304,2945,2800,2480,2407,2465,2328,2320,2368,2232,2400,2657,3000,3240,3295,3768,3665,3199,2657
0072,2010-04-15T00:00:00Z,2368,2296,2280,2328,2528,3088,3728,3528,2904,2520,2264,2080,2024,2119,2160,2376,2648,2952,3032,3096,3544,3448,2984,2368
0072,2010-04-16T00:00:00Z,1976,1776,1672,1640,1736,2112,2704,2560,2256,2177,2208,2263,2456,2616,2768,2968,3184,3480,3456,3168,3480,3449,3016,2560
0072,2010-04-17T00:00:00Z,2144,1880,1735,1656,1664,1768,1856,1992,2320,2537,2575,2600,2688,2728,2897,3000,3112,3184,2936,2768,3112,3136,2784,2360
0072,2010-04-18T00:00:00Z,2096,1888,1816,1793,1879,2057,2200,2784,3304,3281,2935,2633,2544,2544,2448,2496,2551,2777,2767,2897,3295,3377,2824,2384
0072,2010-04-19T00:00:00Z,2104,2032,2081,2160,2311,2921,3688,3600,3072,2648,2344,2280,2168,2104,2072,2152,2440,2688,2816,2896,3521,3376,2744,2232
0072,2010-04-20T00:00:00Z,1984,1896,1856,1920,2047,2600,3280,3104,2648,2440,2216,2088,1999,1968,2096,2280,2408,2544,2856,3072,3336,3271,2744,2200
0072,2010-04-21T00:00:00Z,1896,1793,1720,1744,1856,2232,2824,2616,2417,2344,2320,2112,2048,2040,1992,2064,2312,2575,2672,2704,3248,3272,2776,2240
0072,2010-04-22T00:00:00Z,1927,1800,1784,1864,1976,2544,3120,3096,2600,2431,2177,2032,2000,2023,2096,2320,2568,2753,2872,2824,3344,3368,2872,2304
0072,2010-04-23T00:00:00Z,1920,1760,1744,1728,1848,2272,2873,2752,2328,2232,2208,2136,2160,2064,2064,2144,2383,2456,2408,2512,2912,2983,2720,2376
0072,2010-04-24T00:00:00Z,2048,1816,1744,1704,1776,1904,1976,2232,2503,2720,2584,2520,2496,2585,2616,2664,2839,2808,2784,2808,3041,2952,2616,2311
0072,2010-04-25T00:00:00Z,1985,1807,1721,1656,1656,1711,1832,2016,2544,2888,2760,2608,2688,2864,2832,2944,3024,3368,3424,3400,3600,3593,3007,2465
0072,2010-04-26T00:00:00Z,2008,1824,1672,1656,1736,2032,2513,2352,2152,2240,2184,2272,2336,2304,2232,2311,2592,2832,2936,3040,3432,3288,2777,2239
0072,2010-04-27T00:00:00Z,1913,1776,1687,1688,1800,2208,2712,2664,2288,2176,2144,2032,2056,2072,2112,2120,2328,2551,2792,2848,3504,3320,2904,2400
0072,2010-04-28T00:00:00Z,2128,2064,2072,2160,2336,2920,3712,3528,2928,2592,2456,2272,2168,2032,1952,2040,2304,2608,2681,2824,3208,3497,3024,2527
0072,2010-04-29T00:00:00Z,2249,2256,2304,2407,2616,3264,3920,3720,3032,2584,2280,2152,2057,2040,2008,2176,2336,2584,2688,2808,3224,3352,2873,2320
0072,2010-04-30T00:00:00Z,1952,1783,1784,1768,1928,2400,2912,2808,2407,2288,2224,2153,2128,2288,2383,2672,2944,3185,3175,3072,3272,3360,2984,2488
0072,2010-05-01T00:00:00Z,2072,1872,1759,1664,1680,1848,1832,2047,2369,2623,2792,3064,3257,3408,3528,3784,4048,4241,4111,3848,3952,4001,3496,3024
0072,2010-05-02T00:00:00Z,2672,2335,2201,2071,2040,2120,2096,2440,3224,3631,3864,3936,4097,4368,4632,4975,5160,5225,5056,4936,5216,5088,4552,3785
0072,2010-05-03T00:00:00Z,3144,2752,2552,2440,2416,2633,3072,2856,2695,2664,2744,2672,2680,2608,2657,2736,3040,3320,3528,3624,3880,3912,3424,2840
0072,2010-05-04T00:00:00Z,2360,2167,2000,1912,1937,2232,2712,2560,2456,2623,2945,3040,3168,3456,3744,4072,4448,4584,4504,4337,4360,4320,3536,2728
0072,2010-05-05T00:00:00Z,2208,1904,1807,1704,1776,2088,2513,2344,2216,2232,2431,2616,2897,3280,3616,3968,4440,4720,4640,4312,4337,4279,3680,2792
0072,2010-05-06T00:00:00Z,2311,2016,1832,1760,1800,2104,2512,2432,2208,2328,2608,2984,3312,3736,4001,4399,4784,4984,4992,4745,4687,4649,3751,2904
0072,2010-05-07T00:00:00Z,2369,2016,1872,1768,1816,2081,2440,2352,2136,2280,2440,2657,2976,3271,3593,3991,4464,4688,4680,4288,4200,4184,3816,3240
0072,2010-05-08T00:00:00Z,2768,2416,2224,2153,2136,2232,2232,2496,2887,3272,3712,3896,3880,3785,3823,4032,4184,4192,3720,3281,3240,3415,2993,2551
0072,2010-05-09T00:00:00Z,2192,1960,1800,1736,1720,1800,1817,2280,2848,3056,2808,2560,2536,2456,2496,2576,2671,2808,2832,2712,3128,3264,2864,2376
0072,2010-05-10T00:00:00Z,2023,1856,1848,1888,2000,2544,3128,3112,2680,2496,2297,2263,2208,2144,2072,2128,2360,2632,2816,2896,3320,3352,2824,2280
0072,2010-05-11T00:00:00Z,1968,1856,1768,1760,1848,2288,2719,2528,2344,2328,2400,2384,2256,2176,2201,2280,2424,2640,2872,2984,3408,3288,2896,2320
0072,2010-05-12T00:00:00Z,1976,1824,1736,1735,1808,2168,2616,2488,2208,2088,2120,2256,2392,2616,2824,2864,3152,3504,3751,3720,3848,4080,3560,2736
0072,2010-05-13T00:00:00Z,2215,1985,1800,1768,1800,2080,2417,2400,2167,2160,2201,2208,2208,2095,2136,2273,2608,2832,2992,2969,3367,3504,3000,2408
0072,2010-05-14T00:00:00Z,1984,1800,1697,1656,1711,2033,2424,2416,2168,2280,2455,2729,3280,3720,4136,4576,4944,5000,4783,4433,4488,4360,3800,3024
0072,2010-05-15T00:00:00Z,2551,2273,2056,1944,1888,1937,1960,2144,2623,3113,3520,3816,4264,4697,4944,5280,5527,5472,5129,4752,4672,4496,3952,3336
0072,2010-05-16T00:00:00Z,2824,2448,2208,2016,1961,1975,1896,2225,2863,3168,3200,3016,3120,3233,3384,3720,3943,4136,3992,3976,4120,3977,3223,2657
0072,2010-05-17T00:00:00Z,2184,1975,1856,1776,1832,2080,2464,2304,2160,2232,2369,2311,2393,2239,2201,2311,2537,2896,3112,3185,3367,3257,2800,2312
0072,2010-05-18T00:00:00Z,2071,1896,1841,1800,1872,2232,2680,2576,2359,2369,2311,2273,2184,2080,2000,2167,2456,2672,2800,2936,3199,3368,2848,2304
0072,2010-05-19T00:00:00Z,1961,1792,1712,1711,1817,2152,2544,2456,2184,2071,2033,2128,2176,2144,2280,2408,2695,2880,2984,2984,3216,3360,2880,2352
0072,2010-05-20T00:00:00Z,1920,1783,1656,1625,1687,2057,2407,2352,2120,2160,2280,2408,2496,2656,2888,3168,3520,3792,3752,3559,3696,3792,3200,2488
0072,2010-05-21T00:00:00Z,2033,1792,1704,1656,1720,2048,2368,2360,2136,2160,2192,2400,2608,2840,2935,3056,3240,3360,3304,3128,3272,3408,3144,2592
0072,2010-05-22T00:00:00Z,2200,1960,1832,1736,1720,1808,1816,2080,2417,2719,2984,3056,3024,3168,3288,3352,3352,3312,3344,3216,3248,3415,3113,2704
0072,2010-05-23T00:00:00Z,2336,2032,1904,1848,1783,1841,1807,2144,2736,3136,3401,3504,3768,3832,3920,4080,4183,4112,4152,3960,3912,4008,3456,2712
0072,2010-05-24T00:00:00Z,2200,1976,1824,1768,1880,2136,2392,2312,2184,2248,2264,2448,2576,2728,2888,3048,3408,3688,3720,3536,3648,3664,3184,2624
0072,2010-05-25T00:00:00Z,2176,1937,1864,1792,1856,2192,2551,2465,2232,2296,2360,2512,2568,2712,2960,3288,3544,3696,3712,3696,3720,3833,3367,2672
0072,2010-05-26T00:00:00Z,2168,1903,1776,1752,1784,2056,2456,2368,2208,2376,2648,2928,3216,3432,3568,3912,4361,4711,4584,4320,4232,4216,3608,2856
0072,2010-05-27T00:00:00Z,2328,2048,1872,1792,1824,2080,2480,2488,2321,2584,3000,3472,3872,4120,4376,4728,5200,5528,5528,5128,5032,5072,4376,3463
0072,2010-05-28T00:00:00Z,2808,2424,2225,2071,2024,2264,2503,2600,2480,2584,2928,3320,3688,4104,4520,4759,5048,5096,4752,4471,4265,3480,3343,2928
0072,2010-05-29T00:00:00Z,2513,2215,2033,1912,1848,1888,1832,2128,2568,3008,3288,3624,3880,4160,4360,4529,4855,4976,4816,4488,4169,4255,3809,3240
0072,2010-05-30T00:00:00Z,2688,2383,2160,2016,1928,1928,1840,2248,2945,3583,3872,4072,4400,4696,4961,5191,5432,5440,5201,4944,4687,4536,3960,3320
0072,2010-05-31T00:00:00Z,2848,2456,2224,2081,2040,1992,1944,2160,2680,3304,3881,4200,4576,4424,3984,3720,3823,4097,4039,4016,4072,4280,3600,2976
0072,2010-06-01T00:00:00Z,2432,2167,2009,1927,2016,2256,2657,2592,2472,2656,2944,3320,3752,4008,4351,4736,5000,4696,4504,4385,4344,4392,3847,3168
0072,2010-06-02T00:00:00Z,2568,2264,2088,1976,1999,2216,2576,2520,2479,2777,3208,3688,4152,4457,4696,4984,5280,5256,4832,4472,4464,4536,3880,3088
0072,2010-06-03T00:00:00Z,2585,2280,2064,1999,2009,2224,2600,2632,2392,2544,2880,3368,3896,4344,4816,5120,4536,4351,4256,4224,4264,4505,3912,3160
0072,2010-06-04T00:00:00Z,2616,2296,2120,2008,2033,2256,2536,2544,2584,2744,3144,3696,4040,4368,4656,4816,5032,5033,4984,4808,4648,4768,4424,3752
0072,2010-06-05T00:00:00Z,3184,2832,2568,2384,2280,2280,2200,2496,3176,3744,4303,4832,5232,5608,5880,5984,6184,6192,6065,5736,5376,5455,4928,4248
0072,2010-06-06T00:00:00Z,3600,3096,2824,2585,2431,2376,2256,2825,3624,4408,4728,4944,5136,5440,5576,5792,6079,5873,5496,4960,4704,4704,4024,3288
0072,2010-06-07T00:00:00Z,2672,2288,2080,1928,1975,2153,2464,2384,2335,2496,2768,3040,3320,3504,3696,4048,4248,4536,4505,4351,4136,4192,3536,2808
0072,2010-06-08T00:00:00Z,2304,2024,1872,1800,1831,2096,2400,2360,2239,2369,2664,2896,3192,3440,3703,4073,4464,4672,4616,4408,4328,4360,3728,3000
0072,2010-06-09T00:00:00Z,2551,2225,2088,1975,2033,2248,2576,2520,2376,2368,2376,2528,2695,2720,2752,3216,3552,4056,4352,4376,4423,4632,4080,3377
0072,2010-06-10T00:00:00Z,2856,2544,2376,2200,2216,2400,2736,2815,2952,3401,3864,4200,4512,4824,4999,5393,5743,5976,5936,5648,5392,5472,4680,3720
0072,2010-06-11T00:00:00Z,2976,2496,2224,2009,2040,2191,2408,2472,2544,2840,3328,3816,4192,4584,4904,5200,5600,5784,5592,5200,4896,4865,4344,3640
0072,2010-06-12T00:00:00Z,3040,2640,2376,2201,2136,2136,2104,2488,3161,3751,4352,4952,5568,5896,5232,4664,4656,4504,4320,4192,4145,4375,4049,3487
0072,2010-06-13T00:00:00Z,2993,2695,2537,2440,2368,2345,2272,2704,3624,4488,4961,5136,5527,5945,5736,5080,4992,5088,5088,4936,4745,4912,4376,3616
0072,2010-06-14T00:00:00Z,2984,2647,2448,2297,2304,2424,2695,2784,2945,3463,4016,4544,5071,5081,5719,5441,5704,5688,5296,4913,4624,4616,3943,3233
0072,2010-06-15T00:00:00Z,2752,2440,2232,2112,2105,2311,2600,2624,2776,3160,3824,4368,4864,5273,5608,5880,6024,5792,4944,4744,4608,4664,4000,3256
0072,2010-06-16T00:00:00Z,2736,2400,2256,2168,2152,2345,2551,2616,2720,3000,3440,4024,4608,5104,5417,5296,5328,5568,4912,4457,4168,4296,3856,3192
0072,2010-06-17T00:00:00Z,2712,2424,2232,2112,2129,2232,2407,2544,2744,3136,3593,4144,4488,4880,5160,5424,5743,5952,5705,5383,5105,4951,4409,3552
0072,2010-06-18T00:00:00Z,2911,2417,2191,2072,2032,2216,2336,2472,2560,2896,3360,3720,4097,4495,4808,5112,5416,5465,5424,5071,4592,4624,4184,3520
0072,2010-06-19T00:00:00Z,2912,2504,2296,2128,2081,2056,2008,2321,2872,3472,4080,4544,5064,5544,5752,6041,6264,6343,6120,5864,5432,5424,4960,4216
0072,2010-06-20T00:00:00Z,3569,3103,2808,2552,2440,2369,2287,2712,3488,4280,4800,5095,5417,5647,5873,6024,6199,6216,6089,5688,5304,5352,4656,3751
0072,2010-06-21T00:00:00Z,3104,2656,2369,2224,2160,2272,2360,2536,2681,3199,3872,4448,4944,5287,5600,5872,6144,6344,6248,6103,5784,5705,4999,4136
0072,2010-06-22T00:00:00Z,3408,2976,2656,2480,2384,2560,2648,2767,2904,3264,3608,4200,4800,5320,5792,6112,6521,6696,6655,6360,6000,5960,5240,4368
0072,2010-06-23T00:00:00Z,3736,3328,3041,2824,2656,2729,2752,2920,3216,3737,4432,5176,5672,5848,5417,4992,5383,5784,5976,5705,5344,5352,4816,3960
0072,2010-06-24T00:00:00Z,3296,2928,2712,2536,2465,2632,2728,2912,3208,3696,4448,5016,5544,5928,6176,6400,6680,6784,6664,6096,5544,5441,4816,4128
0072,2010-06-25T00:00:00Z,3496,3056,2784,2616,2488,2624,2776,2849,3184,3616,4136,4680,5144,5455,5681,5959,6209,6439,6288,5960,5568,5448,4960,4304
0072,2010-06-26T00:00:00Z,3656,3288,3007,2801,2704,2656,2544,2864,3512,4104,4879,5513,5880,6208,6408,6648,6760,6752,6552,6288,5920,5760,5184,4424
0072,2010-06-27T00:00:00Z,3760,3233,2944,2696,2568,2512,2424,2816,3648,4528,5120,5608,6064,6488,6704,7015,7040,7136,6880,6624,6312,6200,5712,4864
0072,2010-06-28T00:00:00Z,4120,3665,3295,3041,2976,3031,2952,3161,3544,3960,4520,5215,5696,6040,6305,6592,6832,6960,6984,6512,5752,5537,4864,4072
0072,2010-06-29T00:00:00Z,3473,3064,2792,2616,2560,2728,2736,2888,3104,3415,3929,4231,4721,5176,5512,5864,6160,6360,6272,5904,5440,5312,4664,3799
0072,2010-06-30T00:00:00Z,3161,2791,2520,2352,2312,2488,2600,2616,2616,2864,3127,3408,3632,3808,4049,4120,4408,4745,4872,4696,4448,4480,4032,3240
0072,2010-07-01T00:00:00Z,2728,2345,2143,2048,2056,2216,2352,2376,2496,2744,2911,3185,3504,3816,4048,4432,4712,4960,4961,4560,4224,4296,3768,3079
0072,2010-07-02T00:00:00Z,2489,2176,1992,1896,1888,2009,2040,2152,2328,2520,2840,3064,3296,3624,3952,4288,4608,4769,4663,4296,3720,3776,3512,2863
0072,2010-07-03T00:00:00Z,2441,2104,1944,1856,1816,1808,1744,1928,2304,2664,2952,3448,3768,4080,4496,4831,5192,5320,5112,4712,4176,3904,3569,3175
0072,2010-07-04T00:00:00Z,2664,2240,2040,1912,1856,1840,1721,2016,2616,3168,3576,3960,4480,4952,5359,5600,5960,6016,5744,5287,4736,4488,4008,3584
0072,2010-07-05T00:00:00Z,3048,2592,2304,2136,2056,2008,1904,2048,2527,3144,3896,4512,5088,5592,5960,6280,6512,6736,6600,6216,5824,5600,4816,3840
0072,2010-07-06T00:00:00Z,3128,2704,2408,2216,2160,2311,2376,2489,2671,3104,3712,4392,5081,5616,5983,6281,6640,6952,6953,6384,5815,5624,4904,3976
0072,2010-07-07T00:00:00Z,3288,2832,2512,2304,2232,2328,2384,2520,2744,3208,3952,4745,5512,6032,6280,6624,6960,7200,7136,6775,6320,6184,5456,4544
0072,2010-07-08T00:00:00Z,3799,3344,3072,2888,2800,2872,2832,2993,3264,3904,4640,5304,5880,6343,6593,6727,6960,7097,6936,6679,6360,6296,5592,4808
0072,2010-07-09T00:00:00Z,4063,3545,3256,3040,2936,2992,2976,3024,3344,3816,4264,4841,5311,5712,6032,6096,6208,6128,5824,5504,5080,5024,4536,3896
0072,2010-07-10T00:00:00Z,3367,3008,2760,2552,2503,2576,2464,2672,3104,3703,4184,4656,5128,5504,5896,6144,6432,6336,6168,5801,5352,5152,4680,3920
0072,2010-07-11T00:00:00Z,3328,2824,2585,2320,2208,2168,2016,2311,3096,3704,4160,4615,5192,5640,6040,6272,6448,6560,6384,5992,5528,5424,4704,3832
0072,2010-07-12T00:00:00Z,3192,2816,2616,2472,2472,2584,2624,2728,2856,3096,3416,3680,3912,3823,3744,3641,3624,3864,3880,3808,3872,4104,3648,3088
0072,2010-07-13T00:00:00Z,2681,2448,2263,2144,2160,2392,2513,2608,2664,2800,3128,3464,3703,4208,4816,5297,5767,5720,5104,4736,4560,4544,4008,3391
0072,2010-07-14T00:00:00Z,2936,2600,2400,2280,2287,2489,2536,2584,2864,3304,3744,4232,4584,4952,5191,5528,5944,6224,6176,5848,5360,5287,4601,3840
0072,2010-07-15T00:00:00Z,3168,2736,2479,2336,2288,2440,2448,2552,2791,3296,3864,4520,5047,5528,5784,6104,6376,6496,6536,6288,5864,5800,4992,4248
0072,2010-07-16T00:00:00Z,3536,3016,2752,2561,2527,2657,2736,2832,3072,3535,4001,4399,4841,5536,5896,5616,5256,5633,5664,5512,5376,5440,5009,4336
0072,2010-07-17T00:00:00Z,3752,3295,3024,2840,2776,2777,2632,2888,3328,3712,3857,3904,3920,3904,3584,3463,3648,3713,3672,3624,3664,3952,3680,3248
0072,2010-07-18T00:00:00Z,2911,2585,2368,2264,2208,2224,2168,2472,3304,4112,4600,4944,5536,5952,6264,6248,6232,6296,6136,5849,5584,5520,4816,4008
0072,2010-07-19T00:00:00Z,3377,2983,2712,2592,2576,2816,2863,2873,2959,3329,3688,3952,4160,4464,5024,5440,5968,6384,6368,6120,5816,5856,5136,4255
0072,2010-07-20T00:00:00Z,3593,3072,2815,2657,2544,2736,2776,2928,3192,3808,4488,5160,5681,6024,6328,6656,5839,5681,5632,5344,5112,5201,4567,3809
0072,2010-07-21T00:00:00Z,3271,2840,2648,2512,2464,2664,2801,2896,3120,3648,3992,4464,4992,5592,5968,6168,6496,6552,6344,5872,5760,5504,4880,4135
0072,2010-07-22T00:00:00Z,3536,3088,2873,2680,2616,2736,2840,2911,3161,3703,4304,4896,5360,5743,5928,6281,6535,6449,5959,5993,5568,5496,4903,4217
0072,2010-07-23T00:00:00Z,3696,3304,3056,2887,2816,2928,2976,3080,3448,4008,4672,5360,5808,6224,6439,6656,6552,6688,6728,6880,6305,6256,5688,5008
0072,2010-07-24T00:00:00Z,4416,3944,3656,3360,3216,3199,3017,3295,3896,4720,5489,6103,6648,6968,7168,7337,7584,7528,7376,6919,6617,6703,6144,5465
0072,2010-07-25T00:00:00Z,4807,4265,3919,3593,3408,3328,3120,3440,4288,5136,5768,6175,6576,6848,7128,7312,7496,7656,7352,6895,6512,6328,5552,4712
0072,2010-07-26T00:00:00Z,4024,3576,3312,3144,3048,3120,3128,3136,3464,4008,4512,5128,5504,5767,6161,6271,6449,6688,6696,6696,6376,6168,5441,4632
0072,2010-07-27T00:00:00Z,4008,3624,3352,3128,3024,3112,3120,3072,3264,3592,3992,4344,4552,4049,3751,3960,4320,4649,4872,4768,4592,4663,4145,3463
0072,2010-07-28T00:00:00Z,2984,2648,2496,2400,2424,2647,2768,2792,2896,3040,3240,3536,3840,4136,4656,5272,5928,6200,6216,5983,5753,5632,4976,4152
0072,2010-07-29T00:00:00Z,3583,3161,2911,2744,2744,2896,2928,2976,3304,3800,4416,5000,5584,5896,6176,6312,6648,6816,6848,6880,6544,6384,5640,4688
0072,2010-07-30T00:00:00Z,4008,3544,3240,2936,2840,2935,2936,2960,3144,3456,3736,4184,4464,4735,5000,5240,5503,5640,5664,5312,4664,4560,4087,3488
0072,2010-07-31T00:00:00Z,3008,2656,2416,2264,2208,2208,2192,2304,2656,2952,3160,3240,3257,3192,3064,3160,3288,3233,3175,3120,3240,3368,3096,2720
0072,2010-08-01T00:00:00Z,2424,2191,2009,1920,1912,1920,1920,2080,2537,2863,2760,2696,2792,2904,2863,2856,3128,3368,3400,3448,3584,3776,3424,2864
0072,2010-08-02T00:00:00Z,2496,2232,2071,2024,2024,2248,2424,2336,2440,2520,2664,2792,3072,3216,3360,3592,3768,4024,4248,4176,4224,4344,3792,3264
0072,2010-08-03T00:00:00Z,2777,2496,2311,2201,2208,2392,2584,2640,2648,2856,3272,3799,4248,4640,5096,5503,5888,6176,6199,6008,5912,5776,5048,4336
0072,2010-08-04T00:00:00Z,3680,3240,3000,2856,2800,3040,3168,3056,3064,3296,3968,4591,5153,5440,5904,6144,6512,6631,6704,6384,6560,6223,5448,4649
0072,2010-08-05T00:00:00Z,4063,3552,3240,3048,2936,3048,3120,3136,3449,3799,4320,4824,5441,5968,6392,6184,4912,4608,4337,4447,4680,4553,4056,3448
0072,2010-08-06T00:00:00Z,2968,2688,2552,2416,2376,2568,2681,2656,2896,3161,3568,3984,4544,5104,5472,5808,6080,6256,6112,5681,5407,5288,4752,4056
0072,2010-08-07T00:00:00Z,3496,3032,2728,2489,2335,2321,2272,2416,2897,3391,3800,4272,4712,5143,5393,5656,5880,5912,5695,5225,4855,4824,4241,3616
0072,2010-08-08T00:00:00Z,3064,2657,2376,2239,2120,2120,2008,2264,2887,3617,3880,4344,4856,5248,5544,5864,6055,6161,6055,5712,5424,5240,4552,3824
0072,2010-08-09T00:00:00Z,3248,2848,2584,2480,2408,2551,2640,2585,2856,3319,3968,4664,5248,5608,5856,5945,6312,6448,6536,6439,6104,5864,5040,4200
0072,2010-08-10T00:00:00Z,3607,3192,2928,2760,2712,2832,2897,2976,3199,3792,4409,5160,5808,6064,6184,5736,5609,6016,6096,5920,5880,5816,5096,4344
0072,2010-08-11T00:00:00Z,3727,3344,3112,2969,2935,3056,3128,3088,3304,3704,4408,5153,5839,6224,6520,6785,7032,6888,6400,5800,5225,4920,4360,3888
0072,2010-08-12T00:00:00Z,3392,2976,2800,2768,2743,2864,3024,3008,3096,3703,4280,4960,5448,5832,6224,6560,6799,6896,6040,5897,5808,5592,4888,4128
0072,2010-08-13T00:00:00Z,3520,3072,2792,2688,2632,2696,2776,2777,2992,3296,3808,4352,4944,5328,5640,6000,6295,6329,6064,5720,5623,5360,4680,4208
0072,2010-08-14T00:00:00Z,3688,3296,3079,2897,2815,2849,2760,2824,3064,3344,3576,3672,3832,3929,4312,4912,5352,5360,5200,5024,5008,5024,4424,3912
0072,2010-08-15T00:00:00Z,3408,3079,2849,2760,2688,2647,2657,2776,3376,3792,3848,3840,3936,4088,4183,4601,5248,5536,5561,5368,5320,5160,4512,3848
0072,2010-08-16T00:00:00Z,3320,3016,2816,2695,2672,2880,2984,2887,2952,3377,3847,4448,5000,5368,5672,5896,6216,6464,6472,6136,5984,5832,5008,4265
0072,2010-08-17T00:00:00Z,3552,3216,3016,2896,2801,2952,3040,3040,3185,3624,4128,4680,5304,5680,5928,5864,5671,5528,5408,5320,5488,5177,4519,3800
0072,2010-08-18T00:00:00Z,3312,3016,2816,2752,2792,2984,3256,3072,3088,3320,3800,4360,4816,5177,5664,5959,5873,5512,5288,4951,4992,4769,4303,3617
0072,2010-08-19T00:00:00Z,3144,2872,2696,2608,2584,2801,3040,3000,2896,2712,1728,1904,3360,3272,3352,3504,3640,3824,3920,3960,4255,4280,3824,3304
0072,2010-08-20T00:00:00Z,2952,2664,2504,2424,2407,2657,2863,2792,2840,3088,3480,4136,4656,4927,5304,5592,5912,5904,5664,5272,5136,4937,4303,3689
0072,2010-08-21T00:00:00Z,3151,2753,2503,2336,2296,2312,2248,2321,2808,3336,3864,4440,4960,5448,5728,5921,5935,5945,5551,5304,5384,5024,4447,3929
0072,2010-08-22T00:00:00Z,3472,3088,2808,2633,2527,2504,2552,2719,3233,3696,3736,3896,4663,5304,5801,6103,6104,6000,5784,5432,5488,5232,4472,3664
0072,2010-08-23T00:00:00Z,3040,2681,2488,2320,2304,2496,2672,2592,2696,3072,3472,3968,4504,4976,5191,5408,5696,5760,5671,5336,5304,5104,4289,3511
0072,2010-08-24T00:00:00Z,2993,2608,2400,2264,2239,2456,2632,2544,2544,2681,2815,3032,3312,3736,4121,4264,4312,4361,4344,4207,4616,4408,3680,3016
0072,2010-08-25T00:00:00Z,2537,2287,2136,2072,2136,2416,2936,2624,2400,2464,2480,2599,2720,2808,3240,3776,4303,4584,4529,4312,4504,4344,3737,3007
0072,2010-08-26T00:00:00Z,2552,2264,2112,1999,2009,2328,2760,2464,2368,2576,3000,3440,3936,4368,4663,5048,5496,5712,5536,5040,5009,4687,3936,3144
0072,2010-08-27T00:00:00Z,2640,2345,2176,2064,2080,2369,2848,2512,2465,2632,2944,3353,3760,4192,4505,4840,5208,5472,5216,4824,4696,4560,3968,3360
0072,2010-08-28T00:00:00Z,2863,2568,2360,2224,2144,2192,2200,2264,2736,3295,3800,4328,4960,5304,5688,5952,6184,6137,5784,5280,5280,4896,4296,3631
0072,2010-08-29T00:00:00Z,3089,2695,2465,2304,2208,2208,2224,2328,2992,3624,4056,4481,5047,5489,5760,5983,6161,6175,5984,5664,5640,5064,4264,3464
0072,2010-08-30T00:00:00Z,2872,2528,2344,2168,2160,2416,2816,2608,2520,2832,3392,4040,4648,5160,5464,5849,6175,6336,6224,5744,5808,5215,4296,3408
0072,2010-08-31T00:00:00Z,2792,2480,2232,2136,2080,2416,2801,2544,2416,2680,3152,3768,4344,4848,5312,5767,6089,6264,6144,5808,5848,5176,4232,3440
0072,2010-09-01T00:00:00Z,2824,2464,2256,2136,2120,2400,2832,2544,2432,2680,3104,3696,4360,4848,5296,5729,6112,6256,6128,5720,5712,5248,4368,3592
0072,2010-09-02T00:00:00Z,3017,2592,2392,2264,2263,2528,2920,2592,2480,2792,3295,3792,4424,4976,5256,5640,5800,5912,5575,5297,5472,5016,4240,3440
0072,2010-09-03T00:00:00Z,2920,2568,2384,2232,2191,2489,2976,2728,2544,2704,3120,3744,4448,4952,5335,5640,5912,5984,5712,5200,5264,4903,4352,3824
0072,2010-09-04T00:00:00Z,3328,2856,2528,2335,2256,2232,2177,2191,2568,2936,3296,3552,3775,3992,4240,4433,4639,4688,4400,3912,4008,3679,3257,2736
0072,2010-09-05T00:00:00Z,2376,2112,1951,1832,1776,1832,1855,1976,2472,2784,2752,2832,3104,3480,3784,4032,4145,4248,4104,3736,3744,3536,3103,2648
0072,2010-09-06T00:00:00Z,2272,2040,1865,1792,1776,1880,1888,1928,2208,2623,3000,3281,3672,4039,4424,4744,5040,5184,4992,4832,5016,4400,3648,2983
0072,2010-09-07T00:00:00Z,2448,2216,2064,1992,2040,2304,2784,2496,2352,2472,2896,3497,3984,4375,4704,5192,5584,5744,5672,5239,5240,4664,3936,3199
0072,2010-09-08T00:00:00Z,2729,2400,2239,2168,2176,2441,2935,2609,2472,2719,2864,3080,3079,3104,3096,3400,3960,4289,4296,4183,4376,4232,3552,2863
0072,2010-09-09T00:00:00Z,2417,2176,2008,1928,1928,2263,2696,2400,2240,2304,2431,2712,2993,3367,3761,4168,4592,4776,4504,4208,4384,3976,3336,2712
0072,2010-09-10T00:00:00Z,2280,2000,1888,1808,1856,2136,2656,2376,2208,2224,2393,2488,2704,3017,3319,3656,4160,4264,4112,3736,3816,3568,3224,2752
0072,2010-09-11T00:00:00Z,2360,2176,1992,1920,1904,2000,2095,2184,2496,2768,3008,3232,3344,3288,3247,3216,3161,3208,3200,3424,3496,3353,3064,2640
0072,2010-09-12T00:00:00Z,2328,2088,1960,1896,1889,1936,1944,2144,2680,3184,3344,3528,3816,4160,4360,4512,4656,4656,4456,4224,4416,3888,3377,2664
0072,2010-09-13T00:00:00Z,2232,1984,1856,1776,1816,2144,2592,2376,2088,2152,2320,2480,2760,3064,3432,3929,4447,4712,4576,4241,4447,4016,3328,2696
0072,2010-09-14T00:00:00Z,2264,2023,1896,1824,1865,2200,2608,2336,2176,2249,2488,2872,3392,3792,4256,4672,4944,5136,4856,4560,4783,4352,3648,2984
0072,2010-09-15T00:00:00Z,2424,2136,1984,1920,1944,2232,2688,2384,2191,2352,2657,3079,3569,4000,4440,4816,5249,5407,5160,4904,4848,4312,3689,3007
0072,2010-09-16T00:00:00Z,2472,2208,2033,1968,1999,2256,2760,2448,2264,2392,2729,3072,3544,3896,4264,4560,4712,4672,4488,4472,4768,4400,3679,3065
0072,2010-09-17T00:00:00Z,2632,2336,2224,2120,2160,2431,2904,2576,2408,2664,3040,3488,3952,4296,4552,4865,5176,5376,5064,4552,4440,4049,3559,3032
0072,2010-09-18T00:00:00Z,2592,2272,2072,2000,1951,1985,2064,2176,2488,2760,2960,3192,3584,3976,4288,4656,4865,4824,4416,4096,4176,3720,3320,2791
0072,2010-09-19T00:00:00Z,2384,2120,1927,1856,1832,1864,1912,2081,2568,3016,3048,3368,3784,4344,4888,5360,5512,5472,5232,4985,4999,4361,3592,2952
0072,2010-09-20T00:00:00Z,2488,2240,2080,2000,2024,2280,2760,2479,2328,2544,2921,3360,3792,4200,4615,5048,5512,5640,5472,5256,5312,4560,3872,3144
0072,2010-09-21T00:00:00Z,2632,2320,2144,2064,2112,2344,2808,2528,2376,2296,2456,2744,3072,3487,3944,4384,4937,5160,5088,4912,4952,4423,3704,3064
0072,2010-09-22T00:00:00Z,2633,2359,2201,2232,2335,2672,3200,2944,2768,2904,3168,3511,3936,4440,5024,5456,5784,5920,5728,5640,4608,4385,3823,3168
0072,2010-09-23T00:00:00Z,2705,2344,2176,2072,2120,2383,2897,2560,2384,2496,2880,3448,4104,4568,4992,5400,5704,5752,5489,5272,5304,4736,3976,3288
0072,2010-09-24T00:00:00Z,2736,2376,2208,2112,2144,2407,2880,2705,2512,2752,3152,3672,4280,4696,4976,5368,5616,5664,5120,4624,4416,4000,3528,3041
0072,2010-09-25T00:00:00Z,2568,2272,2072,1968,1936,2056,2112,2153,2479,2825,3288,3736,4304,4792,5120,5488,5608,5393,5200,4960,4832,4408,3881,3336
0072,2010-09-26T00:00:00Z,2896,2576,2359,2216,2104,2105,2143,2256,2753,3168,3127,3113,3184,3280,3144,3000,3041,3048,3175,3456,3536,3208,2753,2304
0072,2010-09-27T00:00:00Z,2056,1832,1776,1744,1832,2128,2584,2448,2249,2280,2304,2335,2288,2368,2376,2496,2816,3072,3328,3680,3720,3384,2936,2448
0072,2010-09-28T00:00:00Z,2200,2016,1896,1848,1928,2200,2696,2472,2136,2256,2448,2544,2688,2848,2992,3336,3600,3696,3600,3761,3912,3592,2968,2376
0072,2010-09-29T00:00:00Z,2048,1848,1752,1704,1784,2088,2608,2440,2153,2184,2224,2288,2263,2232,2192,2320,2640,2888,3088,3353,3391,3056,2736,2288
0072,2010-09-30T00:00:00Z,1984,1824,1768,1769,1831,2184,2672,2528,2311,2336,2280,2376,2432,2464,2544,2752,3080,3264,3328,3713,3943,3593,3088,2552
0072,2010-10-01T00:00:00Z,2152,1912,1832,1752,1832,2136,2656,2504,2176,2256,2288,2392,2520,2584,2729,2896,3096,3088,3024,3176,3208,3041,2743,2432
0072,2010-10-02T00:00:00Z,2120,1888,1808,1759,1808,1968,2168,2296,2664,2736,2632,2561,2488,2456,2575,2688,2825,2863,2840,3056,3184,3056,2695,2369
0072,2010-10-03T00:00:00Z,2095,1937,1855,1784,1848,1944,2088,2288,2824,3088,2897,2632,2656,2633,2536,2688,2688,2880,2864,3264,3415,3152,2784,2400
0072,2010-10-04T00:00:00Z,2064,1912,1856,1848,1880,2176,2608,2520,2472,2504,2432,2407,2345,2208,2248,2376,2528,2719,2864,3456,3584,3271,2840,2392
0072,2010-10-05T00:00:00Z,2105,1951,1889,1920,2071,2496,3080,2920,2712,2544,2448,2288,2232,2160,2144,2256,2455,2729,3024,3552,3720,3487,3048,2648
0072,2010-10-06T00:00:00Z,2344,2240,2208,2216,2440,2968,3608,3384,3016,2952,2753,2496,2311,2273,2215,2297,2479,2681,2887,3480,3641,3544,3032,2599
0072,2010-10-07T00:00:00Z,2312,2240,2200,2216,2383,2816,3496,3200,2736,2608,2376,2240,2208,2200,2192,2368,2648,2864,2935,3329,3504,3312,2880,2400
0072,2010-10-08T00:00:00Z,2088,1903,1841,1848,1999,2456,3104,2887,2696,2544,2368,2249,2328,2335,2369,2544,2712,2856,2872,3104,3136,2904,2744,2464
0072,2010-10-09T00:00:00Z,2192,2016,1944,1888,1984,2160,2456,2648,2904,3031,2808,2720,2712,2728,2864,3128,3288,3367,3192,3329,3472,3200,2839,2456
0072,2010-10-10T00:00:00Z,2200,1968,1841,1800,1824,1896,2088,2263,2784,3089,2856,2736,2863,3144,3408,3608,3728,3808,3616,3881,3784,3440,2952,2464
0072,2010-10-11T00:00:00Z,2056,1880,1768,1745,1848,2184,2680,2592,2320,2360,2408,2431,2696,2920,3161,3487,3744,3929,3744,4128,4015,3632,3024,2504
0072,2010-10-12T00:00:00Z,2119,1928,1816,1793,1903,2232,2705,2544,2296,2216,2239,2328,2585,2815,3080,3336,3576,3664,3672,4080,3864,3552,3032,2472
0072,2010-10-13T00:00:00Z,2128,1937,1831,1793,1855,2184,2712,2537,2191,2225,2232,2215,2240,2256,2216,2328,2551,2816,2984,3415,3416,3272,2815,2328
0072,2010-10-14T00:00:00Z,1992,1865,1800,1776,1840,2216,2752,2616,2328,2416,2376,2297,2232,2263,2160,2304,2520,2640,2897,3424,3472,3384,2945,2575
0072,2010-10-15T00:00:00Z,2321,2152,2160,2176,2369,2935,3593,3432,3040,2944,2753,2520,2503,2304,2225,2344,2464,2672,2864,3343,3248,3280,3104,2872
0072,2010-10-16T00:00:00Z,2624,2464,2441,2488,2592,2880,3136,3384,3713,3552,3199,2945,2815,2688,2609,2647,2720,2680,2712,3264,3281,3223,3008,2744
0072,2010-10-17T00:00:00Z,2551,2441,2472,2472,2608,2824,3065,3415,3872,3896,3328,2856,2752,2736,2729,2776,2856,2904,3072,3560,3568,3240,2864,2400
0072,2010-10-18T00:00:00Z,2128,2008,1952,2008,2136,2585,3240,3072,2752,2616,2392,2345,2272,2296,2376,2432,2752,3032,3120,3632,3616,3328,2760,2297
0072,2010-10-19T00:00:00Z,1992,1855,1824,1817,1951,2400,3056,2848,2640,2520,2273,2287,2297,2224,2280,2360,2704,2864,3175,3608,3536,3264,2776,2344
0072,2010-10-20T00:00:00Z,1992,1824,1793,1776,1848,2256,2791,2633,2359,2393,2376,2488,2448,2344,2369,2383,2616,2864,3152,3504,3592,3536,3007,2568
0072,2010-10-21T00:00:00Z,2304,2192,2136,2144,2344,2840,3568,3336,3024,2744,2496,2272,2248,2160,2129,2256,2496,2608,2800,3456,3521,3376,2888,2424
0072,2010-10-22T00:00:00Z,2152,2112,2120,2208,2440,2992,3713,3592,3280,3089,2791,2496,2369,2191,2184,2273,2440,2576,2743,3224,3360,3344,3144,2944
0072,2010-10-23T00:00:00Z,2720,2688,2680,2792,2911,3240,3545,3976,4280,4000,3456,3128,2848,2632,2672,2816,2880,2824,2928,3304,3281,3112,2880,2544
0072,2010-10-24T00:00:00Z,2304,2152,2057,2040,2071,2232,2417,2800,3272,3360,2976,2743,2729,2776,2688,2736,2776,2936,3056,3504,3439,3176,2760,2256
0072,2010-10-25T00:00:00Z,1952,1807,1721,1728,1824,2160,2767,2592,2192,2264,2215,2264,2280,2256,2192,2311,2465,2752,2992,3648,3552,3192,2712,2297
0072,2010-10-26T00:00:00Z,1968,1824,1752,1696,1800,2160,2680,2561,2239,2144,2216,2272,2248,2256,2216,2368,2664,2904,3200,3728,3648,3487,3017,2512
0072,2010-10-27T00:00:00Z,2192,1975,1889,1831,1865,2136,2728,2680,2264,2280,2376,2464,2616,2705,2536,2560,2832,3144,3648,3848,3544,3408,2928,2465
0072,2010-10-28T00:00:00Z,2160,1960,1832,1776,1816,2088,2688,2624,2232,2256,2368,2448,2464,2472,2609,2752,2936,2976,3120,3535,3440,3200,2791,2360
0072,2010-10-29T00:00:00Z,2056,1889,1824,1840,2000,2440,3128,3064,2992,2864,2696,2496,2328,2239,2240,2248,2424,2528,2816,3319,3392,3408,3272,3031
0072,2010-10-30T00:00:00Z,2897,2880,2887,3008,3176,3535,3929,4264,4608,4416,3968,3535,3209,2928,2791,2729,2824,2872,3065,3336,3439,3449,3199,2921
0072,2010-10-31T00:00:00Z,2728,2552,2520,2536,2648,2815,3089,3367,3905,3895,3281,2880,2832,2743,2777,2743,2768,2856,2872,3209,3264,3232,2872,2480
0072,2010-11-01T00:00:00Z,2272,2192,2208,2280,2496,3072,3832,3689,3391,3192,2936,2704,2657,2424,2232,2392,2640,2968,3480,4073,4056,3832,3424,3072
0072,2010-11-02T00:00:00Z,2873,2808,2824,2880,3104,3568,4208,4008,3664,3464,3295,3048,2720,2528,2440,2448,2688,3072,3656,4272,4351,4169,3823,3584
0072,2010-11-03T00:00:00Z,3384,3392,3456,3576,3703,4080,4712,4472,4072,3848,3583,3368,3224,3000,2760,2839,3000,3408,3905,4272,4152,3928,3416,2944
0072,2010-11-04T00:00:00Z,2624,2584,2456,2479,2648,3104,3600,3504,3120,3127,3176,3152,3007,2912,2864,2784,3160,3600,3968,4320,4248,4015,3696,3312
0072,2010-11-05T00:00:00Z,3041,2968,3024,3192,3528,4064,4800,4744,4368,4000,3536,3064,2760,2688,2592,2736,3056,3352,3752,4048,4169,4080,3895,3672
0072,2010-11-06T00:00:00Z,3432,3329,3343,3368,3416,3568,3816,4024,4416,4584,4409,3880,3520,3176,3000,2976,3128,3463,3968,4456,4601,4600,4528,4409
0072,2010-11-07T00:00:00Z,4248,4264,4488,4680,4937,5152,5496,6096,5968,5280,4416,3800,3552,3256,3161,3175,3360,4049,4615,4824,4937,4840,4536,4336
0072,2010-11-08T00:00:00Z,4248,4224,4344,4520,4800,5464,5960,5400,4760,4087,3440,2968,2633,2520,2304,2383,2744,3336,3912,3952,3977,3664,3408,3040
0072,2010-11-09T00:00:00Z,2808,2816,2880,2944,3161,3648,4159,3912,3344,2832,2560,2336,2224,2160,2160,2201,2383,2960,3456,3616,3560,3352,2952,2664
0072,2010-11-10T00:00:00Z,2537,2544,2640,2791,3168,3768,4529,4224,3664,3144,2632,2336,2168,2095,2112,2153,2464,2944,3488,3400,3336,3329,3040,2800
0072,2010-11-11T00:00:00Z,2624,2624,2704,2864,3216,3679,4064,4224,3864,3384,3024,2752,2568,2328,2321,2304,2560,3144,3800,3960,3952,3680,3367,3161
0072,2010-11-12T00:00:00Z,3136,3144,3312,3504,3840,4576,5256,5033,4288,3712,3120,2777,2527,2345,2263,2312,2600,3120,3616,3720,3968,4080,3936,3751
0072,2010-11-13T00:00:00Z,3752,3848,4200,4488,4711,5096,5520,5832,5544,4872,4080,3488,3064,2888,2743,2705,2856,3232,3664,3752,3960,3976,3785,3727
0072,2010-11-14T00:00:00Z,3641,3631,3696,3896,4152,4424,4816,5224,5360,4864,3912,3200,2992,2832,2712,2696,2832,3376,3800,3792,3744,3560,3144,2839
0072,2010-11-15T00:00:00Z,2664,2657,2791,2897,3247,3809,4423,4145,3727,3312,3216,3128,2880,2848,2873,3088,3512,4056,4392,4375,4217,3832,3400,2945
0072,2010-11-16T00:00:00Z,2728,2616,2600,2575,2720,3136,3785,3408,3223,3056,3024,2984,2928,2784,2776,2880,3088,3593,3736,3760,3648,3320,2832,2384
0072,2010-11-17T00:00:00Z,2248,2192,2200,2264,2512,2936,3624,3511,3008,2752,2576,2424,2312,2200,2128,2232,2648,3384,3848,4024,4160,4087,3824,3616
0072,2010-11-18T00:00:00Z,3512,3496,3608,3848,4192,4976,5575,5216,4456,4040,3504,2960,2880,2776,2704,2904,3065,3880,4544,4792,4840,4592,4184,3871
0072,2010-11-19T00:00:00Z,3665,3768,3864,4159,4544,5040,5648,5359,4760,3920,3391,2976,2705,2472,2383,2432,2752,3584,4032,4000,4136,4064,3880,3624
0072,2010-11-20T00:00:00Z,3552,3496,3528,3600,3744,3944,4304,4624,4560,4200,3760,3401,3048,2800,2776,2648,2880,3296,3511,3504,3624,3600,3528,3305
0072,2010-11-21T00:00:00Z,3328,3200,3256,3320,3511,3768,4104,4616,4944,4488,3720,3088,2960,2848,2808,2729,2872,3504,3848,3952,3984,3680,3415,3152
0072,2010-11-22T00:00:00Z,2984,2935,3041,3151,3473,4032,4704,4384,4072,3416,2864,2568,2400,2328,2191,2249,2536,3192,3680,3760,3728,3535,3120,2648
0072,2010-11-23T00:00:00Z,2368,2312,2248,2328,2504,2976,3528,3336,2944,2784,2600,2368,2201,2215,2240,2328,2728,3336,3737,3823,3720,3617,3328,2968
0072,2010-11-24T00:00:00Z,2744,2728,2760,2888,3168,3672,4240,4488,4265,3744,3271,2993,2767,2585,2664,2695,2897,3535,4064,4112,4152,4039,3776,3344
0072,2010-11-25T00:00:00Z,3088,2888,2944,3032,3208,3424,3744,4200,4760,5192,5248,5160,4504,3968,3704,3664,3552,3760,3792,3768,3641,3472,3216,2824
0072,2010-11-26T00:00:00Z,2489,2400,2311,2312,2336,2455,2568,2664,2897,3127,3281,3216,2983,2832,2840,2976,3192,3768,3952,3920,4064,4072,3808,3600
0072,2010-11-27T00:00:00Z,3512,3544,3672,3881,4144,4488,4808,4968,4992,4696,4480,4088,3768,3472,3264,3368,3640,4361,4735,4889,5016,5008,4776,4600
0072,2010-11-28T00:00:00Z,4505,4512,4576,4744,5048,5328,5752,6096,6368,5576,4704,4056,3751,3552,3392,3264,3576,4600,5168,5536,5720,5528,5256,5040
0072,2010-11-29T00:00:00Z,4968,5064,5256,5503,5777,6432,7032,6664,6000,5488,4784,4184,3936,3727,3713,3840,4312,4896,5264,5272,5104,4865,4248,3720
0072,2010-11-30T00:00:00Z,3439,3305,3223,3312,3425,3840,4399,4128,3768,3761,3696,3592,3376,3248,3152,3144,3415,4008,4200,4145,3888,3631,3041,2304
0072,2010-12-01T00:00:00Z,1591,1841,2080,1920,2016,2424,3088,3072,2952,2864,2864,2992,3104,2935,2936,3104,3792,4903,5520,5864,5984,5743,5400,4992
0072,2010-12-02T00:00:00Z,4824,4872,5048,5160,5448,5888,6480,6007,5496,5016,4640,4088,3847,3497,3168,3319,4016,4992,5432,5503,5672,5512,5009,4488
0072,2010-12-03T00:00:00Z,4224,4111,4193,4240,4504,5000,5648,5392,5040,4624,4248,3560,3272,3096,3168,3487,3960,4712,5096,5104,5176,5216,5112,4808
0072,2010-12-04T00:00:00Z,4672,4584,4576,4673,4759,5040,5376,5513,5760,5647,5264,5048,4936,5320,5496,5832,5952,6408,6464,6392,6127,6017,5632,5240
0072,2010-12-05T00:00:00Z,5008,4912,5009,5136,5256,5424,5568,5968,6440,6208,5680,5129,4960,4816,4752,4632,5208,6185,6528,6696,6679,6416,6008,5527
0072,2010-12-06T00:00:00Z,5288,5264,5232,5200,5400,5888,6655,6440,6200,5824,5296,4865,4656,4504,4472,4744,5480,6808,7400,7687,7872,7608,7008,6552
0072,2010-12-07T00:00:00Z,6432,6360,6488,6672,6872,7248,7848,7368,7039,6656,6032,5712,5248,4968,4872,5056,5744,7208,7696,7920,8112,7728,7272,6816
0072,2010-12-08T00:00:00Z,6784,6816,7016,7232,7560,8184,8872,8632,7961,6984,6079,5400,4841,4536,4792,5024,5496,6487,7008,7265,7255,6936,6512,6080
0072,2010-12-09T00:00:00Z,5959,6041,6295,6672,7241,7936,8784,8696,8184,7152,5911,5096,4568,4207,4008,4121,4728,5904,6744,7080,7231,6912,6329,5944
0072,2010-12-10T00:00:00Z,5640,5592,5752,6008,6408,6912,7456,7200,6864,6080,5352,4640,4087,4088,4192,4280,4496,5544,6208,6400,6473,6343,6096,5816
0072,2010-12-11T00:00:00Z,5672,5695,5712,5808,5897,6016,6264,6400,6632,6552,5960,5311,4688,4008,3944,4128,4480,5168,5320,5360,5256,5215,5057,4783
0072,2010-12-12T00:00:00Z,4529,4440,4368,4440,4456,4632,4880,5280,5752,6016,5552,5336,5239,5144,5024,5016,5136,5616,5815,5984,6016,5904,5616,5273
0072,2010-12-13T00:00:00Z,5184,5256,5280,5448,5743,6168,6833,6664,6504,5832,5680,5544,5568,5544,5657,5968,6384,7680,8176,8304,8336,8032,7457,7087
0072,2010-12-14T00:00:00Z,7064,7144,7368,7464,7961,8448,9127,8928,8321,7456,6600,6248,5856,5536,5432,5640,6336,7656,8368,8520,8656,8408,8208,7832
0072,2010-12-15T00:00:00Z,7704,7831,7952,8080,8312,8912,9304,9080,8560,7648,6680,6072,5448,4928,4752,4759,5264,6632,7312,7496,7471,7409,6967,6408
0072,2010-12-16T00:00:00Z,6000,5744,5664,5608,5856,6384,6720,6737,6655,6761,6847,6768,6665,6415,6392,6352,6528,7128,7208,6944,6679,6320,5824,5552
0072,2010-12-17T00:00:00Z,5368,5376,5384,5472,5688,6032,6319,6368,6400,5849,5608,5464,5160,5000,5032,5153,5383,6104,6352,6329,6288,6256,5976,5696
0072,2010-12-18T00:00:00Z,5527,5456,5440,5393,5520,5616,5896,6144,6392,6463,6353,5959,5768,5600,5527,5513,5688,6192,6439,6449,6360,6127,5976,5681
0072,2010-12-19T00:00:00Z,5496,5584,5664,5688,5800,6089,6408,6856,7400,6775,5792,5008,4736,4400,4368,4384,4944,5832,6328,6761,7072,6968,6559,6128
0072,2010-12-20T00:00:00Z,5952,5872,6089,6240,6607,7040,7704,7344,6920,6319,5616,5216,4784,4399,4296,4505,4872,6151,6809,7087,7224,7073,6672,6223
0072,2010-12-21T00:00:00Z,5808,5640,5528,5472,5608,5928,6432,6248,5760,5496,5272,5024,4840,4688,4648,4712,4880,5584,5776,5816,5968,5616,5168,4656
0072,2010-12-22T00:00:00Z,4272,4128,4048,4112,4208,4584,4896,4975,4856,4896,4552,4056,3617,3352,3240,3304,3737,4704,5280,5464,5448,5328,5072,4807
0072,2010-12-23T00:00:00Z,4601,4656,4720,4832,5160,5520,6007,6192,6096,5657,5304,4912,4664,4471,4385,4495,5040,6072,6641,6775,6896,6696,6536,6168
0072,2010-12-24T00:00:00Z,5743,5592,5633,5752,5856,6120,6632,7080,7312,6872,6160,5464,5000,4568,4488,4504,4640,5224,5536,5576,5656,5681,5496,5208
0072,2010-12-25T00:00:00Z,4807,4680,4625,4584,4615,4776,5064,5472,5936,6064,5904,5760,5633,5575,5465,5584,5808,6304,6464,6440,6504,6360,6120,5776
0072,2010-12-26T00:00:00Z,5536,5456,5520,5640,5576,5712,5887,6072,6305,6655,6584,6192,5976,5952,5968,6065,6487,7080,7344,7265,7080,6952,6504,6296
0072,2010-12-27T00:00:00Z,6007,6041,6103,6240,6480,6792,6912,7080,7073,6720,6480,6055,5648,5232,5160,5312,5695,6560,7192,7208,7160,6991,6744,6473
0072,2010-12-28T00:00:00Z,6304,6312,6424,6632,6912,7352,7728,7776,7711,6960,6080,5448,4840,4488,4200,4304,4560,5632,6192,6320,6360,6152,5896,5584
0072,2010-12-29T00:00:00Z,5424,5472,5616,5768,6016,6456,6792,6960,6728,6176,5311,4769,4399,4080,4016,4096,4544,5480,6016,6272,6271,6216,6017,5760
0072,2010-12-30T00:00:00Z,5568,5344,5344,5441,5776,6296,6487,6545,6439,6320,5920,5264,4664,4432,4408,4280,4464,5176,5696,5912,5944,5976,5712,5328
0072,2010-12-31T00:00:00Z,5064,4832,4720,4704,4744,4793,5071,5312,5408,5152,4736,4303,3888,3593,3415,3344,3552,4216,4608,4584,4544,4400,4255,4128
0072,2011-01-01T00:00:00Z,3936,3896,3800,3871,3824,3824,3751,3792,3977,4240,4432,4616,4368,4048,3968,3968,4032,4416,4248,4048,3976,3728,3424,3072
0072,2011-01-02T00:00:00Z,2753,2503,2408,2336,2320,2360,2575,2801,3304,3792,3672,3560,3792,3919,3792,3632,3672,4416,5144,5407,5640,5520,5312,5040
0072,2011-01-03T00:00:00Z,4896,4976,5160,5392,5664,6232,6977,6991,6648,5792,5192,4687,4289,3864,3535,3608,4040,5328,6240,6528,6727,6584,6216,5888
0072,2011-01-04T00:00:00Z,5887,5928,6056,6328,6456,6744,7049,6640,6216,5904,5616,4984,4328,3824,3736,3704,4024,4928,5664,5944,6008,5896,5568,5272
0072,2011-01-05T00:00:00Z,5136,5129,5119,5168,5472,6064,6744,6569,6184,5656,5384,5128,4793,4440,4264,4264,4728,5328,5832,5928,6008,5920,5408,4888
0072,2011-01-06T00:00:00Z,4577,4456,4480,4544,4752,5184,5720,5599,5304,4841,4392,3856,3632,3336,3256,3352,3936,4824,5393,5719,5856,5729,5311,4841
0072,2011-01-07T00:00:00Z,4752,4848,4984,5152,5400,5712,6032,6064,5856,5136,4625,4416,4351,4112,4152,4192,4584,5129,5536,5456,5383,5400,5136,5009
0072,2011-01-08T00:00:00Z,4888,4992,5232,5448,5672,5904,6088,6224,6535,6480,6008,5840,5688,5424,5359,5528,5960,6880,7424,7696,7696,7616,7496,7111
0072,2011-01-09T00:00:00Z,6992,7040,7159,7272,7544,7832,8167,8552,8976,8208,7232,6456,5911,5568,5480,5456,5856,6504,6919,7080,7217,6991,6600,6185
0072,2011-01-10T00:00:00Z,5863,5784,5784,5768,5952,6312,6640,6593,6256,6144,5976,6072,5912,5808,5716,5960,6280,6929,7200,7336,7104,6800,6439,6128
0072,2011-01-11T00:00:00Z,5848,5825,5848,5904,6080,6223,6401,6472,6656,6840,6799,6672,6521,6288,6336,6352,6656,7008,7303,7169,6888,6415,6017,5647
0072,2011-01-12T00:00:00Z,5664,5729,5832,5976,6223,6497,6856,7016,7048,6616,6168,5705,5424,5112,5119,5312,5720,6648,7231,7200,7241,7048,6680,6391
0072,2011-01-13T00:00:00Z,6233,6304,6264,6352,6569,7000,7264,7368,7256,6672,5808,5360,4984,4584,4464,4488,4952,5848,6688,6984,7361,7135,6648,6344
0072,2011-01-14T00:00:00Z,6248,6439,6680,6976,7337,8023,8489,8887,8592,7152,6065,5311,4848,4400,4200,4288,4760,5608,6288,6344,6472,6456,6144,5969
0072,2011-01-15T00:00:00Z,5767,5696,5712,5688,5840,5856,6112,6368,6847,6305,5695,5088,4601,4248,4024,4024,4217,4704,5248,5408,5656,5656,5448,5232
0072,2011-01-16T00:00:00Z,5153,5023,5168,5232,5384,5424,5760,6192,6792,6616,5808,5256,4904,4488,3984,3736,4088,4600,5248,5424,5672,5624,5335,5208
0072,2011-01-17T00:00:00Z,5081,5143,5465,5448,5464,5728,5969,6016,5920,5928,5705,5488,5304,5136,5072,5143,5520,6137,6424,6304,6104,5976,5760,5344
0072,2011-01-18T00:00:00Z,5192,5232,5176,5256,5448,5816,6104,5872,5936,5695,5352,5016,4656,4481,4416,4368,4615,5129,5599,5585,5448,5167,4784,4384
0072,2011-01-19T00:00:00Z,4064,3880,3840,3800,3968,4336,4960,4832,4400,4183,3713,3192,2976,2872,2704,2849,3096,3856,4680,4960,4968,4880,4656,4384
0072,2011-01-20T00:00:00Z,4328,4488,4672,4928,5232,5632,6384,6216,5969,5632,5184,4696,4304,3880,3617,3760,4136,4632,5296,5424,5360,5080,4704,4256
0072,2011-01-21T00:00:00Z,3967,3840,3968,4280,4608,5287,6104,6040,5705,5191,4817,4831,4368,3881,3727,3800,4376,5256,6127,6329,6456,6504,6280,5960
0072,2011-01-22T00:00:00Z,5791,5832,5849,5992,6040,6312,6632,6912,7160,7248,7087,6720,6240,5688,5160,4904,5176,5928,6608,6952,7056,7097,6960,6880
0072,2011-01-23T00:00:00Z,6808,6912,7040,6920,6871,6960,7200,7640,7872,7064,6096,5191,4752,4457,4279,4064,4264,4832,5712,6152,6360,6304,5984,5560
0072,2011-01-24T00:00:00Z,5432,5503,5633,5736,5968,6312,6928,6792,6432,6089,5407,4841,4440,4183,4104,4272,4680,5360,6128,6280,6336,6224,5760,5455
0072,2011-01-25T00:00:00Z,5288,5448,5616,5840,6264,6760,7464,6984,6544,6176,5440,4728,4169,3840,3751,3960,4224,4800,5249,5335,5424,5081,4744,4328
0072,2011-01-26T00:00:00Z,4024,3984,3968,4008,4240,4632,5264,5104,4992,5016,5040,5112,5056,5064,5208,5216,5512,5744,6272,6360,6175,5856,5424,5033
0072,2011-01-27T00:00:00Z,4831,4961,5136,5392,5792,6312,6760,6856,6632,5632,4920,4433,4024,3632,3336,3288,3631,4433,5400,5935,6161,6024,5800,5632
0072,2011-01-28T00:00:00Z,5417,5440,5544,5672,5647,6161,6624,6415,6096,5777,5208,4375,3929,3631,3360,3296,3632,4336,5040,5200,5441,5359,5304,5064
0072,2011-01-29T00:00:00Z,5000,5016,5144,5392,5752,6000,6336,6432,6641,5944,5120,4624,4176,3696,3360,3288,3384,3728,4272,4488,4456,4496,4447,4265
0072,2011-01-30T00:00:00Z,4159,4104,4128,4169,4159,4200,4328,4752,5296,5064,4128,3497,3168,2959,2777,2728,2840,3055,3816,3984,4040,3800,3480,3328
0072,2011-01-31T00:00:00Z,3216,3312,3416,3631,3848,4424,5119,4968,4649,4752,4776,4552,4568,4327,4337,4384,4760,5328,5848,5816,5824,5448,4944,4520
0072,2011-02-01T00:00:00Z,4192,4192,4224,4320,4568,5096,5623,5408,5104,4745,4648,4200,3896,3823,3720,3864,4121,4552,5048,5119,4976,4672,4136,3824
0072,2011-02-02T00:00:00Z,3520,3392,3319,3329,3528,3864,4416,4248,3832,3656,3607,3377,3031,2720,2496,2512,2952,3672,4544,4824,4936,4856,4672,4457
0072,2011-02-03T00:00:00Z,4327,4457,4560,4735,5096,5616,6304,6128,5704,5576,5152,4721,4399,4280,4096,4352,4696,5201,5983,6168,6080,5864,5383,4865
0072,2011-02-04T00:00:00Z,4543,4481,4480,4448,4615,5112,5688,5496,5057,4936,4912,4856,4680,4624,4616,4840,5208,5552,5992,5784,5832,5609,5344,5064
0072,2011-02-05T00:00:00Z,4872,4752,4656,4632,4816,4952,5112,5368,5712,5792,5624,5376,5088,4840,4760,4855,4872,4992,5297,5368,5344,5201,4975,4817
0072,2011-02-06T00:00:00Z,4615,4649,4704,4840,5160,5520,5896,6425,6799,6024,4896,4169,3832,3664,3473,3280,3360,3784,4409,4632,4816,4888,4856,4888
0072,2011-02-07T00:00:00Z,4712,4704,4864,5160,5424,5952,6857,6624,6000,5512,4984,4320,3744,3608,3544,3665,4048,4464,5000,5263,5312,5144,4567,4176
0072,2011-02-08T00:00:00Z,3953,3919,4040,4240,4424,4904,5640,5400,5143,4592,4296,3984,3752,3528,3352,3440,3840,4704,5680,6248,6288,6232,5832,5504
0072,2011-02-09T00:00:00Z,5407,5576,5704,5888,6176,6768,7591,7481,6607,5768,5112,5056,4848,4512,4320,4320,4904,5376,5952,6128,6016,5808,5408,4984
0072,2011-02-10T00:00:00Z,4696,4752,4808,4912,5232,5760,6216,6128,5968,5273,4872,4408,4064,3760,3464,3391,3641,4320,5472,6055,6312,6425,6208,5960
0072,2011-02-11T00:00:00Z,5959,6096,6440,6728,7135,7736,8552,8472,7456,6248,5119,4304,3768,3432,3112,3113,3127,3776,4664,5023,5328,5417,5383,5216
0072,2011-02-12T00:00:00Z,5296,5369,5560,5720,5887,6128,6384,6584,6384,5839,5129,4632,4111,3800,3520,3336,3560,3848,4504,4888,5081,5200,4936,4625
0072,2011-02-13T00:00:00Z,4423,4328,4448,4584,4807,5112,5441,5968,6296,5527,4584,3881,3528,3328,3032,2959,3056,3352,4097,4471,4488,4368,4040,3720
0072,2011-02-14T00:00:00Z,3480,3512,3511,3689,4015,4512,5264,5040,4400,3799,3264,2921,2647,2480,2392,2360,2544,2920,3552,3896,4016,3960,3679,3360
0072,2011-02-15T00:00:00Z,3185,3216,3304,3568,3864,4529,5224,5064,4440,4024,3617,3151,2888,2616,2448,2448,2656,3104,4136,4663,4896,4872,4577,4200
0072,2011-02-16T00:00:00Z,4120,4208,4327,4424,4632,5160,5896,5609,4975,4289,3720,3280,2920,2688,2537,2464,2672,3144,3871,4265,4336,4304,4024,3640
0072,2011-02-17T00:00:00Z,3504,3608,3704,3871,4217,4696,5360,5152,4456,3761,3256,2944,2729,2496,2272,2256,2504,2736,3384,3696,3703,3536,3192,2776
0072,2011-02-18T00:00:00Z,2465,2335,2256,2273,2464,2944,3569,3439,3065,2880,2592,2352,2224,2176,2081,2040,2200,2424,2872,3168,3065,2992,2672,2455
0072,2011-02-19T00:00:00Z,2216,2176,2184,2321,2575,2904,3312,3728,3928,3728,3416,3240,2976,2800,2656,2664,2801,2992,3464,3751,3761,3775,3593,3432
0072,2011-02-20T00:00:00Z,3400,3416,3487,3713,3904,4144,4464,4952,5400,5056,4121,3439,3384,3161,2863,2864,3072,3448,4025,4351,4352,4024,3632,3288
0072,2011-02-21T00:00:00Z,2984,2944,2952,3024,3256,3744,4328,4120,3656,3272,2952,2640,2448,2359,2225,2239,2393,2647,3248,3568,3473,3184,2776,2345
0072,2011-02-22T00:00:00Z,2023,1896,1944,2081,2368,2928,3816,3888,3720,3736,3593,3472,3048,2800,2648,2728,3152,3864,4744,5208,5129,4927,4560,4112
0072,2011-02-23T00:00:00Z,3936,3888,3928,4056,4232,4768,5376,5136,4704,4448,4072,3536,3176,2872,2768,2848,3016,3432,4304,4800,4832,4920,4576,4288
0072,2011-02-24T00:00:00Z,4169,4248,4272,4504,4864,5537,6088,5784,5152,4745,4440,4320,4168,4016,3943,4008,4248,4536,4976,5032,4937,4560,4056,3631
0072,2011-02-25T00:00:00Z,3360,3240,3152,3168,3248,3504,4015,3761,3439,3296,2864,2640,2424,2352,2296,2352,2480,2784,3391,3816,4016,4168,4104,4001
0072,2011-02-26T00:00:00Z,4063,4184,4264,4464,4688,5048,5359,5729,5647,5072,4320,3896,3528,3216,2928,2952,3048,3112,3624,3944,4072,4088,3936,3792
0072,2011-02-27T00:00:00Z,3624,3552,3511,3584,3664,3840,4025,4471,4760,4304,3592,3024,2768,2640,2568,2568,2832,3031,3432,3560,3464,3360,2848,2456
0072,2011-02-28T00:00:00Z,2200,2056,2048,2024,2152,2512,2993,2791,2432,2352,2248,2192,2176,2120,2040,2256,2536,2880,3353,3511,3392,3224,2776,2432
0072,2011-03-01T00:00:00Z,2248,2256,2384,2544,2944,3624,4512,4456,3833,3439,3128,2896,2633,2407,2240,2208,2488,2864,3672,4432,4553,4639,4376,4200
0072,2011-03-02T00:00:00Z,4104,4256,4408,4616,4992,5584,6200,5872,4944,4024,3353,2920,2624,2424,2248,2200,2424,2753,3376,3784,3857,3816,3544,3288
0072,2011-03-03T00:00:00Z,3064,3072,3128,3336,3752,4423,5168,5000,4183,3720,3360,3080,2832,2536,2376,2489,2800,3288,4088,4648,4872,4848,4480,4088
0072,2011-03-04T00:00:00Z,3944,3895,4025,4288,4672,5393,6031,5856,5072,4392,3744,3304,3008,2712,2568,2424,2672,3088,3536,3672,3703,3752,3520,3113
0072,2011-03-05T00:00:00Z,2944,2944,2912,2880,2976,3184,3312,3600,3680,3744,3472,3360,3176,3096,3000,2976,2952,3144,3480,3664,3512,3304,3041,2760
0072,2011-03-06T00:00:00Z,2424,2239,2129,2104,2120,2224,2400,2744,3223,3528,3344,3248,3472,3600,3568,3560,3856,4121,4600,5072,5136,5056,4728,4360
0072,2011-03-07T00:00:00Z,4241,4240,4272,4528,4872,5504,6208,5864,4904,4216,3808,3320,3024,2744,2536,2592,2960,3472,4184,4720,4816,4616,4224,3984
0072,2011-03-08T00:00:00Z,4024,4176,4440,4728,5129,5776,6392,6016,5144,4296,3991,3648,3248,2920,2688,2744,3000,3472,4176,4745,4888,4640,4264,3904
0072,2011-03-09T00:00:00Z,3552,3464,3400,3480,3593,4048,4632,4496,4240,4328,4279,4265,4072,3848,3736,3904,4320,4625,4888,5008,4865,4471,3912,3329
0072,2011-03-10T00:00:00Z,2880,2743,2609,2575,2664,3041,3552,3295,3041,2992,2976,2872,2777,2760,2664,2856,3304,3832,4097,4471,4616,4536,4160,3904
0072,2011-03-11T00:00:00Z,3824,3871,3920,3992,4152,4648,5112,4920,4344,4000,3792,3576,3360,3272,3096,3024,3168,3352,3977,4480,4720,4688,4456,4280
0072,2011-03-12T00:00:00Z,4080,4096,4200,4337,4600,4888,5144,5280,4992,4416,4000,3720,3185,2944,2776,2609,2704,2808,2992,3464,3496,3353,3072,2800
0072,2011-03-13T00:00:00Z,2600,NA,2503,2496,2592,2729,2952,3288,3744,3672,3208,2872,2801,2695,2672,2584,2585,2664,2719,3041,3552,3352,2944,2448
0072,2011-03-14T00:00:00Z,2136,2088,2072,2200,2472,3041,3799,3872,3576,3664,3656,3552,3296,3096,2752,2640,2832,3056,3504,3936,4360,4192,3864,3504
0072,2011-03-15T00:00:00Z,3185,3168,3151,3224,3440,3904,4416,4288,3896,3800,3775,3968,3800,3736,3744,3704,3799,4032,4289,4648,4984,4688,4200,3664
0072,2011-03-16T00:00:00Z,3353,3328,3232,3264,3432,3809,4368,4231,3713,3415,3032,2664,2488,2369,2352,2320,2576,2856,3160,3376,3737,3808,3536,3175
0072,2011-03-17T00:00:00Z,2969,3055,3137,3376,3688,4352,5152,5040,4553,3832,3216,2752,2448,2216,2136,2128,2273,2464,2576,2928,3544,3496,2960,2488
0072,2011-03-18T00:00:00Z,2184,2048,2048,2119,2312,2776,3512,3376,2984,2664,2352,2176,2112,2105,2136,2328,2496,2688,2712,2743,3144,3113,2839,2441
0072,2011-03-19T00:00:00Z,2095,1880,1736,1663,1680,1784,1864,2033,2392,2648,2728,2672,2623,2616,2585,2671,2760,2840,2776,2897,3288,3136,2816,2440
0072,2011-03-20T00:00:00Z,2200,2048,1976,2023,2081,2296,2520,2888,3624,3792,3552,3144,3007,2816,2784,2608,2681,2719,2897,3408,3792,3655,3128,2728
0072,2011-03-21T00:00:00Z,2336,2256,2176,2201,2344,2744,3336,3127,2744,2608,2360,2224,2201,2080,2096,2152,2384,2623,2753,3072,3607,3360,2897,2344
0072,2011-03-22T00:00:00Z,1968,1776,1720,1664,1776,2160,2752,2633,2256,2128,2104,2144,2208,2240,2320,2448,2704,2928,3056,3280,3816,3569,2944,2448
0072,2011-03-23T00:00:00Z,2040,1840,1688,1672,1760,2080,2657,2479,2249,2215,2153,2143,2144,2040,2032,2208,2537,2863,2912,3128,3336,2992,2584,2201
0072,2011-03-24T00:00:00Z,1912,1784,1728,1728,1896,2359,3000,2873,2496,2440,2288,2232,2160,2112,2224,2304,2472,2896,3185,3511,4025,3976,3584,3247
0072,2011-03-25T00:00:00Z,2993,2976,3007,3200,3528,4128,5040,5096,4600,3872,3352,3032,2784,2520,2400,2320,2592,2792,2872,3240,3632,3592,3472,3233
0072,2011-03-26T00:00:00Z,2952,2839,2825,2880,2944,3064,3401,3672,4120,4376,4336,4392,4160,3967,3848,3952,4145,4312,4296,4544,4680,4720,4408,4112
0072,2011-03-27T00:00:00Z,3840,3712,3744,3768,3809,3976,4288,4736,5328,5624,5280,5088,4960,5048,4912,4832,4776,4704,4663,4944,5328,5033,4519,4136
0072,2011-03-28T00:00:00Z,3920,3864,3912,3928,4120,4560,5256,5384,5048,5128,4976,4663,4488,4128,3809,3664,3848,4048,3984,4456,5168,5184,4784,4488
0072,2011-03-29T00:00:00Z,4344,4375,4616,4720,5144,5648,6319,6065,5359,4728,3905,3288,2983,2664,2408,2432,2527,2657,2839,3209,3919,3953,3544,3248
0072,2011-03-30T00:00:00Z,3103,3080,3056,3079,3305,3768,4327,4280,3928,3920,4032,3896,4063,4001,3984,4072,4392,4672,4769,4864,5072,4879,4529,4080
0072,2011-03-31T00:00:00Z,3808,3688,3672,3608,3896,4248,4807,4616,4224,4248,4176,4000,3857,3607,3504,3528,3720,3977,4183,4481,4711,4464,4025,3607
0072,2011-04-01T00:00:00Z,3296,3240,3328,3608,3896,4536,5184,5191,4680,4200,3792,3512,3232,3024,2921,2968,3056,3144,3400,3632,4351,4529,4375,4088
0072,2011-04-02T00:00:00Z,3968,3871,3744,3704,3920,4144,4512,4768,4721,4144,3784,3488,3400,3144,3113,2935,3017,3072,3064,3248,3871,3968,3736,3512
0072,2011-04-03T00:00:00Z,3472,3480,3608,3792,4080,4392,4768,5369,5416,4720,3656,3088,2897,2704,2520,2488,2609,2632,2672,2935,3528,3360,2952,2537
0072,2011-04-04T00:00:00Z,2119,1976,1968,1936,2144,2512,3144,2912,2520,2360,2263,2192,2192,2160,2200,2352,2704,2888,3032,3192,3703,3608,3120,2536
0072,2011-04-05T00:00:00Z,2129,1944,1816,1712,1735,1985,2584,2408,2256,2232,2311,2369,2280,2152,2216,2239,2496,2760,3168,3296,3944,3871,3464,3192
0072,2011-04-06T00:00:00Z,3064,3072,3216,3425,3856,4616,5400,5232,4432,3632,3064,2720,2496,2320,2224,2304,2400,2592,2720,2856,3544,3464,3000,2600
0072,2011-04-07T00:00:00Z,2263,2184,2201,2296,2536,3104,3808,3552,3048,2633,2392,2240,2064,2023,2096,2240,2472,2688,2832,2887,3497,3463,2928,2328
0072,2011-04-08T00:00:00Z,1985,1800,1728,1752,1888,2288,2952,2832,2647,2489,2287,2192,2152,2105,2167,2273,2472,2656,2752,2705,3136,2816,2728,2376
0072,2011-04-09T00:00:00Z,1992,1864,1776,1752,1817,2008,2240,2424,2887,3248,3424,3336,3312,3152,3144,3152,3384,3456,3535,3632,3792,3640,3360,3041
0072,2011-04-10T00:00:00Z,2688,2488,2456,2431,2480,2560,2657,3016,3592,3728,3464,3112,2968,2840,2600,2592,2680,2864,2832,3048,3648,3535,3024,2424
0072,2011-04-11T00:00:00Z,2033,1848,1735,1728,1824,2120,2616,2496,2216,2167,2232,2336,2416,2537,2656,2760,3096,3488,3600,3583,4001,3952,3368,2704
0072,2011-04-12T00:00:00Z,2280,2040,1896,1840,1944,2184,2672,2456,2256,2239,2321,2256,2376,2400,2344,2472,2616,2784,2896,3017,3376,3272,2824,2312
0072,2011-04-13T00:00:00Z,2008,1832,1831,1896,2088,2600,3160,3152,2752,2552,2352,2136,2160,2136,2128,2216,2496,2712,2808,2768,3376,3304,2945,2400
0072,2011-04-14T00:00:00Z,2080,1992,2000,2104,2392,2897,3576,3520,2992,2640,2456,2304,2288,2208,2143,2264,2520,2728,2784,2864,3416,3472,2888,2376
0072,2011-04-15T00:00:00Z,2032,1832,1840,1880,2047,2520,3152,3192,2800,2585,2352,2256,2191,2129,2184,2256,2488,2544,2552,2632,2984,3024,2712,2368
0072,2011-04-16T00:00:00Z,2048,1840,1768,1728,1784,1872,2024,2119,2448,2753,2880,3064,3088,2888,2760,2832,2816,2815,2753,2832,3136,3104,2815,2513
0072,2011-04-17T00:00:00Z,2224,2088,2096,2071,2160,2328,2513,3016,3424,3528,2952,2576,2584,2633,2544,2520,2544,2736,2743,2784,3281,3247,2753,2335
0072,2011-04-18T00:00:00Z,2081,1951,1856,1872,2032,2369,2688,2664,2616,2464,2360,2352,2280,2296,2416,2576,2744,2911,2912,2896,3384,3329,2815,2424
0072,2011-04-19T00:00:00Z,1976,1776,1712,1680,1776,1992,2304,2287,2184,2225,2296,2248,2345,2464,2608,2777,3096,3295,3305,3223,3600,3672,3168,2585
0072,2011-04-20T00:00:00Z,2184,1984,1776,1744,1776,2016,2208,2280,2264,2384,2496,2575,2681,2632,2768,2935,3224,3592,3536,3448,3737,3672,3184,2648
0072,2011-04-21T00:00:00Z,2152,1912,1800,1728,1760,1984,2201,2176,2200,2225,2272,2296,2256,2304,2400,2448,2648,2792,2904,2784,3127,3209,2776,2352
0072,2011-04-22T00:00:00Z,1992,1832,1735,1704,1760,1912,2072,2304,2496,2776,2849,2839,2840,2808,2728,2864,3192,3304,3368,3400,3665,3528,3264,2952
0072,2011-04-23T00:00:00Z,2647,2472,2360,2344,2369,2448,2527,2736,3089,3312,3120,3016,3024,2736,2552,2568,2704,2704,2681,2760,3160,3320,3031,2585
0072,2011-04-24T00:00:00Z,2200,1944,1816,1784,1776,1912,1937,2263,2801,3088,2976,2864,3048,3264,3456,3679,3872,3912,3936,3744,4128,4104,3424,2760
0072,2011-04-25T00:00:00Z,2273,1960,1824,1728,1816,2040,2376,2280,2201,2280,2503,2681,3024,3232,3448,3689,3895,3984,4025,3880,4112,4152,3384,2688
0072,2011-04-26T00:00:00Z,2239,2024,1856,1824,1855,2184,2624,2472,2264,2407,2465,2640,2887,3113,3408,3568,3888,3968,3856,3712,4016,3920,3336,2680
0072,2011-04-27T00:00:00Z,2320,2112,1961,1896,1951,2249,2719,2513,2376,2416,2504,2760,3007,3137,3040,3312,3688,3984,3761,3487,3888,3864,3528,2856
0072,2011-04-28T00:00:00Z,2441,2256,2136,2056,2112,2304,2720,2608,2368,2369,2536,2728,2801,2863,2897,3120,3400,3616,3545,3448,3632,3672,3096,2448
0072,2011-04-29T00:00:00Z,1999,1793,1687,1649,1759,2136,2561,2496,2287,2184,2153,2200,2144,2176,2288,2455,2705,2896,2856,2712,2936,3072,2815,2321
0072,2011-04-30T00:00:00Z,2040,1840,1744,1736,1808,1951,2024,2328,2528,2671,2616,2585,2632,2752,2840,3040,3272,3336,3272,3096,3151,3216,2921,2479
0072,2011-05-01T00:00:00Z,2096,1888,1745,1711,1728,1808,1824,2232,2752,2897,2856,2712,2608,2584,2417,2527,2616,2888,2944,2984,3376,3464,2904,2400
0072,2011-05-02T00:00:00Z,1992,1792,1721,1639,1745,2071,2472,2345,2128,2144,2200,2320,2544,2720,2912,3184,3632,3871,3920,3680,3888,3871,3257,2632
0072,2011-05-03T00:00:00Z,2104,1880,1736,1687,1808,2056,2480,2456,2239,2184,2192,2304,2408,2496,2784,3064,3464,3736,3760,3593,3895,3569,3072,2440
0072,2011-05-04T00:00:00Z,1992,1848,1696,1673,1744,2064,2552,2472,2287,2201,2239,2216,2152,2105,2112,2200,2384,2671,2784,2921,3295,3440,3008,2536
0072,2011-05-05T00:00:00Z,2296,2168,2136,2168,2424,2992,3600,3408,2984,2712,2503,2312,2192,2032,2032,2168,2384,2623,2657,2736,3184,3448,2945,2479
0072,2011-05-06T00:00:00Z,2153,2047,2009,2032,2224,2801,3352,3312,2832,2592,2368,2249,2143,2112,2105,2232,2376,2512,2488,2520,2840,3128,2767,2424
0072,2011-05-07T00:00:00Z,2160,2033,1960,1968,2088,2368,2528,2848,3056,2984,2728,2672,2647,2576,2672,2784,2767,2744,2664,2696,2904,3103,2880,2441
0072,2011-05-08T00:00:00Z,2160,1903,1808,1704,1704,1752,1840,2201,2776,3040,2912,2584,2576,2648,2688,2832,2976,3024,3007,3008,3344,3424,2992,2408
0072,2011-05-09T00:00:00Z,1968,1776,1688,1663,1808,2168,2560,2512,2249,2167,2256,2465,2544,2544,2736,3024,3400,3728,3688,3664,3768,3776,3136,2504
0072,2011-05-10T00:00:00Z,2040,1792,1688,1664,1744,2072,2359,2393,2040,2064,2200,2248,2448,2624,2856,3232,3600,3704,3544,3545,3832,3744,3000,2424
0072,2011-05-11T00:00:00Z,2056,1824,1728,1688,1736,2040,2440,2352,2096,2104,2112,2168,2263,2328,2441,2632,3088,3360,3504,3504,3744,3881,3319,2640
0072,2011-05-12T00:00:00Z,2144,1952,1840,1792,1872,2105,2575,2496,2144,2056,2144,2240,2248,2224,2184,2288,2528,2719,2808,3048,3248,3352,2993,2416
0072,2011-05-13T00:00:00Z,2016,1792,1736,1680,1768,2016,2417,2383,2160,2216,2272,2264,2304,2384,2488,2664,2792,2911,2993,3000,3216,3295,3024,2592
0072,2011-05-14T00:00:00Z,2240,2008,1865,1800,1776,1864,1856,2104,2432,2688,2824,2968,3017,3079,3032,3000,3048,3280,3272,3104,3280,3424,3096,2640
0072,2011-05-15T00:00:00Z,2273,1968,1807,1704,1697,1768,1688,2032,2544,2896,2849,2863,3128,3400,3560,3576,3472,3432,3504,3449,3576,3511,3056,2544
0072,2011-05-16T00:00:00Z,2008,1793,1711,1688,1760,2008,2416,2336,2152,2129,2167,2177,2335,2376,2456,2536,2993,3232,3296,3391,3416,3288,2904,2320
0072,2011-05-17T00:00:00Z,1968,1832,1744,1712,1752,2080,2544,2472,2184,2136,2336,2288,2320,2280,2264,2400,2592,2815,2936,3072,3264,3280,2880,2345
0072,2011-05-18T00:00:00Z,1936,1760,1704,1696,1832,2167,2528,2464,2208,2177,2143,2192,2208,2208,2192,2352,2551,2792,2784,2912,3127,3272,2880,2312
0072,2011-05-19T00:00:00Z,1975,1841,1728,1720,1816,2153,2551,2456,2248,2144,2144,2152,2120,2232,2344,2560,2816,2984,3000,3000,3232,3504,3000,2384
0072,2011-05-20T00:00:00Z,1999,1832,1688,1680,1759,2112,2489,2400,2208,2184,2191,2304,2480,2568,2680,2897,3136,3368,3376,3208,3192,3360,3000,2504
0072,2011-05-21T00:00:00Z,2144,1888,1768,1673,1663,1800,1745,2023,2376,2616,2840,3048,3352,3641,3871,4169,4416,4384,4112,3792,3679,3696,3353,2880
0072,2011-05-22T00:00:00Z,2383,2033,1888,1768,1728,1728,1680,2040,2513,2944,3128,3328,3824,4303,4616,4928,5167,5336,5208,5056,5000,4912,4169,3136
0072,2011-05-23T00:00:00Z,2512,2208,2033,1927,1968,2177,2512,2464,2256,2393,2488,2648,2872,3072,3376,3857,4303,4352,4232,4168,4224,4232,3583,2849
0072,2011-05-24T00:00:00Z,2344,2056,1904,1840,1872,2136,2520,2480,2360,2551,3017,3496,3856,3617,3463,3840,4385,4392,4456,4288,3560,3696,3232,2624
0072,2011-05-25T00:00:00Z,2200,1944,1848,1776,1841,2080,2448,2416,2304,2472,2760,3113,3679,3977,4360,4720,5153,5424,5424,5119,4848,4760,4088,3360
0072,2011-05-26T00:00:00Z,2743,2376,2160,2105,2152,2344,2720,2688,2616,2864,3280,3680,4048,4288,4512,4841,5191,5369,5239,4920,4928,4968,4352,3552
0072,2011-05-27T00:00:00Z,2575,2184,2144,2016,1984,2184,2472,2489,2416,2528,2743,3032,3360,3584,3151,2033,2056,2112,2104,2024,2776,3240,2897,2520
0072,2011-05-28T00:00:00Z,2191,1904,1792,1728,1728,1769,1800,1992,2448,2664,2935,3137,3504,3720,4135,4448,4760,4912,4704,4272,4136,4183,3744,3104
0072,2011-05-29T00:00:00Z,2584,2297,2080,1968,1936,1968,1880,2176,2825,3247,3185,3504,3952,4448,4776,5023,5081,5248,5200,5057,4776,4848,4240,3592
0072,2011-05-30T00:00:00Z,2928,2592,2304,2160,2088,2105,1975,2273,2856,3583,4256,4912,5448,5784,5993,6192,6504,6535,6377,6103,5952,5784,4889,3880
0072,2011-05-31T00:00:00Z,3168,2744,2472,2304,2287,2417,2743,2849,2776,3192,3688,4320,4904,5304,5624,5944,6296,6432,6415,6137,5872,5848,4976,4008
0072,2011-06-01T00:00:00Z,3320,2872,2608,2472,2448,2609,2904,2904,2959,3440,4048,4649,5224,5616,5832,6080,6376,6568,6593,6520,6360,6064,5288,4344
0072,2011-06-02T00:00:00Z,3656,3175,2825,2608,2496,2600,2784,2815,2856,3224,3632,4087,4520,4824,5032,5369,5688,5808,5640,5248,5256,5040,4392,3528
0072,2011-06-03T00:00:00Z,2888,2520,2280,2128,2112,2288,2599,2544,2537,2767,3041,3360,3600,3888,4159,4457,4864,4960,4793,4351,4001,4063,3569,3031
0072,2011-06-04T00:00:00Z,2585,2215,2033,1896,1855,1904,1832,2112,2520,2920,3240,3584,3960,4368,4840,5224,5537,5656,5480,5112,4776,4735,4256,3560
0072,2011-06-05T00:00:00Z,3031,2616,2360,2192,2095,2168,2120,2503,3096,3672,4112,4496,4975,5345,5520,5688,5887,6072,5864,5496,5288,5344,4496,3640
0072,2011-06-06T00:00:00Z,3080,2664,2400,2248,2264,2464,2744,2743,2801,3136,3624,4144,4592,4928,5119,5417,5728,5880,5840,5479,5304,5273,4416,3511
0072,2011-06-07T00:00:00Z,2888,2528,2287,2136,2088,2297,2488,2576,2560,2840,3312,3832,4416,4888,5297,5599,5832,5880,5696,5592,5368,5033,4327,3464
0072,2011-06-08T00:00:00Z,2912,2527,2273,2184,2191,2393,2568,2647,2624,3008,3688,4368,4888,5417,5791,6096,6336,6536,6616,6416,5888,5839,5081,4159
0072,2011-06-09T00:00:00Z,3456,2993,2712,2536,2480,2599,2873,2944,3000,3496,4088,4832,5496,5904,5880,5784,5944,5696,5416,5304,5088,5128,4416,3593
0072,2011-06-10T00:00:00Z,2935,2576,2312,2160,2167,2384,2632,2672,2784,3224,3703,4296,4745,5272,5704,6008,6360,6472,6216,5720,4744,4248,3936,3440
0072,2011-06-11T00:00:00Z,2968,2537,2320,2152,2112,2120,2144,2503,3000,3632,4080,4608,5112,5728,6096,6480,5904,4481,4200,3904,3888,4048,3689,3184
0072,2011-06-12T00:00:00Z,2720,2392,2136,2048,2008,1976,1992,2479,3048,3209,4056,4416,4855,5225,5584,5368,4544,4328,4272,4264,4160,4207,3737,3103
0072,2011-06-13T00:00:00Z,2561,2320,2128,2057,2071,2216,2312,2376,2544,2983,3408,3752,3992,4216,4528,4889,5215,5472,5472,5024,4576,4592,3952,3224
0072,2011-06-14T00:00:00Z,2632,2240,2056,1889,1912,2024,2119,2225,2215,2376,2688,3048,3320,3528,3808,4145,4519,4529,4384,4224,3936,4016,3472,2760
0072,2011-06-15T00:00:00Z,2256,1960,1832,1776,1816,1961,2071,2153,2176,2344,2513,2856,3079,3329,3592,3752,4120,4264,4032,3833,3736,3864,3376,2784
0072,2011-06-16T00:00:00Z,2345,2112,1927,1872,1889,2040,2136,2287,2297,2400,2760,3175,3552,3929,4288,4624,4913,5071,5048,4840,4488,4568,4040,3280
0072,2011-06-17T00:00:00Z,2688,2312,2088,1975,1961,2040,2176,2272,2448,2777,2992,3344,3720,3936,4111,4505,4984,5336,5167,4793,4384,4360,3912,3329
0072,2011-06-18T00:00:00Z,2680,2352,2120,2023,1961,1984,1984,2280,2688,3209,3799,4337,4888,5296,5528,5528,5712,4927,4313,3943,3792,3920,3528,3048
0072,2011-06-19T00:00:00Z,2672,2311,2177,2071,2000,1984,1937,2359,3128,3744,3736,3689,4087,4520,4880,4584,4632,4999,4865,3943,3800,4304,4176,3384
0072,2011-06-20T00:00:00Z,2784,2440,2288,2167,2153,2263,2352,2496,2744,3272,3751,4344,4824,4944,4136,4688,4711,4961,5023,4961,4912,4752,4040,3343
0072,2011-06-21T00:00:00Z,2736,2417,2248,2136,2120,2263,2376,2448,2513,2872,3496,4088,4696,5280,5705,6048,6240,6144,6112,5560,4808,4800,4184,3496
0072,2011-06-22T00:00:00Z,2912,2568,2344,2272,2280,2400,2465,2551,2600,2752,3080,3648,4272,4720,5136,5465,5767,6056,5912,5680,5288,5272,4680,3968
0072,2011-06-23T00:00:00Z,3367,2912,2640,2512,2472,2552,2616,2800,2753,2944,3056,3168,3240,3376,3592,3752,4024,4313,4279,4145,4096,4312,3848,3216
0072,2011-06-24T00:00:00Z,2712,2416,2240,2128,2177,2320,2456,2623,2936,3352,3800,4304,4639,4904,5120,5359,5712,5888,5736,5312,4759,4664,4152,3520
0072,2011-06-25T00:00:00Z,2960,2520,2232,2072,2032,2024,1975,2280,2681,3007,3384,3704,4072,4424,4648,4817,5128,5296,5088,4721,4351,4304,3904,3353
0072,2011-06-26T00:00:00Z,2848,2456,2200,2024,1944,1888,1824,2184,2760,3328,3641,3808,4144,4481,4831,4889,4960,5080,5016,4968,4760,4736,4152,3400
0072,2011-06-27T00:00:00Z,2848,2504,2312,2208,2184,2248,2392,2456,2584,3072,3504,4097,4608,4920,5352,5695,6056,6328,6392,6040,5712,5360,4536,3736
0072,2011-06-28T00:00:00Z,3120,2760,2489,2335,2273,2407,2528,2712,2968,3408,4025,4672,5296,5648,5960,6288,6496,6408,5840,5280,5167,4649,4096,3528
0072,2011-06-29T00:00:00Z,3000,2648,2455,2336,2352,2464,2552,2640,2672,3160,3760,4256,4504,4793,5064,5368,5680,5856,5760,5369,4879,4793,4183,3296
0072,2011-06-30T00:00:00Z,2640,2296,2064,1952,1992,2072,2200,2264,2359,2712,3128,3504,3928,4313,4624,5080,5273,5496,5440,5080,4649,4648,4040,3256
